{"type":"FeatureCollection","features":[{"type":"Feature","properties":{"ENGNAME":"Fraser"},"geometry":{"type":"Polygon","coordinates":[[[-122.583,50.124],[-122.574,50.124],[-122.258,50.123],[-122.26,50.123],[-122.243,50.126],[-122.226,50.126],[-122.217,50.114],[-122.209,50.11],[-122.18,50.11],[-122.157,50.115],[-122.147,50.11],[-122.132,50.112],[-122.118,50.107],[-122.1,50.125],[-122.086,50.121],[-122.072,50.127],[-122.059,50.11],[-122.025,50.086],[-122.007,50.088],[-121.983,50.08],[-121.968,50.082],[-121.956,50.091],[-121.951,50.079],[-121.921,50.072],[-121.91,50.053],[-121.896,50.05],[-121.872,50.051],[-121.85,50.062],[-121.851,50.076],[-121.789,50.088],[-121.769,50.089],[-121.757,50.093],[-121.724,50.087],[-121.71,50.083],[-121.704,50.075],[-121.664,50.081],[-121.656,50.074],[-121.664,50.065],[-121.646,50.06],[-121.629,50.05],[-121.621,50.052],[-121.551,50.052],[-121.532,50.024],[-121.529,50.012],[-121.516,49.997],[-121.512,49.98],[-121.503,49.961],[-121.49,49.948],[-121.498,49.94],[-121.487,49.927],[-121.461,49.921],[-121.431,49.919],[-121.411,49.924],[-121.38,49.926],[-121.364,49.915],[-121.339,49.903],[-121.321,49.9],[-121.306,49.885],[-121.298,49.884],[-121.29,49.874],[-121.267,49.871],[-121.258,49.878],[-121.24,49.88],[-121.229,49.884],[-121.218,49.895],[-121.203,49.893],[-121.177,49.882],[-121.157,49.89],[-121.146,49.889],[-121.127,49.865],[-121.105,49.868],[-121.097,49.872],[-121.09,49.857],[-121.116,49.845],[-121.1,49.838],[-121.103,49.831],[-121.116,49.827],[-121.128,49.817],[-121.147,49.823],[-121.172,49.823],[-121.184,49.819],[-121.187,49.799],[-121.204,49.79],[-121.212,49.78],[-121.211,49.769],[-121.193,49.75],[-121.193,49.739],[-121.188,49.727],[-121.157,49.717],[-121.15,49.704],[-121.134,49.694],[-121.135,49.69],[-121.121,49.678],[-121.133,49.667],[-121.148,49.662],[-121.154,49.656],[-121.17,49.649],[-121.169,49.636],[-121.156,49.617],[-121.135,49.623],[-121.126,49.619],[-121.12,49.61],[-121.099,49.625],[-121.089,49.627],[-121.066,49.625],[-121.044,49.634],[-121.035,49.634],[-121.006,49.65],[-120.983,49.648],[-120.969,49.628],[-120.96,49.619],[-120.96,49.613],[-120.97,49.607],[-120.977,49.611],[-120.991,49.607],[-120.99,49.599],[-121.012,49.595],[-121.041,49.583],[-121.034,49.559],[-121.036,49.549],[-121.049,49.543],[-121.046,49.531],[-121.051,49.526],[-121.068,49.525],[-121.078,49.52],[-121.08,49.513],[-121.072,49.504],[-121.074,49.496],[-121.063,49.489],[-121.055,49.475],[-121.079,49.472],[-121.079,49.457],[-121.086,49.452],[-121.09,49.441],[-121.099,49.441],[-121.099,49.353],[-121.094,49.343],[-121.08,49.328],[-121.056,49.334],[-121.042,49.33],[-121.041,49.318],[-121.029,49.306],[-121.009,49.306],[-120.993,49.297],[-121,49.277],[-120.976,49.272],[-120.957,49.278],[-120.945,49.271],[-120.934,49.276],[-120.918,49.301],[-120.909,49.303],[-120.897,49.311],[-120.872,49.305],[-120.858,49.296],[-120.845,49.303],[-120.834,49.297],[-120.814,49.293],[-120.823,49.275],[-120.818,49.268],[-120.818,49.25],[-120.84,49.252],[-120.849,49.244],[-120.846,49.238],[-120.848,49.22],[-120.856,49.219],[-120.859,49.209],[-120.872,49.205],[-120.891,49.21],[-120.891,49.196],[-120.897,49.191],[-120.881,49.178],[-120.897,49.171],[-120.878,49.158],[-120.863,49.144],[-120.856,49.133],[-120.865,49.12],[-120.874,49.114],[-120.887,49.116],[-120.896,49.113],[-120.914,49.119],[-120.924,49.117],[-120.929,49.109],[-120.943,49.105],[-120.966,49.104],[-120.966,49.098],[-120.949,49.089],[-120.921,49.086],[-120.915,49.08],[-120.894,49.078],[-120.882,49.063],[-120.882,49.05],[-120.862,49.049],[-120.848,49.041],[-120.846,49.033],[-120.852,49.024],[-120.848,49],[-121,49],[-121.273,49],[-121.5,49],[-121.75,49],[-121.996,49],[-122.117,49.002],[-122.459,49.002],[-122.758,49.002],[-122.771,49.01],[-122.816,49.024],[-122.826,49.025],[-122.867,49.024],[-122.874,49.028],[-122.885,49.045],[-122.888,49.057],[-122.875,49.056],[-122.861,49.063],[-122.853,49.083],[-122.876,49.091],[-122.891,49.091],[-122.909,49.085],[-122.946,49.074],[-123.008,49.063],[-123.046,49.047],[-123.057,49.027],[-123.04,49.018],[-123.035,49.002],[-123.091,49.002],[-123.102,49.026],[-123.099,49.035],[-123.107,49.038],[-123.112,49.048],[-123.123,49.05],[-123.15,49.03],[-123.157,49.024],[-123.158,49.014],[-123.172,49.019],[-123.124,49.051],[-123.158,49.064],[-123.157,49.073],[-123.179,49.083],[-123.189,49.102],[-123.191,49.117],[-123.181,49.115],[-123.13,49.088],[-123.109,49.087],[-123.102,49.09],[-123.087,49.112],[-123.086,49.118],[-123.054,49.133],[-123.034,49.147],[-122.989,49.156],[-122.984,49.163],[-122.966,49.168],[-122.957,49.175],[-122.957,49.19],[-122.97,49.182],[-122.987,49.183],[-123.005,49.193],[-123.023,49.2],[-123.024,49.222],[-123.024,49.223],[-123.023,49.232],[-123.023,49.234],[-123.023,49.276],[-123.023,49.293],[-123,49.291],[-122.989,49.295],[-122.966,49.288],[-122.929,49.292],[-122.918,49.289],[-122.874,49.292],[-122.858,49.281],[-122.845,49.28],[-122.844,49.289],[-122.871,49.302],[-122.884,49.301],[-122.895,49.297],[-122.919,49.293],[-122.929,49.304],[-122.927,49.322],[-122.918,49.328],[-122.909,49.321],[-122.887,49.336],[-122.889,49.35],[-122.875,49.365],[-122.874,49.372],[-122.863,49.384],[-122.87,49.39],[-122.869,49.4],[-122.86,49.406],[-122.854,49.436],[-122.863,49.45],[-122.883,49.471],[-122.884,49.488],[-122.892,49.492],[-122.893,49.501],[-122.903,49.51],[-122.897,49.516],[-122.912,49.542],[-122.922,49.553],[-122.939,49.565],[-122.94,49.57],[-122.804,49.57],[-122.83,49.591],[-122.825,49.596],[-122.847,49.607],[-122.846,49.614],[-122.821,49.612],[-122.804,49.622],[-122.819,49.629],[-122.825,49.641],[-122.821,49.646],[-122.831,49.658],[-122.853,49.666],[-122.841,49.679],[-122.812,49.691],[-122.815,49.697],[-122.806,49.709],[-122.823,49.715],[-122.829,49.728],[-122.852,49.744],[-122.844,49.747],[-122.859,49.759],[-122.859,49.769],[-122.851,49.775],[-122.87,49.787],[-122.874,49.815],[-122.871,49.823],[-122.881,49.827],[-122.901,49.823],[-122.916,49.831],[-122.937,49.83],[-122.954,49.834],[-122.976,49.836],[-122.99,49.833],[-123.008,49.842],[-123.006,49.85],[-122.989,49.867],[-122.989,49.883],[-122.977,49.88],[-122.968,49.885],[-122.964,49.899],[-122.952,49.902],[-122.95,49.908],[-122.93,49.917],[-122.908,49.91],[-122.901,49.897],[-122.882,49.894],[-122.864,49.906],[-122.856,49.919],[-122.814,49.916],[-122.802,49.918],[-122.792,49.931],[-122.775,49.929],[-122.768,49.938],[-122.769,49.945],[-122.755,49.945],[-122.73,49.954],[-122.714,49.95],[-122.707,49.961],[-122.673,49.98],[-122.686,49.995],[-122.688,50.003],[-122.68,50.009],[-122.682,50.024],[-122.705,50.02],[-122.72,50.024],[-122.742,50.017],[-122.764,50.024],[-122.764,50.034],[-122.792,50.041],[-122.786,50.049],[-122.8,50.057],[-122.801,50.074],[-122.805,50.094],[-122.799,50.095],[-122.783,50.116],[-122.783,50.123],[-122.795,50.134],[-122.79,50.141],[-122.767,50.14],[-122.76,50.137],[-122.743,50.14],[-122.743,50.146],[-122.718,50.148],[-122.689,50.144],[-122.667,50.148],[-122.657,50.132],[-122.639,50.124],[-122.583,50.124]]]}},{"type":"Feature","properties":{"ENGNAME":"Interior"},"geometry":{"type":"Polygon","coordinates":[[[-119.666,52.699],[-119.664,52.7],[-119.617,52.705],[-119.613,52.7],[-119.618,52.69],[-119.603,52.67],[-119.579,52.656],[-119.571,52.656],[-119.552,52.664],[-119.543,52.661],[-119.529,52.629],[-119.503,52.633],[-119.473,52.648],[-119.46,52.65],[-119.443,52.637],[-119.427,52.636],[-119.416,52.647],[-119.396,52.651],[-119.385,52.65],[-119.37,52.656],[-119.364,52.648],[-119.367,52.622],[-119.376,52.613],[-119.366,52.603],[-119.354,52.586],[-119.327,52.595],[-119.308,52.596],[-119.293,52.603],[-119.276,52.597],[-119.248,52.598],[-119.226,52.605],[-119.213,52.604],[-119.2,52.598],[-119.195,52.607],[-119.188,52.629],[-119.183,52.633],[-119.054,52.633],[-119.055,52.625],[-119.047,52.62],[-119.039,52.607],[-119.04,52.598],[-119.019,52.592],[-119.007,52.601],[-118.999,52.599],[-118.995,52.587],[-118.96,52.576],[-118.95,52.578],[-118.927,52.568],[-118.936,52.558],[-118.936,52.546],[-118.916,52.538],[-118.907,52.519],[-118.911,52.506],[-118.906,52.498],[-118.89,52.492],[-118.887,52.475],[-118.91,52.469],[-118.928,52.46],[-118.942,52.441],[-118.924,52.419],[-118.93,52.413],[-118.933,52.398],[-118.94,52.392],[-118.935,52.368],[-118.927,52.363],[-118.927,52.354],[-118.903,52.343],[-118.868,52.343],[-118.857,52.337],[-118.848,52.337],[-118.838,52.33],[-118.809,52.322],[-118.79,52.312],[-118.801,52.304],[-118.82,52.296],[-118.824,52.29],[-118.839,52.288],[-118.844,52.276],[-118.861,52.272],[-118.884,52.261],[-118.886,52.253],[-118.899,52.236],[-118.877,52.239],[-118.838,52.233],[-118.836,52.22],[-118.852,52.211],[-118.842,52.203],[-118.828,52.199],[-118.806,52.179],[-118.794,52.176],[-118.776,52.181],[-118.767,52.179],[-118.755,52.184],[-118.741,52.18],[-118.733,52.17],[-118.734,52.164],[-118.72,52.158],[-118.707,52.164],[-118.694,52.166],[-118.688,52.149],[-118.673,52.152],[-118.67,52.16],[-118.639,52.166],[-118.628,52.177],[-118.598,52.19],[-118.581,52.188],[-118.574,52.199],[-118.576,52.205],[-118.567,52.218],[-118.569,52.226],[-118.554,52.229],[-118.551,52.236],[-118.562,52.249],[-118.56,52.272],[-118.544,52.29],[-118.522,52.284],[-118.502,52.288],[-118.49,52.294],[-118.494,52.311],[-118.471,52.315],[-118.455,52.322],[-118.437,52.324],[-118.43,52.334],[-118.419,52.337],[-118.398,52.333],[-118.388,52.336],[-118.384,52.347],[-118.367,52.355],[-118.362,52.363],[-118.329,52.368],[-118.307,52.361],[-118.305,52.35],[-118.296,52.342],[-118.283,52.341],[-118.256,52.347],[-118.245,52.365],[-118.243,52.375],[-118.224,52.38],[-118.214,52.372],[-118.187,52.372],[-118.186,52.381],[-118.173,52.391],[-118.142,52.392],[-118.146,52.402],[-118.14,52.406],[-118.12,52.404],[-118.093,52.406],[-118.066,52.398],[-118.047,52.404],[-118.052,52.417],[-118.034,52.423],[-118.036,52.441],[-118.05,52.444],[-118.059,52.456],[-118.018,52.459],[-118.026,52.465],[-118.008,52.485],[-118.006,52.493],[-117.991,52.497],[-117.986,52.484],[-117.971,52.48],[-117.975,52.471],[-117.948,52.453],[-117.927,52.446],[-117.914,52.436],[-117.892,52.427],[-117.877,52.427],[-117.853,52.414],[-117.843,52.418],[-117.819,52.418],[-117.804,52.41],[-117.776,52.409],[-117.764,52.414],[-117.74,52.396],[-117.728,52.392],[-117.729,52.382],[-117.72,52.366],[-117.706,52.362],[-117.705,52.356],[-117.725,52.353],[-117.738,52.343],[-117.74,52.334],[-117.748,52.321],[-117.765,52.319],[-117.783,52.312],[-117.794,52.302],[-117.792,52.294],[-117.801,52.291],[-117.825,52.289],[-117.828,52.282],[-117.844,52.273],[-117.833,52.255],[-117.817,52.242],[-117.812,52.222],[-117.78,52.216],[-117.763,52.207],[-117.747,52.203],[-117.748,52.196],[-117.734,52.188],[-117.712,52.188],[-117.692,52.195],[-117.664,52.199],[-117.657,52.185],[-117.634,52.167],[-117.618,52.163],[-117.619,52.155],[-117.604,52.14],[-117.586,52.136],[-117.58,52.13],[-117.561,52.135],[-117.528,52.141],[-117.51,52.158],[-117.498,52.148],[-117.467,52.143],[-117.442,52.146],[-117.426,52.145],[-117.416,52.139],[-117.401,52.138],[-117.387,52.145],[-117.382,52.138],[-117.358,52.136],[-117.338,52.139],[-117.338,52.147],[-117.325,52.149],[-117.316,52.177],[-117.295,52.16],[-117.281,52.16],[-117.287,52.149],[-117.289,52.136],[-117.279,52.124],[-117.29,52.112],[-117.29,52.101],[-117.299,52.092],[-117.296,52.086],[-117.306,52.075],[-117.295,52.065],[-117.269,52.056],[-117.271,52.05],[-117.257,52.039],[-117.229,52.038],[-117.215,52.03],[-117.225,52.017],[-117.237,52.012],[-117.224,52.006],[-117.217,51.997],[-117.205,51.994],[-117.196,51.979],[-117.181,51.975],[-117.149,51.973],[-117.133,51.968],[-117.121,51.956],[-117.104,51.957],[-117.101,51.947],[-117.082,51.931],[-117.049,51.913],[-117.02,51.891],[-117.027,51.873],[-117.034,51.869],[-117.035,51.856],[-117.018,51.841],[-117.007,51.836],[-116.981,51.834],[-116.99,51.823],[-116.991,51.812],[-116.977,51.804],[-116.963,51.791],[-116.968,51.783],[-116.965,51.775],[-116.975,51.77],[-116.974,51.762],[-116.956,51.743],[-116.945,51.734],[-116.929,51.728],[-116.931,51.721],[-116.918,51.713],[-116.923,51.709],[-116.903,51.703],[-116.866,51.706],[-116.855,51.709],[-116.836,51.704],[-116.811,51.705],[-116.801,51.724],[-116.821,51.737],[-116.813,51.74],[-116.808,51.75],[-116.794,51.764],[-116.775,51.774],[-116.763,51.786],[-116.757,51.8],[-116.746,51.806],[-116.724,51.804],[-116.718,51.799],[-116.699,51.803],[-116.683,51.813],[-116.656,51.801],[-116.658,51.797],[-116.645,51.787],[-116.653,51.767],[-116.651,51.753],[-116.639,51.751],[-116.634,51.733],[-116.618,51.725],[-116.599,51.723],[-116.588,51.716],[-116.586,51.702],[-116.591,51.695],[-116.586,51.686],[-116.589,51.672],[-116.596,51.661],[-116.571,51.646],[-116.551,51.639],[-116.533,51.64],[-116.518,51.629],[-116.49,51.615],[-116.497,51.608],[-116.474,51.601],[-116.468,51.591],[-116.476,51.587],[-116.466,51.565],[-116.446,51.561],[-116.43,51.554],[-116.417,51.554],[-116.392,51.544],[-116.385,51.53],[-116.395,51.524],[-116.396,51.505],[-116.383,51.49],[-116.371,51.483],[-116.363,51.472],[-116.34,51.465],[-116.318,51.466],[-116.295,51.462],[-116.286,51.456],[-116.289,51.449],[-116.287,51.435],[-116.296,51.427],[-116.284,51.407],[-116.313,51.385],[-116.297,51.366],[-116.281,51.36],[-116.279,51.355],[-116.291,51.343],[-116.288,51.335],[-116.276,51.328],[-116.269,51.312],[-116.246,51.302],[-116.23,51.302],[-116.215,51.294],[-116.189,51.301],[-116.183,51.296],[-116.163,51.298],[-116.153,51.287],[-116.159,51.273],[-116.148,51.265],[-116.112,51.254],[-116.096,51.251],[-116.081,51.252],[-116.066,51.249],[-116.05,51.228],[-116.027,51.221],[-116.009,51.222],[-116.008,51.21],[-116.001,51.195],[-116.022,51.187],[-116.025,51.176],[-116.036,51.17],[-116.03,51.163],[-116.008,51.154],[-116.01,51.142],[-116.015,51.137],[-116.011,51.127],[-116.004,51.124],[-115.979,51.125],[-115.959,51.116],[-115.95,51.1],[-115.935,51.098],[-115.931,51.09],[-115.92,51.085],[-115.907,51.089],[-115.885,51.086],[-115.869,51.09],[-115.86,51.079],[-115.849,51.082],[-115.835,51.075],[-115.827,51.083],[-115.81,51.081],[-115.804,51.07],[-115.791,51.073],[-115.777,51.067],[-115.761,51.064],[-115.774,51.056],[-115.769,51.04],[-115.753,51.032],[-115.737,51.029],[-115.74,51.023],[-115.719,51.016],[-115.706,51.02],[-115.695,51.028],[-115.691,51.014],[-115.671,50.999],[-115.65,50.998],[-115.639,50.985],[-115.629,50.982],[-115.623,50.966],[-115.612,50.959],[-115.608,50.946],[-115.598,50.941],[-115.61,50.927],[-115.594,50.916],[-115.585,50.916],[-115.572,50.907],[-115.564,50.894],[-115.578,50.89],[-115.591,50.893],[-115.614,50.885],[-115.618,50.88],[-115.635,50.879],[-115.649,50.874],[-115.65,50.864],[-115.645,50.859],[-115.644,50.841],[-115.625,50.834],[-115.607,50.846],[-115.585,50.841],[-115.567,50.84],[-115.562,50.822],[-115.561,50.803],[-115.517,50.781],[-115.502,50.785],[-115.484,50.77],[-115.482,50.755],[-115.468,50.753],[-115.46,50.757],[-115.448,50.753],[-115.438,50.756],[-115.411,50.728],[-115.418,50.72],[-115.393,50.707],[-115.378,50.711],[-115.355,50.723],[-115.312,50.722],[-115.313,50.713],[-115.303,50.7],[-115.294,50.699],[-115.298,50.683],[-115.287,50.661],[-115.276,50.648],[-115.285,50.64],[-115.312,50.639],[-115.312,50.628],[-115.298,50.625],[-115.296,50.613],[-115.283,50.607],[-115.271,50.598],[-115.252,50.59],[-115.241,50.589],[-115.232,50.578],[-115.237,50.568],[-115.229,50.554],[-115.231,50.544],[-115.211,50.529],[-115.191,50.536],[-115.185,50.544],[-115.191,50.556],[-115.179,50.558],[-115.175,50.568],[-115.158,50.573],[-115.139,50.575],[-115.119,50.571],[-115.092,50.579],[-115.074,50.586],[-115.051,50.575],[-115.029,50.583],[-115.017,50.583],[-115.014,50.569],[-114.991,50.542],[-114.979,50.534],[-114.975,50.523],[-114.964,50.514],[-114.959,50.504],[-114.946,50.489],[-114.94,50.487],[-114.929,50.469],[-114.917,50.462],[-114.913,50.451],[-114.889,50.436],[-114.86,50.422],[-114.865,50.414],[-114.864,50.396],[-114.86,50.393],[-114.826,50.394],[-114.819,50.383],[-114.816,50.371],[-114.79,50.358],[-114.777,50.363],[-114.769,50.359],[-114.768,50.35],[-114.792,50.337],[-114.797,50.327],[-114.783,50.317],[-114.782,50.301],[-114.771,50.303],[-114.756,50.299],[-114.752,50.274],[-114.765,50.265],[-114.77,50.244],[-114.764,50.235],[-114.748,50.224],[-114.749,50.215],[-114.74,50.212],[-114.74,50.203],[-114.726,50.191],[-114.726,50.183],[-114.733,50.168],[-114.726,50.162],[-114.728,50.136],[-114.734,50.121],[-114.722,50.107],[-114.711,50.101],[-114.7,50.089],[-114.693,50.072],[-114.679,50.064],[-114.665,50.063],[-114.668,50.051],[-114.659,50.03],[-114.659,50.02],[-114.668,50.003],[-114.652,49.993],[-114.651,49.978],[-114.654,49.969],[-114.682,49.967],[-114.685,49.953],[-114.694,49.942],[-114.689,49.936],[-114.691,49.921],[-114.687,49.917],[-114.691,49.895],[-114.674,49.88],[-114.671,49.864],[-114.661,49.862],[-114.661,49.853],[-114.647,49.832],[-114.64,49.827],[-114.648,49.817],[-114.642,49.808],[-114.642,49.794],[-114.636,49.785],[-114.647,49.771],[-114.659,49.765],[-114.642,49.747],[-114.646,49.743],[-114.632,49.733],[-114.638,49.724],[-114.637,49.7],[-114.665,49.697],[-114.671,49.686],[-114.665,49.677],[-114.67,49.672],[-114.656,49.659],[-114.662,49.643],[-114.674,49.643],[-114.691,49.633],[-114.717,49.631],[-114.722,49.624],[-114.747,49.619],[-114.746,49.6],[-114.738,49.596],[-114.733,49.577],[-114.715,49.566],[-114.704,49.553],[-114.685,49.557],[-114.663,49.552],[-114.654,49.545],[-114.639,49.543],[-114.63,49.549],[-114.617,49.547],[-114.608,49.558],[-114.588,49.565],[-114.573,49.555],[-114.57,49.537],[-114.573,49.525],[-114.583,49.52],[-114.585,49.512],[-114.596,49.502],[-114.593,49.493],[-114.6,49.467],[-114.599,49.445],[-114.606,49.439],[-114.599,49.434],[-114.601,49.425],[-114.598,49.413],[-114.587,49.392],[-114.578,49.391],[-114.567,49.377],[-114.539,49.38],[-114.531,49.373],[-114.524,49.357],[-114.507,49.356],[-114.493,49.352],[-114.485,49.343],[-114.479,49.327],[-114.492,49.323],[-114.49,49.313],[-114.479,49.313],[-114.461,49.304],[-114.446,49.289],[-114.451,49.28],[-114.447,49.264],[-114.415,49.262],[-114.393,49.257],[-114.381,49.247],[-114.403,49.241],[-114.402,49.228],[-114.394,49.219],[-114.395,49.209],[-114.376,49.203],[-114.365,49.203],[-114.346,49.193],[-114.337,49.199],[-114.318,49.2],[-114.31,49.192],[-114.294,49.188],[-114.289,49.179],[-114.27,49.181],[-114.256,49.177],[-114.248,49.186],[-114.239,49.184],[-114.223,49.189],[-114.214,49.175],[-114.18,49.164],[-114.161,49.155],[-114.149,49.144],[-114.167,49.136],[-114.15,49.118],[-114.149,49.107],[-114.153,49.1],[-114.107,49.065],[-114.076,49.054],[-114.063,49.043],[-114.058,49.028],[-114.058,49.018],[-114.072,49.005],[-114.068,48.999],[-114.411,49.001],[-114.637,49.001],[-114.764,49],[-114.977,49],[-115.24,49],[-115.454,49],[-115.52,49.001],[-115.818,49.001],[-116.027,49.001],[-116.027,49],[-116.276,49],[-116.5,49],[-116.755,49],[-117.015,49],[-117.268,49],[-117.469,49.001],[-118.062,49],[-118.167,49],[-118.418,49],[-118.591,49],[-118.8,49],[-119.008,49],[-119.25,49],[-119.442,49],[-119.644,49],[-120.37,49],[-120.485,49],[-120.749,49],[-120.848,49],[-120.852,49.024],[-120.846,49.033],[-120.848,49.041],[-120.862,49.049],[-120.882,49.05],[-120.882,49.063],[-120.894,49.078],[-120.915,49.08],[-120.921,49.086],[-120.949,49.089],[-120.966,49.098],[-120.966,49.104],[-120.943,49.105],[-120.929,49.109],[-120.924,49.117],[-120.914,49.119],[-120.896,49.113],[-120.887,49.116],[-120.874,49.114],[-120.865,49.12],[-120.856,49.133],[-120.863,49.144],[-120.878,49.158],[-120.897,49.171],[-120.881,49.178],[-120.897,49.191],[-120.891,49.196],[-120.891,49.21],[-120.872,49.205],[-120.859,49.209],[-120.856,49.219],[-120.848,49.22],[-120.846,49.238],[-120.849,49.244],[-120.84,49.252],[-120.818,49.25],[-120.818,49.268],[-120.823,49.275],[-120.814,49.293],[-120.834,49.297],[-120.845,49.303],[-120.858,49.296],[-120.872,49.305],[-120.897,49.311],[-120.909,49.303],[-120.918,49.301],[-120.934,49.276],[-120.945,49.271],[-120.957,49.278],[-120.976,49.272],[-121,49.277],[-120.993,49.297],[-121.009,49.306],[-121.029,49.306],[-121.041,49.318],[-121.042,49.33],[-121.056,49.334],[-121.08,49.328],[-121.094,49.343],[-121.099,49.353],[-121.099,49.441],[-121.09,49.441],[-121.086,49.452],[-121.079,49.457],[-121.079,49.472],[-121.055,49.475],[-121.063,49.489],[-121.074,49.496],[-121.072,49.504],[-121.08,49.513],[-121.078,49.52],[-121.068,49.525],[-121.051,49.526],[-121.046,49.531],[-121.049,49.543],[-121.036,49.549],[-121.034,49.559],[-121.041,49.583],[-121.012,49.595],[-120.99,49.599],[-120.991,49.607],[-120.977,49.611],[-120.97,49.607],[-120.96,49.613],[-120.96,49.619],[-120.969,49.628],[-120.983,49.648],[-121.006,49.65],[-121.035,49.634],[-121.044,49.634],[-121.066,49.625],[-121.089,49.627],[-121.099,49.625],[-121.12,49.61],[-121.126,49.619],[-121.135,49.623],[-121.156,49.617],[-121.169,49.636],[-121.17,49.649],[-121.154,49.656],[-121.148,49.662],[-121.133,49.667],[-121.121,49.678],[-121.135,49.69],[-121.134,49.694],[-121.15,49.704],[-121.157,49.717],[-121.188,49.727],[-121.193,49.739],[-121.193,49.75],[-121.211,49.769],[-121.212,49.78],[-121.204,49.79],[-121.187,49.799],[-121.184,49.819],[-121.172,49.823],[-121.147,49.823],[-121.128,49.817],[-121.116,49.827],[-121.103,49.831],[-121.1,49.838],[-121.116,49.845],[-121.09,49.857],[-121.097,49.872],[-121.105,49.868],[-121.127,49.865],[-121.146,49.889],[-121.157,49.89],[-121.177,49.882],[-121.203,49.893],[-121.218,49.895],[-121.229,49.884],[-121.24,49.88],[-121.258,49.878],[-121.267,49.871],[-121.29,49.874],[-121.298,49.884],[-121.306,49.885],[-121.321,49.9],[-121.339,49.903],[-121.364,49.915],[-121.38,49.926],[-121.411,49.924],[-121.431,49.919],[-121.461,49.921],[-121.487,49.927],[-121.498,49.94],[-121.49,49.948],[-121.503,49.961],[-121.512,49.98],[-121.516,49.997],[-121.529,50.012],[-121.532,50.024],[-121.551,50.052],[-121.621,50.052],[-121.629,50.05],[-121.646,50.06],[-121.664,50.065],[-121.656,50.074],[-121.664,50.081],[-121.704,50.075],[-121.71,50.083],[-121.724,50.087],[-121.757,50.093],[-121.769,50.089],[-121.789,50.088],[-121.851,50.076],[-121.85,50.062],[-121.872,50.051],[-121.896,50.05],[-121.91,50.053],[-121.921,50.072],[-121.951,50.079],[-121.956,50.091],[-121.968,50.082],[-121.983,50.08],[-122.007,50.088],[-122.025,50.086],[-122.059,50.11],[-122.072,50.127],[-122.086,50.121],[-122.1,50.125],[-122.118,50.107],[-122.132,50.112],[-122.147,50.11],[-122.157,50.115],[-122.18,50.11],[-122.209,50.11],[-122.217,50.114],[-122.226,50.126],[-122.243,50.126],[-122.26,50.123],[-122.278,50.138],[-122.274,50.147],[-122.293,50.158],[-122.299,50.171],[-122.317,50.178],[-122.318,50.187],[-122.303,50.193],[-122.296,50.202],[-122.277,50.206],[-122.279,50.214],[-122.274,50.224],[-122.288,50.224],[-122.303,50.23],[-122.315,50.229],[-122.353,50.231],[-122.358,50.235],[-122.347,50.251],[-122.374,50.262],[-122.371,50.271],[-122.358,50.287],[-122.366,50.312],[-122.385,50.319],[-122.408,50.333],[-122.439,50.335],[-122.471,50.359],[-122.477,50.383],[-122.487,50.391],[-122.499,50.393],[-122.517,50.388],[-122.528,50.39],[-122.523,50.4],[-122.525,50.415],[-122.517,50.42],[-122.505,50.417],[-122.494,50.426],[-122.505,50.441],[-122.485,50.443],[-122.446,50.43],[-122.414,50.399],[-122.397,50.411],[-122.371,50.411],[-122.336,50.416],[-122.315,50.424],[-122.304,50.431],[-122.303,50.441],[-122.306,50.455],[-122.304,50.463],[-122.287,50.475],[-122.29,50.481],[-122.312,50.495],[-122.315,50.508],[-122.324,50.508],[-122.338,50.521],[-122.361,50.524],[-122.407,50.546],[-122.419,50.553],[-122.45,50.558],[-122.446,50.564],[-122.427,50.574],[-122.409,50.591],[-122.429,50.602],[-122.431,50.616],[-122.448,50.619],[-122.45,50.602],[-122.458,50.602],[-122.467,50.591],[-122.467,50.578],[-122.478,50.578],[-122.478,50.567],[-122.504,50.567],[-122.537,50.58],[-122.55,50.58],[-122.585,50.593],[-122.61,50.6],[-122.613,50.616],[-122.609,50.634],[-122.619,50.639],[-122.629,50.653],[-122.659,50.651],[-122.678,50.652],[-122.704,50.644],[-122.729,50.656],[-122.752,50.654],[-122.754,50.657],[-122.78,50.665],[-122.778,50.655],[-122.801,50.646],[-122.833,50.646],[-122.861,50.619],[-122.872,50.615],[-122.889,50.614],[-122.907,50.604],[-122.928,50.601],[-122.931,50.585],[-122.942,50.562],[-122.941,50.553],[-122.957,50.549],[-122.979,50.569],[-122.991,50.576],[-123.004,50.591],[-123.019,50.601],[-123.039,50.601],[-123.044,50.595],[-123.032,50.584],[-123.045,50.577],[-123.061,50.583],[-123.081,50.594],[-123.095,50.605],[-123.104,50.617],[-123.122,50.629],[-123.133,50.633],[-123.164,50.635],[-123.167,50.643],[-123.157,50.653],[-123.181,50.657],[-123.198,50.675],[-123.2,50.688],[-123.22,50.711],[-123.236,50.723],[-123.275,50.733],[-123.291,50.733],[-123.308,50.73],[-123.321,50.731],[-123.338,50.75],[-123.358,50.761],[-123.361,50.792],[-123.37,50.796],[-123.382,50.79],[-123.408,50.781],[-123.439,50.797],[-123.454,50.798],[-123.47,50.794],[-123.503,50.78],[-123.525,50.798],[-123.544,50.801],[-123.563,50.798],[-123.607,50.777],[-123.63,50.793],[-123.675,50.801],[-123.689,50.8],[-123.696,50.792],[-123.707,50.792],[-123.72,50.801],[-123.725,50.813],[-123.725,50.831],[-123.72,50.848],[-123.709,50.847],[-123.687,50.877],[-123.7,50.882],[-123.703,50.892],[-123.71,50.897],[-123.724,50.892],[-123.734,50.884],[-123.755,50.887],[-123.766,50.885],[-123.771,50.892],[-123.764,50.905],[-123.785,50.909],[-123.79,50.914],[-123.81,50.912],[-123.823,50.905],[-123.84,50.924],[-123.841,50.934],[-123.853,50.931],[-123.876,50.94],[-123.879,50.949],[-123.89,50.947],[-123.9,50.938],[-123.92,50.942],[-123.926,50.935],[-123.943,50.953],[-123.957,50.96],[-123.984,50.96],[-123.994,50.963],[-124.008,50.958],[-124.027,50.938],[-124.035,50.936],[-124.058,50.948],[-124.071,50.984],[-124.09,50.982],[-124.092,50.992],[-124.083,50.998],[-124.089,51.012],[-124.134,51.021],[-124.141,51.031],[-124.153,51.03],[-124.158,51.041],[-124.146,51.045],[-124.172,51.055],[-124.174,51.059],[-124.211,51.05],[-124.231,51.056],[-124.227,51.065],[-124.231,51.075],[-124.21,51.074],[-124.198,51.079],[-124.194,51.09],[-124.179,51.093],[-124.173,51.1],[-124.177,51.117],[-124.17,51.128],[-124.19,51.128],[-124.196,51.14],[-124.215,51.137],[-124.23,51.149],[-124.24,51.15],[-124.247,51.143],[-124.291,51.144],[-124.305,51.131],[-124.338,51.15],[-124.373,51.145],[-124.382,51.15],[-124.376,51.157],[-124.377,51.181],[-124.369,51.196],[-124.394,51.191],[-124.401,51.196],[-124.425,51.191],[-124.441,51.19],[-124.455,51.186],[-124.459,51.17],[-124.472,51.163],[-124.488,51.162],[-124.491,51.167],[-124.508,51.173],[-124.514,51.171],[-124.533,51.174],[-124.535,51.182],[-124.552,51.187],[-124.57,51.18],[-124.588,51.186],[-124.604,51.188],[-124.61,51.196],[-124.629,51.196],[-124.629,51.206],[-124.656,51.207],[-124.662,51.216],[-124.678,51.221],[-124.689,51.209],[-124.702,51.224],[-124.717,51.232],[-124.735,51.225],[-124.737,51.231],[-124.759,51.236],[-124.765,51.242],[-124.761,51.25],[-124.765,51.26],[-124.76,51.267],[-124.772,51.277],[-124.772,51.294],[-124.798,51.3],[-124.815,51.309],[-124.839,51.306],[-124.843,51.3],[-124.86,51.305],[-124.881,51.297],[-124.886,51.308],[-124.902,51.303],[-124.918,51.306],[-124.935,51.295],[-124.944,51.284],[-124.964,51.278],[-124.992,51.287],[-125.01,51.281],[-125.032,51.293],[-125.054,51.296],[-125.055,51.304],[-125.096,51.316],[-125.128,51.315],[-125.139,51.322],[-125.163,51.317],[-125.206,51.328],[-125.219,51.33],[-125.215,51.337],[-125.235,51.347],[-125.242,51.362],[-125.296,51.386],[-125.31,51.385],[-125.334,51.39],[-125.341,51.404],[-125.342,51.415],[-125.329,51.428],[-125.328,51.436],[-125.337,51.44],[-125.333,51.453],[-125.312,51.456],[-125.327,51.468],[-125.34,51.475],[-125.335,51.485],[-125.306,51.477],[-125.29,51.476],[-125.283,51.483],[-125.284,51.494],[-125.29,51.503],[-125.26,51.512],[-125.249,51.511],[-125.241,51.516],[-125.243,51.525],[-125.254,51.526],[-125.263,51.533],[-125.27,51.547],[-125.245,51.56],[-125.251,51.57],[-125.279,51.57],[-125.288,51.573],[-125.282,51.582],[-125.286,51.597],[-125.268,51.601],[-125.255,51.618],[-125.235,51.624],[-125.223,51.632],[-125.228,51.64],[-125.245,51.644],[-125.253,51.654],[-125.247,51.672],[-125.236,51.675],[-125.233,51.689],[-125.238,51.694],[-125.221,51.704],[-125.25,51.711],[-125.26,51.718],[-125.257,51.73],[-125.248,51.739],[-125.236,51.746],[-125.257,51.765],[-125.276,51.773],[-125.285,51.77],[-125.308,51.776],[-125.326,51.772],[-125.346,51.773],[-125,52.072],[-125,53],[-124.75,53],[-124.5,53],[-124.251,53],[-124.001,53.001],[-123.998,52.971],[-123.995,52.878],[-123.994,52.871],[-124.003,52.864],[-124.003,52.71],[-123.994,52.702],[-123.997,52.666],[-123.998,52.595],[-123.997,52.501],[-124,52.455],[-123.317,52.455],[-123.31,52.449],[-123.292,52.446],[-123.284,52.429],[-123.303,52.41],[-123.315,52.403],[-123.32,52.384],[-123.346,52.371],[-123.337,52.366],[-123.336,52.353],[-123.309,52.338],[-123.287,52.337],[-123.279,52.325],[-123.258,52.319],[-123.246,52.32],[-123.241,52.305],[-123.217,52.294],[-123.207,52.3],[-123.181,52.299],[-123.165,52.311],[-123.164,52.329],[-123.178,52.335],[-123.172,52.341],[-123.171,52.35],[-123.16,52.359],[-123.15,52.362],[-123.123,52.361],[-123.11,52.353],[-123.086,52.353],[-123.075,52.356],[-123.043,52.35],[-123.037,52.339],[-123.022,52.33],[-123.029,52.32],[-122.998,52.321],[-123.004,52.308],[-122.998,52.303],[-122.999,52.292],[-122.987,52.291],[-122.989,52.283],[-122.976,52.281],[-122.951,52.282],[-122.939,52.276],[-122.957,52.271],[-122.959,52.257],[-122.948,52.251],[-122.954,52.239],[-122.952,52.229],[-122.933,52.228],[-122.917,52.219],[-122.899,52.219],[-122.895,52.23],[-122.882,52.238],[-122.864,52.243],[-122.839,52.238],[-122.825,52.238],[-122.828,52.247],[-122.806,52.26],[-122.814,52.265],[-122.798,52.279],[-122.776,52.277],[-122.76,52.281],[-122.75,52.295],[-122.71,52.309],[-122.697,52.323],[-122.669,52.339],[-122.639,52.35],[-122.623,52.354],[-122.595,52.353],[-122.574,52.369],[-122.516,52.365],[-122.51,52.35],[-122.494,52.346],[-122.472,52.351],[-122.47,52.364],[-122.478,52.366],[-122.483,52.382],[-122.493,52.395],[-122.486,52.402],[-122.492,52.417],[-122.399,52.418],[-122.401,52.43],[-122.417,52.457],[-122.253,52.457],[-122.26,52.468],[-122.241,52.476],[-122.233,52.49],[-122.237,52.495],[-122.232,52.514],[-122.233,52.526],[-122.24,52.535],[-122.23,52.539],[-122.231,52.547],[-122.206,52.568],[-122.216,52.582],[-122.25,52.606],[-122.244,52.613],[-122.226,52.614],[-122.226,52.625],[-122.236,52.635],[-122.237,52.664],[-122.247,52.675],[-122.248,52.688],[-122.238,52.698],[-122.222,52.702],[-122.193,52.704],[-122.188,52.714],[-122.119,52.715],[-122.015,52.714],[-121.941,52.714],[-121.938,52.743],[-121.822,52.742],[-121.759,52.742],[-121.719,52.733],[-121.694,52.72],[-121.655,52.738],[-121.599,52.725],[-121.582,52.739],[-121.599,52.753],[-121.605,52.769],[-121.616,52.785],[-121.61,52.794],[-121.591,52.807],[-121.595,52.811],[-121.62,52.824],[-121.613,52.836],[-121.614,52.849],[-121.605,52.861],[-121.579,52.857],[-121.564,52.867],[-121.53,52.869],[-121.491,52.861],[-121.479,52.847],[-121.468,52.849],[-121.453,52.867],[-121.443,52.872],[-121.423,52.876],[-121.381,52.872],[-121.344,52.871],[-121.334,52.881],[-121.311,52.895],[-121.282,52.899],[-121.242,52.926],[-121.227,52.929],[-121.191,52.925],[-121.188,52.917],[-121.174,52.92],[-121.169,52.931],[-121.179,52.937],[-121.175,52.943],[-121.143,52.939],[-121.132,52.926],[-121.12,52.87],[-121.073,52.875],[-121.057,52.883],[-120.995,52.88],[-120.935,52.858],[-120.887,52.887],[-120.844,52.902],[-120.808,52.9],[-120.79,52.908],[-120.738,52.908],[-120.723,52.897],[-120.702,52.906],[-120.69,52.923],[-120.682,52.928],[-120.663,52.932],[-120.642,52.926],[-120.611,52.914],[-120.592,52.911],[-120.58,52.912],[-120.57,52.92],[-120.595,52.94],[-120.593,52.946],[-120.577,52.95],[-120.535,52.956],[-120.534,52.963],[-120.545,52.976],[-120.536,52.984],[-120.502,52.991],[-120.495,52.981],[-120.483,52.99],[-120.467,52.989],[-120.443,52.992],[-120.434,52.983],[-120.438,52.972],[-120.421,52.957],[-120.414,52.957],[-120.386,52.964],[-120.366,52.957],[-120.351,52.938],[-120.341,52.936],[-120.338,52.927],[-120.295,52.921],[-120.264,52.927],[-120.246,52.92],[-120.243,52.905],[-120.223,52.9],[-120.212,52.877],[-120.198,52.871],[-120.179,52.858],[-120.165,52.86],[-120.147,52.874],[-120.133,52.875],[-120.111,52.864],[-120.102,52.855],[-120.103,52.844],[-120.081,52.835],[-120.066,52.824],[-120.05,52.824],[-120.042,52.815],[-120.056,52.809],[-120.03,52.791],[-120.023,52.779],[-120.026,52.772],[-120.008,52.75],[-119.994,52.742],[-119.968,52.733],[-119.964,52.719],[-119.955,52.715],[-119.943,52.721],[-119.918,52.723],[-119.895,52.719],[-119.895,52.714],[-119.878,52.696],[-119.879,52.687],[-119.868,52.684],[-119.855,52.692],[-119.829,52.684],[-119.819,52.674],[-119.768,52.659],[-119.765,52.668],[-119.749,52.68],[-119.726,52.68],[-119.709,52.676],[-119.683,52.693],[-119.666,52.699]]]}},{"type":"Feature","properties":{"ENGNAME":"Island"},"geometry":{"type":"MultiPolygon","coordinates":[[[[-128.054,50.877],[-128.045,50.866],[-128.017,50.866],[-128.009,50.859],[-127.984,50.86],[-127.96,50.872],[-127.932,50.875],[-127.921,50.872],[-127.906,50.875],[-127.873,50.865],[-127.859,50.853],[-127.812,50.847],[-127.805,50.842],[-127.788,50.842],[-127.758,50.837],[-127.747,50.832],[-127.729,50.83],[-127.7,50.82],[-127.669,50.815],[-127.651,50.808],[-127.594,50.79],[-127.58,50.79],[-127.538,50.78],[-127.511,50.771],[-127.488,50.767],[-127.494,50.756],[-127.497,50.733],[-127.488,50.72],[-127.49,50.711],[-127.478,50.698],[-127.473,50.708],[-127.483,50.716],[-127.459,50.73],[-127.448,50.733],[-127.441,50.747],[-127.41,50.748],[-127.407,50.743],[-127.413,50.726],[-127.425,50.718],[-127.425,50.705],[-127.41,50.695],[-127.384,50.7],[-127.376,50.689],[-127.344,50.676],[-127.337,50.671],[-127.303,50.659],[-127.282,50.658],[-127.277,50.651],[-127.258,50.646],[-127.207,50.622],[-127.193,50.61],[-127.159,50.613],[-127.146,50.608],[-127.13,50.613],[-127.084,50.607],[-127.113,50.6],[-127.133,50.602],[-127.137,50.594],[-127.124,50.589],[-127.091,50.589],[-127.086,50.592],[-127.069,50.587],[-127.055,50.589],[-127.024,50.583],[-127.001,50.586],[-126.98,50.58],[-126.979,50.568],[-126.968,50.56],[-126.907,50.561],[-126.872,50.556],[-126.854,50.551],[-126.871,50.538],[-126.848,50.536],[-126.844,50.545],[-126.831,50.55],[-126.753,50.534],[-126.661,50.51],[-126.641,50.499],[-126.617,50.494],[-126.607,50.485],[-126.588,50.481],[-126.573,50.484],[-126.567,50.489],[-126.539,50.489],[-126.517,50.485],[-126.505,50.485],[-126.469,50.48],[-126.466,50.482],[-126.434,50.477],[-126.416,50.478],[-126.398,50.483],[-126.36,50.483],[-126.341,50.48],[-126.316,50.48],[-126.302,50.476],[-126.289,50.469],[-126.277,50.466],[-126.253,50.473],[-126.222,50.469],[-126.198,50.461],[-126.193,50.464],[-126.171,50.461],[-126.154,50.456],[-126.139,50.459],[-126.124,50.457],[-126.085,50.449],[-126.054,50.439],[-126.04,50.431],[-126.022,50.429],[-125.995,50.417],[-125.962,50.4],[-125.958,50.383],[-125.942,50.377],[-125.945,50.391],[-125.907,50.389],[-125.859,50.38],[-125.827,50.385],[-125.802,50.377],[-125.79,50.368],[-125.773,50.363],[-125.734,50.36],[-125.722,50.357],[-125.692,50.36],[-125.672,50.366],[-125.648,50.361],[-125.605,50.367],[-125.58,50.368],[-125.56,50.356],[-125.545,50.354],[-125.516,50.341],[-125.5,50.341],[-125.474,50.327],[-125.447,50.334],[-125.439,50.331],[-125.444,50.322],[-125.435,50.305],[-125.442,50.301],[-125.433,50.288],[-125.437,50.277],[-125.411,50.27],[-125.398,50.252],[-125.403,50.241],[-125.394,50.227],[-125.396,50.222],[-125.384,50.208],[-125.385,50.199],[-125.381,50.177],[-125.371,50.171],[-125.368,50.159],[-125.359,50.13],[-125.387,50.138],[-125.393,50.135],[-125.386,50.123],[-125.373,50.114],[-125.35,50.116],[-125.325,50.113],[-125.325,50.102],[-125.317,50.092],[-125.308,50.09],[-125.303,50.079],[-125.293,50.071],[-125.282,50.076],[-125.271,50.069],[-125.262,50.047],[-125.247,50.04],[-125.223,49.981],[-125.218,49.972],[-125.208,49.967],[-125.203,49.953],[-125.185,49.942],[-125.184,49.916],[-125.159,49.898],[-125.133,49.893],[-125.115,49.882],[-125.114,49.863],[-125.093,49.85],[-125.074,49.845],[-125.06,49.837],[-125.054,49.829],[-125.034,49.82],[-125.008,49.795],[-124.999,49.791],[-124.973,49.775],[-124.964,49.761],[-124.952,49.76],[-124.929,49.74],[-124.913,49.74],[-124.893,49.728],[-124.879,49.71],[-124.862,49.708],[-124.86,49.701],[-124.875,49.689],[-124.886,49.676],[-124.898,49.669],[-124.946,49.672],[-124.958,49.678],[-124.974,49.681],[-124.979,49.674],[-124.97,49.663],[-124.937,49.645],[-124.925,49.645],[-124.923,49.635],[-124.909,49.626],[-124.906,49.617],[-124.892,49.601],[-124.887,49.586],[-124.873,49.562],[-124.872,49.556],[-124.858,49.535],[-124.844,49.522],[-124.834,49.523],[-124.834,49.512],[-124.821,49.504],[-124.806,49.506],[-124.797,49.495],[-124.793,49.476],[-124.794,49.465],[-124.777,49.469],[-124.762,49.465],[-124.759,49.457],[-124.737,49.456],[-124.726,49.465],[-124.72,49.46],[-124.696,49.451],[-124.685,49.449],[-124.654,49.426],[-124.641,49.422],[-124.63,49.404],[-124.612,49.402],[-124.603,49.393],[-124.58,49.382],[-124.528,49.374],[-124.519,49.369],[-124.5,49.365],[-124.486,49.369],[-124.461,49.355],[-124.444,49.355],[-124.417,49.36],[-124.378,49.354],[-124.365,49.354],[-124.356,49.345],[-124.342,49.341],[-124.317,49.323],[-124.3,49.33],[-124.286,49.332],[-124.264,49.325],[-124.263,49.314],[-124.253,49.306],[-124.213,49.302],[-124.18,49.306],[-124.157,49.291],[-124.137,49.29],[-124.117,49.276],[-124.124,49.266],[-124.146,49.265],[-124.166,49.27],[-124.192,49.269],[-124.189,49.262],[-124.169,49.253],[-124.135,49.252],[-124.11,49.256],[-124.076,49.253],[-124.053,49.248],[-124.034,49.249],[-124.009,49.239],[-123.981,49.239],[-123.948,49.223],[-123.941,49.212],[-123.957,49.211],[-123.969,49.206],[-123.968,49.199],[-123.949,49.187],[-123.941,49.174],[-123.921,49.158],[-123.928,49.154],[-123.927,49.144],[-123.911,49.134],[-123.888,49.139],[-123.887,49.152],[-123.863,49.139],[-123.82,49.136],[-123.807,49.125],[-123.806,49.114],[-123.796,49.091],[-123.76,49.049],[-123.748,49.042],[-123.763,49.029],[-123.791,49.028],[-123.787,49.019],[-123.776,49.017],[-123.764,49.009],[-123.759,48.996],[-123.769,48.986],[-123.786,48.992],[-123.853,49.027],[-123.848,49.018],[-123.818,49.001],[-123.804,48.981],[-123.794,48.973],[-123.756,48.958],[-123.737,48.937],[-123.717,48.929],[-123.71,48.918],[-123.702,48.92],[-123.692,48.905],[-123.672,48.898],[-123.674,48.892],[-123.66,48.88],[-123.646,48.883],[-123.639,48.864],[-123.62,48.861],[-123.614,48.854],[-123.592,48.848],[-123.587,48.84],[-123.586,48.822],[-123.601,48.822],[-123.61,48.813],[-123.602,48.801],[-123.582,48.805],[-123.564,48.799],[-123.565,48.781],[-123.581,48.768],[-123.57,48.749],[-123.577,48.746],[-123.592,48.761],[-123.605,48.756],[-123.618,48.764],[-123.629,48.763],[-123.639,48.755],[-123.642,48.746],[-123.623,48.741],[-123.59,48.735],[-123.555,48.716],[-123.555,48.704],[-123.535,48.694],[-123.531,48.67],[-123.54,48.654],[-123.553,48.649],[-123.53,48.631],[-123.519,48.615],[-123.523,48.599],[-123.522,48.583],[-123.515,48.572],[-123.521,48.561],[-123.531,48.562],[-123.55,48.557],[-123.558,48.55],[-123.555,48.535],[-123.542,48.519],[-123.549,48.513],[-123.554,48.5],[-123.547,48.496],[-123.536,48.515],[-123.538,48.533],[-123.537,48.547],[-123.508,48.552],[-123.497,48.563],[-123.487,48.577],[-123.469,48.579],[-123.465,48.59],[-123.481,48.603],[-123.48,48.611],[-123.464,48.629],[-123.48,48.628],[-123.474,48.641],[-123.446,48.653],[-123.457,48.666],[-123.469,48.665],[-123.487,48.677],[-123.474,48.681],[-123.476,48.695],[-123.439,48.699],[-123.408,48.687],[-123.396,48.676],[-123.421,48.672],[-123.404,48.663],[-123.393,48.661],[-123.397,48.653],[-123.394,48.646],[-123.41,48.628],[-123.398,48.611],[-123.392,48.594],[-123.374,48.592],[-123.367,48.576],[-123.367,48.56],[-123.363,48.54],[-123.367,48.532],[-123.365,48.515],[-123.334,48.497],[-123.323,48.494],[-123.305,48.495],[-123.303,48.477],[-123.276,48.464],[-123.266,48.45],[-123.281,48.45],[-123.291,48.459],[-123.298,48.457],[-123.291,48.445],[-123.293,48.438],[-123.303,48.434],[-123.307,48.425],[-123.296,48.417],[-123.298,48.412],[-123.316,48.408],[-123.33,48.411],[-123.351,48.405],[-123.377,48.409],[-123.389,48.42],[-123.412,48.421],[-123.431,48.428],[-123.431,48.444],[-123.448,48.453],[-123.451,48.44],[-123.459,48.433],[-123.473,48.43],[-123.47,48.419],[-123.483,48.404],[-123.489,48.393],[-123.482,48.385],[-123.504,48.388],[-123.514,48.385],[-123.53,48.37],[-123.537,48.359],[-123.544,48.355],[-123.54,48.341],[-123.554,48.335],[-123.54,48.325],[-123.561,48.309],[-123.573,48.314],[-123.585,48.31],[-123.602,48.32],[-123.592,48.33],[-123.592,48.34],[-123.608,48.334],[-123.614,48.337],[-123.631,48.335],[-123.638,48.316],[-123.65,48.314],[-123.668,48.32],[-123.671,48.327],[-123.69,48.336],[-123.705,48.34],[-123.716,48.348],[-123.703,48.359],[-123.715,48.364],[-123.701,48.375],[-123.682,48.374],[-123.682,48.369],[-123.662,48.364],[-123.634,48.366],[-123.637,48.374],[-123.634,48.388],[-123.648,48.386],[-123.659,48.39],[-123.683,48.388],[-123.688,48.381],[-123.706,48.383],[-123.726,48.371],[-123.735,48.354],[-123.754,48.359],[-123.762,48.371],[-123.779,48.369],[-123.821,48.357],[-123.838,48.371],[-123.865,48.38],[-123.892,48.382],[-123.923,48.377],[-123.941,48.385],[-123.949,48.396],[-123.98,48.394],[-123.993,48.407],[-124.041,48.421],[-124.069,48.423],[-124.096,48.435],[-124.106,48.432],[-124.116,48.439],[-124.141,48.444],[-124.168,48.451],[-124.207,48.457],[-124.248,48.47],[-124.28,48.482],[-124.292,48.485],[-124.292,48.491],[-124.304,48.502],[-124.314,48.505],[-124.365,48.509],[-124.418,48.523],[-124.44,48.525],[-124.459,48.532],[-124.441,48.547],[-124.427,48.553],[-124.393,48.561],[-124.409,48.575],[-124.417,48.575],[-124.444,48.565],[-124.473,48.558],[-124.476,48.554],[-124.498,48.543],[-124.546,48.554],[-124.604,48.564],[-124.65,48.575],[-124.656,48.58],[-124.686,48.589],[-124.716,48.594],[-124.725,48.599],[-124.735,48.611],[-124.751,48.611],[-124.762,48.617],[-124.769,48.629],[-124.783,48.638],[-124.794,48.64],[-124.815,48.662],[-124.832,48.66],[-124.851,48.671],[-124.86,48.67],[-124.871,48.676],[-124.892,48.677],[-124.91,48.682],[-124.929,48.691],[-124.936,48.692],[-124.953,48.7],[-124.973,48.701],[-125.026,48.715],[-125.062,48.722],[-125.079,48.724],[-125.099,48.721],[-125.117,48.732],[-125.118,48.739],[-125.129,48.747],[-125.126,48.76],[-125.133,48.773],[-125.115,48.791],[-125.127,48.799],[-125.143,48.787],[-125.142,48.782],[-125.153,48.776],[-125.181,48.788],[-125.198,48.782],[-125.213,48.785],[-125.208,48.798],[-125.192,48.797],[-125.182,48.802],[-125.183,48.81],[-125.168,48.815],[-125.139,48.838],[-125.129,48.848],[-125.111,48.852],[-125.107,48.864],[-125.08,48.88],[-125.066,48.885],[-125.059,48.883],[-125.033,48.884],[-125.009,48.902],[-125.004,48.913],[-125.006,48.92],[-125.022,48.925],[-125.032,48.932],[-125.018,48.944],[-125.007,48.947],[-124.998,48.94],[-124.986,48.942],[-124.987,48.956],[-124.983,48.963],[-124.964,48.973],[-124.947,48.977],[-124.906,48.973],[-124.893,48.981],[-124.892,48.989],[-124.859,49.004],[-124.857,49.016],[-124.839,49.043],[-124.835,49.071],[-124.825,49.08],[-124.814,49.096],[-124.82,49.1],[-124.811,49.108],[-124.815,49.113],[-124.797,49.132],[-124.792,49.151],[-124.792,49.16],[-124.808,49.169],[-124.816,49.184],[-124.812,49.192],[-124.811,49.206],[-124.817,49.216],[-124.812,49.222],[-124.815,49.239],[-124.812,49.244],[-124.831,49.248],[-124.839,49.242],[-124.838,49.229],[-124.828,49.216],[-124.824,49.184],[-124.832,49.181],[-124.828,49.168],[-124.814,49.161],[-124.811,49.152],[-124.817,49.121],[-124.824,49.117],[-124.827,49.105],[-124.837,49.101],[-124.831,49.088],[-124.855,49.076],[-124.861,49.069],[-124.885,49.061],[-124.863,49.056],[-124.863,49.038],[-124.874,49.011],[-124.893,49.003],[-124.898,48.993],[-124.911,48.985],[-124.936,48.983],[-124.947,48.987],[-124.986,48.984],[-124.979,48.991],[-125.018,49.012],[-125.033,49.016],[-125.04,49.008],[-125.013,49],[-124.994,48.977],[-125.003,48.966],[-125.021,48.962],[-125.012,48.984],[-125.025,48.985],[-125.05,48.998],[-125.068,48.989],[-125.084,48.977],[-125.095,48.973],[-125.11,48.973],[-125.12,48.98],[-125.141,49.008],[-125.15,49.011],[-125.16,49.003],[-125.159,48.997],[-125.167,48.989],[-125.186,48.991],[-125.184,48.996],[-125.165,49.012],[-125.148,49.023],[-125.151,49.027],[-125.139,49.04],[-125.138,49.047],[-125.147,49.06],[-125.153,49.075],[-125.17,49.086],[-125.199,49.097],[-125.196,49.09],[-125.174,49.082],[-125.168,49.074],[-125.154,49.065],[-125.154,49.055],[-125.167,49.049],[-125.157,49.038],[-125.157,49.027],[-125.169,49.015],[-125.18,49.018],[-125.194,49.005],[-125.196,48.992],[-125.193,48.977],[-125.207,48.96],[-125.227,48.949],[-125.243,48.944],[-125.251,48.954],[-125.278,48.966],[-125.302,48.968],[-125.293,48.975],[-125.296,49],[-125.313,49.001],[-125.323,49.013],[-125.297,49.016],[-125.29,49.02],[-125.236,49.028],[-125.242,49.032],[-125.28,49.024],[-125.291,49.024],[-125.311,49.029],[-125.316,49.034],[-125.332,49.031],[-125.349,49.041],[-125.364,49.028],[-125.358,49.019],[-125.371,49.004],[-125.369,48.998],[-125.394,48.985],[-125.391,48.981],[-125.418,48.964],[-125.425,48.964],[-125.446,48.95],[-125.447,48.943],[-125.458,48.943],[-125.464,48.934],[-125.479,48.922],[-125.51,48.922],[-125.519,48.934],[-125.528,48.937],[-125.558,48.958],[-125.578,48.979],[-125.586,48.976],[-125.59,48.964],[-125.57,48.958],[-125.556,48.946],[-125.549,48.947],[-125.529,48.933],[-125.543,48.927],[-125.553,48.937],[-125.573,48.94],[-125.587,48.949],[-125.589,48.957],[-125.6,48.957],[-125.607,48.97],[-125.617,48.974],[-125.613,48.987],[-125.642,49.004],[-125.654,49.003],[-125.669,48.995],[-125.675,49.003],[-125.676,49.021],[-125.694,49.037],[-125.712,49.046],[-125.725,49.056],[-125.749,49.069],[-125.77,49.073],[-125.785,49.065],[-125.804,49.069],[-125.827,49.066],[-125.828,49.07],[-125.844,49.076],[-125.858,49.078],[-125.877,49.089],[-125.874,49.107],[-125.891,49.113],[-125.915,49.148],[-125.907,49.155],[-125.892,49.15],[-125.884,49.125],[-125.875,49.12],[-125.864,49.125],[-125.854,49.124],[-125.858,49.113],[-125.843,49.113],[-125.829,49.1],[-125.819,49.105],[-125.837,49.118],[-125.808,49.12],[-125.785,49.11],[-125.781,49.101],[-125.769,49.101],[-125.747,49.091],[-125.742,49.083],[-125.727,49.089],[-125.728,49.097],[-125.752,49.105],[-125.742,49.11],[-125.719,49.114],[-125.724,49.122],[-125.685,49.141],[-125.668,49.137],[-125.664,49.144],[-125.669,49.152],[-125.653,49.154],[-125.64,49.164],[-125.637,49.181],[-125.641,49.19],[-125.634,49.199],[-125.602,49.204],[-125.609,49.219],[-125.625,49.212],[-125.642,49.208],[-125.657,49.201],[-125.655,49.176],[-125.666,49.169],[-125.672,49.183],[-125.669,49.202],[-125.679,49.199],[-125.689,49.191],[-125.688,49.181],[-125.713,49.166],[-125.719,49.149],[-125.727,49.143],[-125.751,49.145],[-125.763,49.149],[-125.77,49.145],[-125.761,49.136],[-125.766,49.129],[-125.783,49.138],[-125.783,49.152],[-125.773,49.156],[-125.763,49.169],[-125.745,49.185],[-125.753,49.198],[-125.754,49.22],[-125.749,49.234],[-125.74,49.241],[-125.737,49.249],[-125.726,49.259],[-125.734,49.263],[-125.753,49.256],[-125.758,49.249],[-125.786,49.239],[-125.809,49.243],[-125.814,49.254],[-125.808,49.264],[-125.807,49.281],[-125.8,49.3],[-125.792,49.31],[-125.793,49.328],[-125.802,49.333],[-125.786,49.35],[-125.772,49.356],[-125.777,49.363],[-125.791,49.357],[-125.804,49.345],[-125.816,49.323],[-125.815,49.314],[-125.821,49.304],[-125.829,49.299],[-125.839,49.285],[-125.835,49.276],[-125.834,49.261],[-125.843,49.261],[-125.858,49.255],[-125.863,49.262],[-125.862,49.272],[-125.873,49.275],[-125.883,49.283],[-125.92,49.277],[-125.914,49.267],[-125.936,49.258],[-125.967,49.229],[-125.975,49.229],[-126.001,49.242],[-126.008,49.241],[-126.013,49.255],[-126.024,49.262],[-126.026,49.275],[-126.032,49.285],[-126.021,49.286],[-126.009,49.281],[-126.004,49.292],[-126.013,49.296],[-126.017,49.304],[-126.002,49.305],[-125.981,49.294],[-125.971,49.301],[-125.955,49.302],[-125.957,49.314],[-125.947,49.321],[-125.953,49.334],[-125.945,49.338],[-125.931,49.364],[-125.935,49.383],[-125.932,49.391],[-125.916,49.393],[-125.904,49.398],[-125.896,49.411],[-125.902,49.421],[-125.917,49.415],[-125.914,49.409],[-125.922,49.402],[-125.933,49.403],[-125.945,49.399],[-125.96,49.372],[-125.955,49.366],[-125.973,49.347],[-125.989,49.339],[-125.99,49.329],[-126.002,49.32],[-126.014,49.319],[-126.036,49.325],[-126.038,49.331],[-126.059,49.341],[-126.059,49.36],[-126.068,49.386],[-126.075,49.395],[-126.059,49.407],[-126.061,49.422],[-126.04,49.426],[-126.035,49.435],[-126.052,49.443],[-126.053,49.434],[-126.068,49.43],[-126.077,49.438],[-126.092,49.431],[-126.123,49.43],[-126.123,49.423],[-126.142,49.415],[-126.144,49.41],[-126.164,49.41],[-126.173,49.398],[-126.192,49.398],[-126.207,49.403],[-126.226,49.404],[-126.238,49.419],[-126.231,49.428],[-126.236,49.44],[-126.232,49.452],[-126.241,49.454],[-126.251,49.437],[-126.258,49.441],[-126.268,49.463],[-126.271,49.476],[-126.279,49.484],[-126.291,49.511],[-126.297,49.503],[-126.293,49.492],[-126.282,49.475],[-126.277,49.454],[-126.292,49.448],[-126.302,49.438],[-126.291,49.431],[-126.283,49.442],[-126.268,49.445],[-126.252,49.427],[-126.255,49.405],[-126.26,49.404],[-126.263,49.387],[-126.256,49.357],[-126.272,49.358],[-126.281,49.352],[-126.289,49.36],[-126.301,49.363],[-126.312,49.372],[-126.323,49.374],[-126.335,49.383],[-126.338,49.39],[-126.351,49.402],[-126.374,49.408],[-126.402,49.411],[-126.404,49.428],[-126.415,49.435],[-126.418,49.442],[-126.432,49.447],[-126.428,49.454],[-126.413,49.46],[-126.412,49.472],[-126.424,49.477],[-126.448,49.469],[-126.454,49.456],[-126.469,49.444],[-126.476,49.444],[-126.489,49.431],[-126.49,49.423],[-126.483,49.417],[-126.462,49.407],[-126.469,49.397],[-126.466,49.39],[-126.476,49.378],[-126.496,49.382],[-126.516,49.378],[-126.54,49.38],[-126.541,49.39],[-126.553,49.4],[-126.565,49.404],[-126.574,49.421],[-126.564,49.426],[-126.556,49.444],[-126.548,49.449],[-126.567,49.456],[-126.571,49.475],[-126.561,49.484],[-126.558,49.509],[-126.55,49.515],[-126.557,49.526],[-126.569,49.532],[-126.559,49.539],[-126.565,49.555],[-126.561,49.566],[-126.566,49.579],[-126.548,49.589],[-126.526,49.591],[-126.523,49.595],[-126.501,49.605],[-126.491,49.621],[-126.479,49.63],[-126.478,49.644],[-126.463,49.644],[-126.458,49.632],[-126.445,49.631],[-126.441,49.637],[-126.402,49.639],[-126.375,49.629],[-126.351,49.631],[-126.339,49.638],[-126.281,49.638],[-126.276,49.643],[-126.258,49.642],[-126.228,49.646],[-126.223,49.652],[-126.19,49.657],[-126.177,49.656],[-126.161,49.65],[-126.141,49.658],[-126.105,49.658],[-126.091,49.636],[-126.07,49.628],[-126.054,49.612],[-126.049,49.621],[-126.058,49.63],[-126.075,49.635],[-126.085,49.642],[-126.087,49.655],[-126.104,49.678],[-126.114,49.681],[-126.133,49.676],[-126.163,49.677],[-126.184,49.671],[-126.193,49.672],[-126.224,49.667],[-126.237,49.659],[-126.268,49.651],[-126.339,49.648],[-126.348,49.645],[-126.361,49.651],[-126.372,49.652],[-126.379,49.658],[-126.41,49.663],[-126.428,49.66],[-126.441,49.653],[-126.47,49.67],[-126.469,49.677],[-126.499,49.686],[-126.491,49.691],[-126.49,49.703],[-126.483,49.71],[-126.468,49.714],[-126.457,49.722],[-126.436,49.756],[-126.422,49.755],[-126.401,49.764],[-126.404,49.772],[-126.425,49.767],[-126.453,49.762],[-126.464,49.768],[-126.455,49.78],[-126.439,49.792],[-126.465,49.788],[-126.49,49.801],[-126.495,49.798],[-126.477,49.774],[-126.473,49.762],[-126.461,49.756],[-126.456,49.749],[-126.475,49.728],[-126.488,49.736],[-126.494,49.733],[-126.509,49.739],[-126.522,49.74],[-126.495,49.721],[-126.496,49.713],[-126.513,49.706],[-126.531,49.707],[-126.534,49.702],[-126.555,49.694],[-126.592,49.697],[-126.613,49.721],[-126.627,49.748],[-126.627,49.761],[-126.64,49.78],[-126.644,49.8],[-126.651,49.809],[-126.654,49.855],[-126.654,49.871],[-126.649,49.897],[-126.643,49.912],[-126.663,49.92],[-126.663,49.905],[-126.669,49.898],[-126.667,49.887],[-126.679,49.865],[-126.686,49.863],[-126.708,49.865],[-126.712,49.873],[-126.733,49.868],[-126.75,49.873],[-126.781,49.899],[-126.784,49.914],[-126.792,49.931],[-126.8,49.938],[-126.802,49.949],[-126.846,49.959],[-126.844,49.978],[-126.857,49.978],[-126.861,49.957],[-126.852,49.951],[-126.82,49.945],[-126.813,49.927],[-126.803,49.914],[-126.804,49.902],[-126.819,49.892],[-126.816,49.888],[-126.826,49.881],[-126.854,49.875],[-126.858,49.872],[-126.909,49.869],[-126.915,49.874],[-126.915,49.891],[-126.923,49.903],[-126.918,49.914],[-126.918,49.933],[-126.925,49.944],[-126.931,49.966],[-126.928,49.977],[-126.931,49.984],[-126.947,49.985],[-126.946,49.969],[-126.936,49.933],[-126.942,49.923],[-126.937,49.898],[-126.941,49.861],[-126.957,49.856],[-126.979,49.861],[-126.973,49.871],[-126.99,49.874],[-127.006,49.881],[-127.014,49.889],[-127.018,49.907],[-127.026,49.92],[-127.048,49.932],[-127.025,49.893],[-127.02,49.881],[-127.008,49.87],[-126.991,49.864],[-126.996,49.856],[-127.014,49.85],[-127.066,49.858],[-127.077,49.863],[-127.085,49.86],[-127.095,49.866],[-127.128,49.861],[-127.141,49.858],[-127.153,49.86],[-127.168,49.871],[-127.182,49.899],[-127.194,49.903],[-127.205,49.925],[-127.217,49.926],[-127.226,49.946],[-127.221,49.948],[-127.241,49.964],[-127.231,49.978],[-127.224,49.978],[-127.211,49.991],[-127.187,50.001],[-127.173,50.003],[-127.151,50],[-127.159,50.017],[-127.146,50.024],[-127.112,50.018],[-127.102,50.028],[-127.126,50.026],[-127.152,50.027],[-127.195,50.013],[-127.206,50.006],[-127.213,50.012],[-127.233,50.011],[-127.253,50.001],[-127.264,49.983],[-127.281,49.973],[-127.288,49.978],[-127.291,49.992],[-127.304,49.99],[-127.322,50.005],[-127.313,50.015],[-127.314,50.027],[-127.291,50.04],[-127.265,50.038],[-127.241,50.041],[-127.235,50.05],[-127.223,50.055],[-127.212,50.054],[-127.202,50.061],[-127.194,50.059],[-127.201,50.041],[-127.215,50.033],[-127.192,50.025],[-127.172,50.039],[-127.171,50.046],[-127.178,50.061],[-127.185,50.065],[-127.174,50.073],[-127.155,50.073],[-127.149,50.063],[-127.13,50.063],[-127.099,50.059],[-127.098,50.063],[-127.135,50.069],[-127.144,50.069],[-127.155,50.079],[-127.123,50.093],[-127.122,50.098],[-127.103,50.103],[-127.092,50.103],[-127.085,50.113],[-127.093,50.146],[-127.105,50.138],[-127.099,50.127],[-127.115,50.114],[-127.132,50.105],[-127.151,50.106],[-127.169,50.096],[-127.2,50.092],[-127.217,50.094],[-127.229,50.101],[-127.23,50.119],[-127.25,50.125],[-127.251,50.131],[-127.265,50.137],[-127.264,50.142],[-127.281,50.146],[-127.307,50.16],[-127.3,50.169],[-127.304,50.176],[-127.3,50.187],[-127.31,50.188],[-127.312,50.174],[-127.306,50.147],[-127.309,50.139],[-127.306,50.127],[-127.289,50.118],[-127.291,50.129],[-127.28,50.129],[-127.265,50.118],[-127.27,50.109],[-127.284,50.097],[-127.27,50.086],[-127.274,50.078],[-127.287,50.069],[-127.275,50.064],[-127.271,50.054],[-127.287,50.054],[-127.301,50.045],[-127.326,50.037],[-127.33,50.03],[-127.351,50.021],[-127.359,50.027],[-127.348,50.041],[-127.358,50.044],[-127.361,50.031],[-127.387,50.03],[-127.399,50.032],[-127.41,50.041],[-127.428,50.04],[-127.436,50.044],[-127.443,50.064],[-127.472,50.082],[-127.485,50.093],[-127.478,50.115],[-127.459,50.124],[-127.435,50.125],[-127.436,50.133],[-127.468,50.131],[-127.499,50.115],[-127.515,50.123],[-127.505,50.141],[-127.489,50.144],[-127.486,50.151],[-127.471,50.155],[-127.457,50.165],[-127.453,50.179],[-127.436,50.183],[-127.433,50.189],[-127.456,50.185],[-127.46,50.179],[-127.48,50.175],[-127.495,50.163],[-127.504,50.162],[-127.51,50.147],[-127.53,50.14],[-127.53,50.133],[-127.556,50.124],[-127.575,50.128],[-127.607,50.115],[-127.62,50.118],[-127.639,50.137],[-127.631,50.154],[-127.632,50.161],[-127.621,50.168],[-127.611,50.192],[-127.622,50.188],[-127.627,50.175],[-127.635,50.169],[-127.652,50.172],[-127.66,50.186],[-127.667,50.182],[-127.651,50.171],[-127.659,50.15],[-127.673,50.151],[-127.696,50.131],[-127.733,50.123],[-127.757,50.105],[-127.764,50.104],[-127.788,50.084],[-127.808,50.08],[-127.834,50.088],[-127.858,50.094],[-127.863,50.092],[-127.881,50.098],[-127.885,50.104],[-127.915,50.113],[-127.918,50.131],[-127.907,50.132],[-127.903,50.139],[-127.884,50.148],[-127.857,50.158],[-127.846,50.169],[-127.838,50.169],[-127.811,50.2],[-127.8,50.195],[-127.793,50.209],[-127.801,50.215],[-127.789,50.223],[-127.778,50.221],[-127.764,50.228],[-127.756,50.238],[-127.728,50.241],[-127.747,50.253],[-127.774,50.245],[-127.795,50.248],[-127.819,50.257],[-127.854,50.281],[-127.848,50.289],[-127.828,50.296],[-127.819,50.294],[-127.805,50.303],[-127.803,50.317],[-127.775,50.313],[-127.754,50.302],[-127.732,50.302],[-127.766,50.318],[-127.787,50.325],[-127.807,50.324],[-127.817,50.315],[-127.839,50.307],[-127.858,50.313],[-127.874,50.344],[-127.901,50.34],[-127.913,50.33],[-127.932,50.324],[-127.942,50.325],[-127.95,50.319],[-127.975,50.329],[-127.975,50.335],[-127.99,50.345],[-127.977,50.351],[-127.961,50.366],[-127.957,50.398],[-127.947,50.401],[-127.951,50.409],[-127.944,50.416],[-127.933,50.418],[-127.928,50.43],[-127.94,50.437],[-127.936,50.465],[-127.914,50.466],[-127.891,50.454],[-127.873,50.459],[-127.861,50.459],[-127.853,50.469],[-127.843,50.47],[-127.81,50.457],[-127.801,50.459],[-127.79,50.471],[-127.771,50.483],[-127.754,50.476],[-127.743,50.482],[-127.732,50.478],[-127.712,50.486],[-127.685,50.491],[-127.654,50.487],[-127.624,50.481],[-127.618,50.491],[-127.606,50.486],[-127.583,50.49],[-127.575,50.485],[-127.534,50.446],[-127.53,50.436],[-127.516,50.423],[-127.499,50.403],[-127.497,50.395],[-127.483,50.384],[-127.473,50.386],[-127.467,50.376],[-127.452,50.372],[-127.448,50.35],[-127.437,50.369],[-127.443,50.38],[-127.478,50.401],[-127.486,50.411],[-127.482,50.419],[-127.502,50.446],[-127.531,50.468],[-127.538,50.478],[-127.552,50.483],[-127.569,50.502],[-127.581,50.504],[-127.607,50.521],[-127.592,50.531],[-127.571,50.522],[-127.564,50.528],[-127.563,50.543],[-127.556,50.553],[-127.532,50.551],[-127.523,50.539],[-127.514,50.541],[-127.527,50.554],[-127.53,50.567],[-127.519,50.572],[-127.482,50.577],[-127.419,50.582],[-127.418,50.593],[-127.424,50.599],[-127.463,50.587],[-127.477,50.587],[-127.491,50.593],[-127.51,50.593],[-127.537,50.582],[-127.54,50.575],[-127.555,50.569],[-127.57,50.581],[-127.579,50.584],[-127.576,50.601],[-127.593,50.594],[-127.624,50.595],[-127.649,50.601],[-127.651,50.607],[-127.681,50.606],[-127.701,50.61],[-127.707,50.604],[-127.728,50.607],[-127.748,50.605],[-127.759,50.607],[-127.785,50.608],[-127.792,50.605],[-127.823,50.612],[-127.839,50.618],[-127.849,50.617],[-127.881,50.622],[-127.895,50.628],[-127.897,50.633],[-127.944,50.64],[-127.956,50.646],[-127.973,50.646],[-128,50.65],[-128.004,50.646],[-127.99,50.639],[-127.962,50.631],[-127.927,50.63],[-127.907,50.626],[-127.878,50.616],[-127.84,50.611],[-127.784,50.596],[-127.763,50.595],[-127.757,50.585],[-127.746,50.588],[-127.706,50.584],[-127.67,50.584],[-127.642,50.58],[-127.616,50.581],[-127.597,50.574],[-127.559,50.554],[-127.567,50.547],[-127.57,50.534],[-127.578,50.535],[-127.598,50.544],[-127.613,50.533],[-127.645,50.537],[-127.663,50.533],[-127.673,50.528],[-127.707,50.516],[-127.737,50.513],[-127.756,50.504],[-127.799,50.493],[-127.802,50.484],[-127.819,50.484],[-127.839,50.488],[-127.843,50.496],[-127.834,50.5],[-127.838,50.508],[-127.859,50.507],[-127.862,50.503],[-127.878,50.502],[-127.874,50.489],[-127.897,50.479],[-127.917,50.484],[-127.937,50.478],[-127.956,50.48],[-127.977,50.47],[-127.986,50.472],[-128.01,50.47],[-128.013,50.483],[-128.032,50.5],[-128.01,50.517],[-128.011,50.526],[-127.993,50.53],[-127.972,50.542],[-128.013,50.538],[-128.014,50.533],[-128.03,50.518],[-128.029,50.511],[-128.041,50.504],[-128.043,50.494],[-128.055,50.489],[-128.045,50.472],[-128.03,50.462],[-128.038,50.447],[-128.059,50.452],[-128.064,50.465],[-128.077,50.468],[-128.082,50.479],[-128.1,50.48],[-128.109,50.472],[-128.14,50.505],[-128.162,50.508],[-128.176,50.521],[-128.207,50.529],[-128.218,50.555],[-128.234,50.562],[-128.244,50.571],[-128.226,50.586],[-128.263,50.597],[-128.273,50.606],[-128.28,50.604],[-128.303,50.609],[-128.325,50.629],[-128.328,50.637],[-128.316,50.648],[-128.29,50.65],[-128.273,50.674],[-128.292,50.678],[-128.309,50.665],[-128.344,50.673],[-128.345,50.688],[-128.354,50.69],[-128.36,50.671],[-128.373,50.675],[-128.373,50.692],[-128.363,50.702],[-128.374,50.717],[-128.388,50.727],[-128.372,50.733],[-128.365,50.748],[-128.356,50.758],[-128.349,50.76],[-128.355,50.772],[-128.369,50.753],[-128.375,50.74],[-128.384,50.735],[-128.409,50.742],[-128.398,50.752],[-128.405,50.758],[-128.403,50.772],[-128.415,50.767],[-128.429,50.772],[-128.432,50.784],[-128.42,50.783],[-128.414,50.776],[-128.39,50.781],[-128.385,50.785],[-128.367,50.782],[-128.355,50.788],[-128.35,50.801],[-128.328,50.806],[-128.315,50.795],[-128.301,50.795],[-128.291,50.803],[-128.274,50.807],[-128.266,50.801],[-128.249,50.803],[-128.227,50.816],[-128.212,50.829],[-128.211,50.834],[-128.185,50.834],[-128.177,50.843],[-128.158,50.842],[-128.133,50.838],[-128.124,50.841],[-128.12,50.853],[-128.097,50.868],[-128.066,50.87],[-128.054,50.877]]],[[[-125.346,51.773],[-125.326,51.772],[-125.308,51.776],[-125.285,51.77],[-125.276,51.773],[-125.257,51.765],[-125.236,51.746],[-125.248,51.739],[-125.257,51.73],[-125.26,51.718],[-125.25,51.711],[-125.221,51.704],[-125.238,51.694],[-125.233,51.689],[-125.236,51.675],[-125.247,51.672],[-125.253,51.654],[-125.245,51.644],[-125.228,51.64],[-125.223,51.632],[-125.235,51.624],[-125.255,51.618],[-125.268,51.601],[-125.286,51.597],[-125.282,51.582],[-125.288,51.573],[-125.279,51.57],[-125.251,51.57],[-125.245,51.56],[-125.27,51.547],[-125.263,51.533],[-125.254,51.526],[-125.243,51.525],[-125.241,51.516],[-125.249,51.511],[-125.26,51.512],[-125.29,51.503],[-125.284,51.494],[-125.283,51.483],[-125.29,51.476],[-125.306,51.477],[-125.335,51.485],[-125.34,51.475],[-125.327,51.468],[-125.312,51.456],[-125.333,51.453],[-125.337,51.44],[-125.328,51.436],[-125.329,51.428],[-125.342,51.415],[-125.341,51.404],[-125.334,51.39],[-125.31,51.385],[-125.296,51.386],[-125.242,51.362],[-125.235,51.347],[-125.215,51.337],[-125.219,51.33],[-125.206,51.328],[-125.163,51.317],[-125.139,51.322],[-125.128,51.315],[-125.096,51.316],[-125.055,51.304],[-125.054,51.296],[-125.032,51.293],[-125.01,51.281],[-124.992,51.287],[-124.964,51.278],[-124.944,51.284],[-124.935,51.295],[-124.918,51.306],[-124.902,51.303],[-124.886,51.308],[-124.881,51.297],[-124.86,51.305],[-124.843,51.3],[-124.839,51.306],[-124.815,51.309],[-124.798,51.3],[-124.772,51.294],[-124.772,51.277],[-124.76,51.267],[-124.765,51.26],[-124.761,51.25],[-124.765,51.242],[-124.759,51.236],[-124.737,51.231],[-124.735,51.225],[-124.717,51.232],[-124.702,51.224],[-124.689,51.209],[-124.678,51.221],[-124.662,51.216],[-124.656,51.207],[-124.629,51.206],[-124.629,51.196],[-124.61,51.196],[-124.604,51.188],[-124.588,51.186],[-124.57,51.18],[-124.552,51.187],[-124.535,51.182],[-124.533,51.174],[-124.514,51.171],[-124.508,51.173],[-124.491,51.167],[-124.488,51.162],[-124.472,51.163],[-124.459,51.17],[-124.455,51.186],[-124.441,51.19],[-124.425,51.191],[-124.401,51.196],[-124.394,51.191],[-124.369,51.196],[-124.377,51.181],[-124.376,51.157],[-124.382,51.15],[-124.373,51.145],[-124.338,51.15],[-124.305,51.131],[-124.291,51.144],[-124.247,51.143],[-124.24,51.15],[-124.23,51.149],[-124.215,51.137],[-124.196,51.14],[-124.19,51.128],[-124.17,51.128],[-124.177,51.117],[-124.173,51.1],[-124.179,51.093],[-124.194,51.09],[-124.198,51.079],[-124.21,51.074],[-124.231,51.075],[-124.227,51.065],[-124.231,51.056],[-124.211,51.05],[-124.174,51.059],[-124.172,51.055],[-124.146,51.045],[-124.158,51.041],[-124.153,51.03],[-124.141,51.031],[-124.134,51.021],[-124.089,51.012],[-124.083,50.998],[-124.092,50.992],[-124.09,50.982],[-124.071,50.984],[-124.058,50.948],[-124.035,50.936],[-124.027,50.938],[-124.008,50.958],[-123.994,50.963],[-123.984,50.96],[-123.957,50.96],[-123.943,50.953],[-123.926,50.935],[-123.92,50.942],[-123.9,50.938],[-123.89,50.947],[-123.879,50.949],[-123.876,50.94],[-123.853,50.931],[-123.841,50.934],[-123.84,50.924],[-123.823,50.905],[-123.81,50.912],[-123.79,50.914],[-123.785,50.909],[-123.764,50.905],[-123.771,50.892],[-123.766,50.885],[-123.755,50.887],[-123.734,50.884],[-123.724,50.892],[-123.71,50.897],[-123.703,50.892],[-123.7,50.882],[-123.687,50.877],[-123.709,50.847],[-123.72,50.848],[-123.725,50.831],[-123.733,50.841],[-123.767,50.839],[-123.793,50.831],[-123.816,50.835],[-123.831,50.83],[-123.828,50.821],[-123.811,50.817],[-123.806,50.806],[-123.797,50.798],[-123.814,50.792],[-123.824,50.779],[-123.841,50.769],[-123.843,50.755],[-123.833,50.743],[-123.842,50.736],[-123.824,50.722],[-123.832,50.714],[-123.862,50.71],[-123.874,50.721],[-123.892,50.721],[-123.897,50.727],[-123.922,50.739],[-123.923,50.754],[-123.936,50.752],[-123.953,50.757],[-123.957,50.774],[-123.962,50.779],[-123.98,50.786],[-123.97,50.8],[-123.981,50.807],[-124.009,50.808],[-124.031,50.811],[-124.037,50.818],[-124.033,50.833],[-124.042,50.837],[-124.067,50.836],[-124.077,50.824],[-124.112,50.833],[-124.125,50.832],[-124.13,50.817],[-124.123,50.81],[-124.131,50.804],[-124.131,50.794],[-124.142,50.791],[-124.163,50.799],[-124.175,50.8],[-124.199,50.808],[-124.208,50.821],[-124.22,50.824],[-124.244,50.816],[-124.262,50.824],[-124.256,50.838],[-124.263,50.845],[-124.26,50.855],[-124.265,50.864],[-124.286,50.859],[-124.303,50.851],[-124.314,50.85],[-124.322,50.843],[-124.334,50.837],[-124.327,50.819],[-124.348,50.81],[-124.36,50.8],[-124.352,50.79],[-124.38,50.78],[-124.382,50.773],[-124.36,50.765],[-124.347,50.749],[-124.369,50.738],[-124.384,50.72],[-124.404,50.716],[-124.416,50.706],[-124.417,50.699],[-124.443,50.682],[-124.447,50.672],[-124.476,50.661],[-124.496,50.674],[-124.494,50.683],[-124.5,50.698],[-124.524,50.69],[-124.538,50.675],[-124.558,50.671],[-124.56,50.667],[-124.58,50.66],[-124.591,50.663],[-124.603,50.661],[-124.6,50.652],[-124.603,50.638],[-124.58,50.63],[-124.583,50.622],[-124.572,50.614],[-124.568,50.604],[-124.587,50.591],[-124.579,50.577],[-124.581,50.571],[-124.561,50.559],[-124.554,50.54],[-124.536,50.538],[-124.53,50.526],[-124.519,50.523],[-124.517,50.512],[-124.518,50.494],[-124.515,50.486],[-124.528,50.482],[-124.549,50.484],[-124.562,50.476],[-124.567,50.464],[-124.581,50.457],[-124.58,50.42],[-124.612,50.419],[-124.646,50.426],[-124.662,50.437],[-124.674,50.434],[-124.672,50.426],[-124.693,50.401],[-124.704,50.397],[-124.7,50.39],[-124.712,50.373],[-124.731,50.358],[-124.74,50.358],[-124.752,50.345],[-124.77,50.342],[-124.801,50.322],[-124.808,50.316],[-124.83,50.307],[-124.836,50.31],[-124.885,50.319],[-124.893,50.325],[-124.916,50.327],[-124.938,50.326],[-124.962,50.337],[-124.965,50.345],[-124.959,50.355],[-124.95,50.358],[-124.94,50.377],[-124.942,50.386],[-124.956,50.404],[-124.963,50.429],[-124.98,50.44],[-125,50.446],[-125.013,50.44],[-124.988,50.42],[-124.98,50.405],[-124.981,50.4],[-124.969,50.378],[-124.975,50.368],[-124.994,50.347],[-125.003,50.343],[-125.018,50.343],[-125.026,50.347],[-125.042,50.346],[-125.032,50.333],[-125.042,50.321],[-125.055,50.315],[-125.069,50.319],[-125.08,50.326],[-125.08,50.34],[-125.091,50.345],[-125.088,50.356],[-125.069,50.359],[-125.054,50.374],[-125.059,50.379],[-125.052,50.387],[-125.066,50.41],[-125.057,50.419],[-125.055,50.437],[-125.057,50.444],[-125.043,50.452],[-125.051,50.464],[-125.05,50.481],[-125.024,50.484],[-125.008,50.494],[-124.993,50.498],[-124.97,50.5],[-124.965,50.507],[-124.95,50.517],[-124.935,50.534],[-124.944,50.545],[-124.944,50.553],[-124.922,50.551],[-124.886,50.561],[-124.876,50.568],[-124.874,50.582],[-124.86,50.599],[-124.868,50.606],[-124.867,50.617],[-124.874,50.629],[-124.861,50.642],[-124.865,50.658],[-124.853,50.666],[-124.864,50.689],[-124.848,50.697],[-124.833,50.713],[-124.833,50.735],[-124.848,50.747],[-124.861,50.752],[-124.865,50.764],[-124.895,50.77],[-124.912,50.786],[-124.913,50.804],[-124.883,50.814],[-124.864,50.825],[-124.852,50.84],[-124.844,50.845],[-124.837,50.873],[-124.828,50.873],[-124.803,50.888],[-124.791,50.886],[-124.791,50.899],[-124.8,50.915],[-124.825,50.931],[-124.854,50.93],[-124.852,50.913],[-124.854,50.901],[-124.871,50.888],[-124.882,50.886],[-124.895,50.872],[-124.9,50.86],[-124.896,50.856],[-124.912,50.837],[-124.955,50.832],[-124.971,50.822],[-124.982,50.81],[-124.982,50.797],[-124.963,50.787],[-124.944,50.784],[-124.951,50.776],[-124.948,50.755],[-124.916,50.746],[-124.903,50.737],[-124.89,50.732],[-124.916,50.704],[-124.918,50.695],[-124.912,50.684],[-124.929,50.672],[-124.923,50.666],[-124.916,50.646],[-124.899,50.64],[-124.898,50.636],[-124.91,50.622],[-124.918,50.602],[-124.932,50.589],[-124.955,50.588],[-124.989,50.569],[-124.996,50.559],[-124.992,50.538],[-125.022,50.524],[-125.045,50.516],[-125.108,50.5],[-125.106,50.489],[-125.113,50.482],[-125.106,50.471],[-125.111,50.461],[-125.098,50.445],[-125.114,50.431],[-125.144,50.42],[-125.16,50.42],[-125.168,50.409],[-125.183,50.408],[-125.208,50.422],[-125.224,50.423],[-125.225,50.441],[-125.235,50.448],[-125.27,50.46],[-125.256,50.47],[-125.251,50.485],[-125.245,50.488],[-125.247,50.503],[-125.223,50.502],[-125.197,50.508],[-125.17,50.512],[-125.151,50.506],[-125.139,50.514],[-125.183,50.52],[-125.209,50.514],[-125.217,50.508],[-125.233,50.507],[-125.263,50.5],[-125.286,50.48],[-125.299,50.465],[-125.297,50.457],[-125.315,50.461],[-125.338,50.471],[-125.351,50.482],[-125.358,50.497],[-125.351,50.508],[-125.357,50.515],[-125.357,50.535],[-125.364,50.557],[-125.375,50.55],[-125.371,50.545],[-125.375,50.533],[-125.386,50.527],[-125.387,50.519],[-125.374,50.505],[-125.38,50.487],[-125.395,50.474],[-125.397,50.468],[-125.418,50.458],[-125.425,50.458],[-125.436,50.449],[-125.481,50.444],[-125.495,50.444],[-125.516,50.453],[-125.54,50.448],[-125.551,50.45],[-125.579,50.448],[-125.593,50.449],[-125.59,50.46],[-125.578,50.468],[-125.577,50.48],[-125.566,50.492],[-125.552,50.499],[-125.544,50.513],[-125.547,50.521],[-125.529,50.535],[-125.53,50.541],[-125.522,50.552],[-125.536,50.56],[-125.54,50.567],[-125.537,50.583],[-125.527,50.589],[-125.534,50.611],[-125.529,50.634],[-125.51,50.66],[-125.507,50.669],[-125.485,50.667],[-125.458,50.674],[-125.454,50.678],[-125.45,50.694],[-125.441,50.703],[-125.428,50.711],[-125.422,50.72],[-125.457,50.714],[-125.464,50.721],[-125.476,50.723],[-125.474,50.711],[-125.464,50.7],[-125.467,50.69],[-125.486,50.681],[-125.512,50.679],[-125.528,50.674],[-125.535,50.655],[-125.555,50.637],[-125.559,50.628],[-125.557,50.608],[-125.553,50.595],[-125.568,50.582],[-125.561,50.578],[-125.56,50.568],[-125.55,50.55],[-125.564,50.543],[-125.575,50.529],[-125.607,50.514],[-125.59,50.512],[-125.582,50.505],[-125.605,50.467],[-125.617,50.45],[-125.635,50.438],[-125.667,50.428],[-125.704,50.422],[-125.737,50.441],[-125.769,50.469],[-125.764,50.474],[-125.742,50.48],[-125.712,50.482],[-125.719,50.49],[-125.756,50.484],[-125.756,50.479],[-125.77,50.473],[-125.778,50.482],[-125.777,50.491],[-125.794,50.492],[-125.809,50.487],[-125.817,50.49],[-125.816,50.5],[-125.77,50.516],[-125.76,50.515],[-125.729,50.52],[-125.73,50.526],[-125.754,50.526],[-125.778,50.534],[-125.799,50.523],[-125.814,50.523],[-125.832,50.539],[-125.838,50.534],[-125.827,50.528],[-125.829,50.514],[-125.839,50.509],[-125.849,50.495],[-125.862,50.496],[-125.886,50.491],[-125.904,50.48],[-125.932,50.471],[-125.964,50.469],[-125.993,50.475],[-125.985,50.494],[-126.006,50.493],[-126.015,50.485],[-126.029,50.481],[-126.036,50.474],[-126.05,50.475],[-126.084,50.485],[-126.087,50.494],[-126.077,50.506],[-126.06,50.503],[-126.037,50.515],[-126.021,50.52],[-125.995,50.519],[-125.985,50.532],[-125.967,50.541],[-125.937,50.548],[-125.945,50.553],[-125.971,50.547],[-125.977,50.54],[-125.992,50.538],[-125.997,50.533],[-126.021,50.532],[-126.037,50.524],[-126.068,50.52],[-126.089,50.506],[-126.095,50.493],[-126.132,50.483],[-126.156,50.486],[-126.169,50.492],[-126.194,50.497],[-126.203,50.501],[-126.215,50.499],[-126.24,50.503],[-126.242,50.508],[-126.271,50.508],[-126.282,50.515],[-126.284,50.527],[-126.256,50.526],[-126.235,50.533],[-126.225,50.532],[-126.211,50.538],[-126.195,50.534],[-126.182,50.52],[-126.173,50.523],[-126.184,50.537],[-126.19,50.551],[-126.186,50.562],[-126.19,50.569],[-126.172,50.576],[-126.15,50.58],[-126.143,50.587],[-126.126,50.593],[-126.111,50.591],[-126.103,50.598],[-126.071,50.6],[-126.053,50.61],[-126.031,50.612],[-126.005,50.611],[-126,50.619],[-125.959,50.622],[-125.948,50.628],[-125.938,50.637],[-125.974,50.642],[-126.003,50.633],[-126.027,50.621],[-126.077,50.617],[-126.13,50.598],[-126.148,50.599],[-126.167,50.589],[-126.19,50.58],[-126.206,50.586],[-126.24,50.584],[-126.262,50.592],[-126.27,50.602],[-126.273,50.615],[-126.241,50.623],[-126.247,50.627],[-126.27,50.62],[-126.297,50.626],[-126.294,50.632],[-126.275,50.63],[-126.231,50.636],[-126.209,50.637],[-126.175,50.648],[-126.163,50.64],[-126.106,50.645],[-126.101,50.648],[-126.07,50.658],[-126.042,50.661],[-126.029,50.66],[-126.003,50.668],[-125.983,50.664],[-125.958,50.667],[-125.929,50.666],[-125.907,50.667],[-125.887,50.664],[-125.858,50.671],[-125.851,50.678],[-125.833,50.682],[-125.795,50.682],[-125.789,50.678],[-125.767,50.675],[-125.757,50.68],[-125.76,50.687],[-125.739,50.688],[-125.738,50.664],[-125.728,50.672],[-125.724,50.683],[-125.702,50.687],[-125.694,50.701],[-125.682,50.71],[-125.678,50.727],[-125.684,50.732],[-125.674,50.738],[-125.666,50.751],[-125.639,50.751],[-125.63,50.757],[-125.616,50.759],[-125.613,50.776],[-125.601,50.784],[-125.591,50.796],[-125.61,50.815],[-125.634,50.825],[-125.645,50.84],[-125.647,50.852],[-125.632,50.864],[-125.622,50.864],[-125.614,50.875],[-125.601,50.869],[-125.581,50.87],[-125.563,50.865],[-125.553,50.868],[-125.538,50.878],[-125.532,50.89],[-125.536,50.895],[-125.53,50.909],[-125.516,50.926],[-125.504,50.932],[-125.501,50.943],[-125.505,50.955],[-125.52,50.969],[-125.536,50.974],[-125.527,50.985],[-125.531,50.996],[-125.541,51.002],[-125.544,51.027],[-125.538,51.044],[-125.543,51.057],[-125.552,51.065],[-125.565,51.069],[-125.575,51.077],[-125.589,51.082],[-125.587,51.095],[-125.612,51.094],[-125.64,51.09],[-125.634,51.067],[-125.608,51.052],[-125.591,51.036],[-125.593,51.005],[-125.578,50.986],[-125.59,50.973],[-125.592,50.966],[-125.569,50.952],[-125.55,50.95],[-125.545,50.937],[-125.553,50.923],[-125.568,50.916],[-125.565,50.906],[-125.571,50.902],[-125.593,50.902],[-125.604,50.908],[-125.64,50.9],[-125.637,50.886],[-125.654,50.883],[-125.685,50.875],[-125.679,50.867],[-125.688,50.851],[-125.682,50.837],[-125.682,50.818],[-125.654,50.81],[-125.643,50.788],[-125.652,50.774],[-125.674,50.776],[-125.683,50.78],[-125.705,50.761],[-125.703,50.753],[-125.722,50.745],[-125.714,50.734],[-125.711,50.717],[-125.731,50.707],[-125.756,50.71],[-125.804,50.702],[-125.851,50.702],[-125.891,50.693],[-125.917,50.689],[-125.958,50.685],[-125.978,50.693],[-125.958,50.7],[-125.97,50.704],[-125.987,50.698],[-126.001,50.696],[-126.014,50.703],[-126.022,50.696],[-126.041,50.689],[-126.056,50.688],[-126.067,50.681],[-126.093,50.675],[-126.124,50.671],[-126.178,50.669],[-126.198,50.689],[-126.193,50.713],[-126.168,50.721],[-126.157,50.729],[-126.143,50.729],[-126.129,50.734],[-126.124,50.743],[-126.114,50.747],[-126.111,50.755],[-126.081,50.765],[-126.07,50.773],[-126.023,50.782],[-126.009,50.793],[-126.024,50.807],[-126.036,50.793],[-126.058,50.791],[-126.088,50.781],[-126.112,50.778],[-126.119,50.769],[-126.139,50.77],[-126.152,50.776],[-126.187,50.782],[-126.204,50.81],[-126.19,50.824],[-126.176,50.832],[-126.168,50.841],[-126.17,50.856],[-126.164,50.866],[-126.185,50.876],[-126.195,50.858],[-126.19,50.848],[-126.195,50.842],[-126.213,50.834],[-126.251,50.833],[-126.261,50.844],[-126.25,50.858],[-126.235,50.866],[-126.253,50.868],[-126.264,50.861],[-126.28,50.846],[-126.307,50.844],[-126.328,50.851],[-126.35,50.842],[-126.372,50.838],[-126.374,50.833],[-126.431,50.823],[-126.476,50.814],[-126.506,50.817],[-126.487,50.836],[-126.467,50.848],[-126.483,50.852],[-126.512,50.864],[-126.524,50.862],[-126.532,50.853],[-126.51,50.852],[-126.487,50.846],[-126.493,50.836],[-126.509,50.829],[-126.555,50.831],[-126.566,50.834],[-126.575,50.851],[-126.562,50.851],[-126.555,50.859],[-126.555,50.868],[-126.539,50.872],[-126.539,50.882],[-126.55,50.885],[-126.548,50.898],[-126.53,50.905],[-126.509,50.907],[-126.499,50.924],[-126.487,50.926],[-126.464,50.924],[-126.445,50.915],[-126.44,50.909],[-126.426,50.908],[-126.415,50.896],[-126.445,50.877],[-126.436,50.876],[-126.412,50.885],[-126.403,50.89],[-126.4,50.9],[-126.414,50.902],[-126.417,50.91],[-126.404,50.916],[-126.39,50.918],[-126.362,50.917],[-126.352,50.912],[-126.325,50.913],[-126.311,50.917],[-126.286,50.914],[-126.255,50.906],[-126.243,50.908],[-126.216,50.904],[-126.198,50.905],[-126.195,50.916],[-126.187,50.927],[-126.199,50.936],[-126.211,50.933],[-126.226,50.925],[-126.275,50.927],[-126.284,50.931],[-126.309,50.934],[-126.334,50.928],[-126.35,50.93],[-126.358,50.936],[-126.391,50.932],[-126.432,50.945],[-126.445,50.946],[-126.461,50.944],[-126.472,50.951],[-126.473,50.959],[-126.483,50.962],[-126.492,50.976],[-126.488,50.984],[-126.503,50.994],[-126.509,51.007],[-126.504,51.018],[-126.516,51.038],[-126.533,51.037],[-126.548,51.012],[-126.55,51.003],[-126.543,50.999],[-126.538,50.982],[-126.513,50.956],[-126.512,50.941],[-126.534,50.935],[-126.558,50.921],[-126.56,50.911],[-126.585,50.905],[-126.626,50.886],[-126.655,50.883],[-126.657,50.873],[-126.666,50.867],[-126.686,50.873],[-126.706,50.874],[-126.716,50.873],[-126.735,50.881],[-126.758,50.899],[-126.777,50.902],[-126.781,50.906],[-126.804,50.908],[-126.819,50.902],[-126.835,50.908],[-126.839,50.914],[-126.799,50.921],[-126.784,50.913],[-126.782,50.924],[-126.77,50.927],[-126.737,50.93],[-126.688,50.929],[-126.687,50.938],[-126.71,50.952],[-126.717,50.948],[-126.698,50.941],[-126.715,50.931],[-126.725,50.94],[-126.741,50.942],[-126.761,50.935],[-126.781,50.935],[-126.81,50.954],[-126.793,50.955],[-126.775,50.962],[-126.79,50.969],[-126.79,50.986],[-126.784,51],[-126.777,51.008],[-126.779,51.019],[-126.786,51.021],[-126.797,51.002],[-126.799,50.968],[-126.794,50.962],[-126.809,50.954],[-126.829,50.959],[-126.836,50.948],[-126.852,50.947],[-126.855,50.955],[-126.865,50.958],[-126.873,50.93],[-126.901,50.912],[-126.889,50.905],[-126.889,50.899],[-126.909,50.895],[-126.93,50.904],[-126.941,50.898],[-126.987,50.898],[-126.999,50.905],[-127.019,50.904],[-127.029,50.917],[-127.036,50.909],[-127.052,50.907],[-127.084,50.922],[-127.096,50.916],[-127.11,50.917],[-127.117,50.923],[-127.136,50.931],[-127.137,50.935],[-127.122,50.944],[-127.119,50.952],[-127.093,50.944],[-127.071,50.952],[-127.04,50.956],[-127.034,50.969],[-127.035,50.979],[-127.057,50.992],[-127.057,51],[-127.066,51.009],[-127.075,51.007],[-127.044,50.976],[-127.044,50.959],[-127.063,50.955],[-127.078,50.962],[-127.084,50.95],[-127.119,50.954],[-127.14,50.95],[-127.132,50.945],[-127.141,50.936],[-127.189,50.93],[-127.19,50.921],[-127.166,50.924],[-127.151,50.921],[-127.145,50.911],[-127.084,50.9],[-127.046,50.889],[-127.028,50.887],[-127.008,50.891],[-127.002,50.887],[-126.983,50.891],[-126.98,50.883],[-126.955,50.896],[-126.94,50.892],[-126.934,50.895],[-126.911,50.893],[-126.896,50.885],[-126.907,50.874],[-126.944,50.85],[-126.958,50.845],[-126.972,50.844],[-126.983,50.838],[-127.01,50.834],[-127.006,50.828],[-127.02,50.817],[-127.063,50.822],[-127.065,50.83],[-127.088,50.845],[-127.123,50.855],[-127.139,50.858],[-127.16,50.873],[-127.18,50.872],[-127.197,50.876],[-127.248,50.9],[-127.271,50.913],[-127.26,50.918],[-127.251,50.92],[-127.256,50.925],[-127.261,50.925],[-127.286,50.933],[-127.292,50.929],[-127.261,50.922],[-127.258,50.919],[-127.27,50.915],[-127.274,50.916],[-127.282,50.911],[-127.296,50.91],[-127.297,50.902],[-127.314,50.907],[-127.326,50.903],[-127.337,50.906],[-127.345,50.922],[-127.362,50.926],[-127.374,50.922],[-127.408,50.927],[-127.403,50.932],[-127.426,50.939],[-127.433,50.947],[-127.444,50.95],[-127.452,50.963],[-127.422,50.962],[-127.421,50.969],[-127.454,50.975],[-127.468,50.975],[-127.503,50.987],[-127.512,50.993],[-127.525,51.014],[-127.519,51.034],[-127.523,51.044],[-127.517,51.06],[-127.52,51.063],[-127.516,51.078],[-127.499,51.099],[-127.488,51.095],[-127.441,51.07],[-127.413,51.062],[-127.4,51.046],[-127.382,51.042],[-127.363,51.042],[-127.333,51.033],[-127.318,51.032],[-127.296,51.017],[-127.289,51.005],[-127.259,51.002],[-127.272,50.995],[-127.244,50.993],[-127.218,51.001],[-127.193,51.005],[-127.2,51.01],[-127.215,51.003],[-127.235,50.999],[-127.257,51.002],[-127.266,51.008],[-127.289,51.014],[-127.306,51.027],[-127.304,51.044],[-127.248,51.041],[-127.247,51.036],[-127.226,51.033],[-127.214,51.039],[-127.183,51.041],[-127.169,51.037],[-127.142,51.038],[-127.135,51.044],[-127.106,51.048],[-127.069,51.047],[-127.06,51.053],[-127.039,51.058],[-127.017,51.06],[-126.969,51.056],[-126.949,51.059],[-126.929,51.059],[-126.902,51.064],[-126.891,51.059],[-126.856,51.065],[-126.834,51.063],[-126.785,51.065],[-126.766,51.068],[-126.743,51.055],[-126.729,51.036],[-126.726,51.025],[-126.719,51.022],[-126.716,51.009],[-126.707,50.999],[-126.728,51.001],[-126.742,50.997],[-126.705,50.992],[-126.698,50.995],[-126.698,51.015],[-126.709,51.029],[-126.703,51.04],[-126.666,51.042],[-126.647,51.049],[-126.645,51.057],[-126.687,51.05],[-126.7,51.051],[-126.722,51.047],[-126.724,51.055],[-126.737,51.067],[-126.764,51.07],[-126.774,51.076],[-126.769,51.082],[-126.731,51.099],[-126.718,51.111],[-126.716,51.12],[-126.7,51.121],[-126.679,51.133],[-126.67,51.134],[-126.659,51.142],[-126.652,51.155],[-126.651,51.167],[-126.646,51.175],[-126.657,51.197],[-126.674,51.192],[-126.669,51.186],[-126.67,51.167],[-126.675,51.154],[-126.684,51.152],[-126.704,51.139],[-126.711,51.129],[-126.721,51.134],[-126.732,51.126],[-126.733,51.113],[-126.754,51.116],[-126.792,51.082],[-126.828,51.076],[-126.851,51.08],[-126.828,51.099],[-126.862,51.095],[-126.875,51.084],[-126.908,51.082],[-126.922,51.083],[-126.947,51.075],[-126.987,51.082],[-126.999,51.081],[-127.015,51.084],[-127.049,51.072],[-127.064,51.071],[-127.101,51.061],[-127.123,51.064],[-127.142,51.06],[-127.156,51.053],[-127.181,51.056],[-127.239,51.054],[-127.282,51.056],[-127.311,51.059],[-127.319,51.053],[-127.334,51.054],[-127.332,51.044],[-127.339,51.038],[-127.363,51.05],[-127.377,51.055],[-127.371,51.062],[-127.417,51.069],[-127.457,51.083],[-127.461,51.091],[-127.406,51.083],[-127.385,51.086],[-127.362,51.087],[-127.336,51.083],[-127.326,51.089],[-127.307,51.085],[-127.289,51.086],[-127.261,51.082],[-127.237,51.085],[-127.2,51.082],[-127.196,51.071],[-127.174,51.062],[-127.172,51.067],[-127.196,51.077],[-127.197,51.09],[-127.219,51.093],[-127.241,51.089],[-127.262,51.092],[-127.288,51.091],[-127.296,51.094],[-127.319,51.09],[-127.354,51.094],[-127.367,51.09],[-127.386,51.094],[-127.402,51.093],[-127.454,51.093],[-127.503,51.108],[-127.51,51.108],[-127.537,51.116],[-127.551,51.124],[-127.517,51.125],[-127.473,51.128],[-127.45,51.123],[-127.44,51.125],[-127.413,51.125],[-127.402,51.123],[-127.391,51.128],[-127.346,51.125],[-127.339,51.128],[-127.314,51.128],[-127.278,51.121],[-127.268,51.127],[-127.24,51.124],[-127.224,51.125],[-127.184,51.12],[-127.146,51.114],[-127.122,51.109],[-127.104,51.107],[-127.093,51.104],[-127.067,51.106],[-127.02,51.103],[-126.996,51.105],[-126.947,51.102],[-126.936,51.099],[-126.908,51.098],[-126.916,51.11],[-126.937,51.11],[-126.951,51.113],[-126.976,51.111],[-126.991,51.117],[-127.013,51.112],[-127.041,51.116],[-127.061,51.115],[-127.132,51.119],[-127.124,51.133],[-127.115,51.138],[-127.102,51.153],[-127.105,51.164],[-127.071,51.163],[-127.061,51.167],[-127.045,51.166],[-127.02,51.158],[-127.004,51.156],[-126.998,51.161],[-126.944,51.163],[-126.92,51.175],[-126.916,51.187],[-126.926,51.187],[-126.934,51.173],[-126.97,51.166],[-126.99,51.166],[-127.006,51.161],[-127.028,51.166],[-127.046,51.174],[-127.064,51.171],[-127.083,51.173],[-127.087,51.184],[-127.098,51.184],[-127.103,51.175],[-127.119,51.154],[-127.113,51.149],[-127.13,51.129],[-127.158,51.124],[-127.179,51.133],[-127.198,51.132],[-127.213,51.134],[-127.258,51.134],[-127.272,51.138],[-127.288,51.136],[-127.301,51.139],[-127.329,51.137],[-127.356,51.137],[-127.4,51.132],[-127.409,51.135],[-127.402,51.15],[-127.414,51.158],[-127.41,51.165],[-127.415,51.187],[-127.4,51.194],[-127.403,51.202],[-127.39,51.203],[-127.351,51.194],[-127.344,51.187],[-127.283,51.186],[-127.261,51.192],[-127.251,51.198],[-127.247,51.207],[-127.28,51.194],[-127.323,51.194],[-127.327,51.198],[-127.365,51.203],[-127.396,51.212],[-127.409,51.21],[-127.424,51.183],[-127.421,51.171],[-127.441,51.172],[-127.473,51.171],[-127.475,51.161],[-127.441,51.164],[-127.424,51.162],[-127.42,51.148],[-127.432,51.135],[-127.482,51.141],[-127.506,51.137],[-127.561,51.132],[-127.614,51.145],[-127.584,51.126],[-127.562,51.122],[-127.507,51.1],[-127.52,51.094],[-127.541,51.103],[-127.557,51.095],[-127.573,51.091],[-127.614,51.092],[-127.635,51.088],[-127.657,51.087],[-127.67,51.104],[-127.669,51.112],[-127.683,51.133],[-127.698,51.142],[-127.725,51.137],[-127.73,51.145],[-127.743,51.15],[-127.755,51.162],[-127.739,51.162],[-127.739,51.191],[-127.672,51.191],[-127.663,51.193],[-127.652,51.183],[-127.612,51.191],[-127.602,51.187],[-127.578,51.193],[-127.574,51.197],[-127.544,51.197],[-127.514,51.206],[-127.496,51.2],[-127.484,51.206],[-127.471,51.201],[-127.462,51.205],[-127.473,51.218],[-127.487,51.221],[-127.482,51.234],[-127.437,51.227],[-127.391,51.231],[-127.389,51.223],[-127.374,51.216],[-127.346,51.219],[-127.325,51.209],[-127.318,51.214],[-127.282,51.213],[-127.271,51.219],[-127.234,51.22],[-127.217,51.208],[-127.21,51.199],[-127.197,51.206],[-127.17,51.203],[-127.168,51.206],[-127.142,51.21],[-127.129,51.218],[-127.088,51.22],[-127.077,51.231],[-127.066,51.23],[-127.047,51.236],[-127.03,51.23],[-127.011,51.235],[-126.999,51.242],[-126.969,51.235],[-126.953,51.234],[-126.942,51.24],[-126.922,51.243],[-126.922,51.257],[-126.912,51.261],[-126.919,51.27],[-126.923,51.286],[-126.902,51.291],[-126.893,51.3],[-126.895,51.306],[-126.869,51.306],[-126.862,51.317],[-126.851,51.321],[-126.821,51.322],[-126.815,51.313],[-126.822,51.299],[-126.815,51.294],[-126.777,51.299],[-126.767,51.303],[-126.772,51.31],[-126.755,51.314],[-126.753,51.333],[-126.737,51.336],[-126.725,51.346],[-126.721,51.364],[-126.711,51.379],[-126.713,51.393],[-126.7,51.396],[-126.7,51.408],[-126.71,51.414],[-126.717,51.426],[-126.732,51.434],[-126.72,51.454],[-126.707,51.461],[-126.713,51.466],[-126.7,51.479],[-126.683,51.468],[-126.675,51.458],[-126.658,51.446],[-126.641,51.447],[-126.623,51.442],[-126.611,51.42],[-126.6,51.418],[-126.594,51.406],[-126.568,51.404],[-126.562,51.413],[-126.549,51.417],[-126.537,51.409],[-126.525,51.42],[-126.498,51.425],[-126.482,51.439],[-126.478,51.454],[-126.456,51.466],[-126.452,51.48],[-126.444,51.49],[-126.426,51.483],[-126.427,51.476],[-126.412,51.474],[-126.393,51.477],[-126.378,51.474],[-126.379,51.462],[-126.355,51.459],[-126.339,51.465],[-126.325,51.457],[-126.307,51.463],[-126.3,51.456],[-126.289,51.457],[-126.281,51.449],[-126.266,51.455],[-126.25,51.45],[-126.24,51.454],[-126.215,51.453],[-126.209,51.445],[-126.195,51.437],[-126.185,51.439],[-126.173,51.435],[-126.169,51.445],[-126.148,51.45],[-126.146,51.458],[-126.129,51.461],[-126.108,51.459],[-126.097,51.477],[-126.105,51.483],[-126.106,51.498],[-126.113,51.504],[-126.112,51.52],[-126.1,51.521],[-126.082,51.529],[-126.083,51.541],[-126.074,51.553],[-126.055,51.56],[-126.049,51.571],[-126.063,51.582],[-126.051,51.586],[-126.05,51.596],[-126.026,51.601],[-126.016,51.592],[-126.003,51.591],[-125.986,51.582],[-125.981,51.597],[-125.962,51.604],[-125.96,51.624],[-125.945,51.633],[-125.948,51.657],[-125.926,51.661],[-125.924,51.669],[-125.938,51.675],[-125.942,51.685],[-125.956,51.692],[-125.97,51.69],[-125.98,51.693],[-125.992,51.707],[-126.002,51.723],[-126.001,51.729],[-125.985,51.734],[-125.983,51.741],[-125.966,51.744],[-125.958,51.759],[-125.944,51.761],[-125.943,51.771],[-125.949,51.778],[-125.974,51.782],[-125.979,51.797],[-125.96,51.804],[-125.954,51.837],[-125.938,51.842],[-125.933,51.859],[-125.936,51.888],[-125.93,51.901],[-125.922,51.903],[-125.905,51.893],[-125.897,51.902],[-125.881,51.907],[-125.897,51.914],[-125.891,51.93],[-125.89,51.946],[-125.897,51.953],[-125.889,51.96],[-125.876,51.965],[-125.878,51.975],[-125.83,51.98],[-125.829,51.988],[-125.844,52],[-125.872,52.012],[-125.865,52.031],[-125.853,52.035],[-125.852,52.045],[-125.828,52.053],[-125.82,52.045],[-125.807,52.042],[-125.802,52.035],[-125.782,52.032],[-125.772,52.027],[-125.755,52.026],[-125.734,52.015],[-125.717,52.011],[-125.707,52.003],[-125.699,51.987],[-125.702,51.97],[-125.679,51.95],[-125.675,51.938],[-125.658,51.931],[-125.655,51.922],[-125.626,51.912],[-125.603,51.9],[-125.586,51.902],[-125.577,51.915],[-125.568,51.919],[-125.555,51.915],[-125.549,51.924],[-125.539,51.929],[-125.528,51.939],[-125.517,51.935],[-125.504,51.92],[-125.49,51.921],[-125.483,51.915],[-125.498,51.895],[-125.473,51.863],[-125.464,51.863],[-125.459,51.851],[-125.465,51.841],[-125.432,51.84],[-125.406,51.836],[-125.407,51.827],[-125.419,51.818],[-125.406,51.814],[-125.402,51.807],[-125.363,51.793],[-125.354,51.774],[-125.346,51.773]]],[[[-126.798,49.886],[-126.788,49.886],[-126.772,49.878],[-126.746,49.851],[-126.723,49.844],[-126.73,49.861],[-126.72,49.867],[-126.705,49.858],[-126.68,49.859],[-126.671,49.856],[-126.668,49.838],[-126.672,49.83],[-126.661,49.805],[-126.657,49.79],[-126.638,49.76],[-126.633,49.747],[-126.646,49.744],[-126.638,49.731],[-126.65,49.724],[-126.647,49.717],[-126.63,49.69],[-126.618,49.677],[-126.613,49.665],[-126.626,49.661],[-126.627,49.653],[-126.62,49.636],[-126.622,49.625],[-126.617,49.61],[-126.629,49.594],[-126.651,49.591],[-126.66,49.582],[-126.678,49.581],[-126.695,49.589],[-126.717,49.604],[-126.727,49.603],[-126.743,49.609],[-126.77,49.604],[-126.791,49.612],[-126.827,49.618],[-126.834,49.635],[-126.83,49.639],[-126.84,49.657],[-126.861,49.66],[-126.873,49.674],[-126.883,49.672],[-126.901,49.678],[-126.93,49.706],[-126.93,49.715],[-126.942,49.718],[-126.954,49.725],[-126.943,49.739],[-126.923,49.745],[-126.908,49.761],[-126.887,49.757],[-126.863,49.762],[-126.853,49.778],[-126.828,49.778],[-126.835,49.788],[-126.821,49.798],[-126.8,49.799],[-126.773,49.789],[-126.76,49.799],[-126.748,49.795],[-126.741,49.8],[-126.812,49.807],[-126.84,49.801],[-126.86,49.793],[-126.863,49.788],[-126.877,49.78],[-126.895,49.781],[-126.907,49.788],[-126.917,49.79],[-126.924,49.799],[-126.949,49.813],[-126.941,49.799],[-126.951,49.793],[-126.969,49.8],[-126.954,49.804],[-126.951,49.81],[-126.971,49.817],[-126.959,49.829],[-126.959,49.837],[-126.945,49.837],[-126.924,49.83],[-126.905,49.832],[-126.905,49.845],[-126.889,49.847],[-126.878,49.852],[-126.869,49.851],[-126.831,49.866],[-126.82,49.867],[-126.802,49.864],[-126.806,49.879],[-126.798,49.886]]],[[[-126.321,50.833],[-126.28,50.833],[-126.286,50.821],[-126.267,50.819],[-126.256,50.823],[-126.229,50.822],[-126.232,50.805],[-126.227,50.8],[-126.23,50.791],[-126.213,50.77],[-126.187,50.76],[-126.165,50.76],[-126.156,50.756],[-126.159,50.746],[-126.182,50.74],[-126.182,50.735],[-126.196,50.727],[-126.228,50.726],[-126.241,50.716],[-126.238,50.706],[-126.258,50.699],[-126.263,50.685],[-126.254,50.675],[-126.268,50.655],[-126.283,50.654],[-126.325,50.645],[-126.349,50.645],[-126.376,50.65],[-126.383,50.66],[-126.415,50.66],[-126.436,50.67],[-126.455,50.673],[-126.464,50.684],[-126.496,50.674],[-126.509,50.675],[-126.518,50.658],[-126.492,50.657],[-126.487,50.668],[-126.472,50.67],[-126.442,50.656],[-126.453,50.644],[-126.481,50.646],[-126.492,50.638],[-126.506,50.645],[-126.511,50.653],[-126.559,50.645],[-126.574,50.652],[-126.595,50.656],[-126.593,50.661],[-126.615,50.664],[-126.618,50.67],[-126.594,50.675],[-126.581,50.691],[-126.598,50.69],[-126.603,50.7],[-126.59,50.703],[-126.589,50.713],[-126.566,50.714],[-126.561,50.726],[-126.553,50.728],[-126.562,50.739],[-126.546,50.743],[-126.51,50.745],[-126.486,50.762],[-126.471,50.763],[-126.458,50.78],[-126.431,50.784],[-126.412,50.782],[-126.401,50.791],[-126.441,50.794],[-126.438,50.8],[-126.404,50.813],[-126.392,50.812],[-126.381,50.817],[-126.344,50.825],[-126.338,50.832],[-126.321,50.833]]],[[[-125.25,50.308],[-125.228,50.297],[-125.222,50.291],[-125.24,50.273],[-125.252,50.266],[-125.222,50.262],[-125.215,50.252],[-125.198,50.25],[-125.186,50.236],[-125.164,50.232],[-125.151,50.221],[-125.141,50.202],[-125.146,50.184],[-125.153,50.184],[-125.156,50.172],[-125.17,50.172],[-125.177,50.167],[-125.173,50.16],[-125.183,50.153],[-125.185,50.143],[-125.195,50.134],[-125.218,50.139],[-125.211,50.125],[-125.224,50.117],[-125.217,50.103],[-125.203,50.102],[-125.201,50.095],[-125.186,50.091],[-125.177,50.081],[-125.174,50.062],[-125.164,50.031],[-125.148,50.01],[-125.162,50],[-125.186,49.995],[-125.198,50.002],[-125.197,50.024],[-125.201,50.029],[-125.216,50.034],[-125.215,50.043],[-125.221,50.051],[-125.236,50.058],[-125.223,50.068],[-125.212,50.068],[-125.215,50.081],[-125.236,50.084],[-125.25,50.096],[-125.268,50.094],[-125.272,50.101],[-125.298,50.115],[-125.307,50.127],[-125.334,50.138],[-125.348,50.131],[-125.351,50.145],[-125.349,50.158],[-125.332,50.161],[-125.334,50.171],[-125.325,50.178],[-125.349,50.199],[-125.357,50.216],[-125.367,50.227],[-125.37,50.245],[-125.316,50.245],[-125.318,50.255],[-125.327,50.259],[-125.345,50.26],[-125.362,50.272],[-125.375,50.272],[-125.378,50.28],[-125.308,50.29],[-125.314,50.296],[-125.299,50.303],[-125.284,50.302],[-125.267,50.307],[-125.25,50.308]]],[[[-123.596,48.946],[-123.578,48.938],[-123.547,48.919],[-123.53,48.914],[-123.503,48.893],[-123.476,48.879],[-123.443,48.857],[-123.451,48.845],[-123.466,48.85],[-123.489,48.86],[-123.5,48.85],[-123.456,48.828],[-123.424,48.806],[-123.406,48.798],[-123.392,48.797],[-123.375,48.778],[-123.367,48.775],[-123.387,48.754],[-123.412,48.757],[-123.43,48.756],[-123.444,48.768],[-123.454,48.762],[-123.435,48.748],[-123.427,48.732],[-123.455,48.725],[-123.465,48.718],[-123.487,48.714],[-123.497,48.715],[-123.511,48.725],[-123.546,48.746],[-123.563,48.767],[-123.547,48.773],[-123.544,48.779],[-123.554,48.787],[-123.522,48.795],[-123.546,48.806],[-123.572,48.823],[-123.57,48.83],[-123.572,48.848],[-123.548,48.867],[-123.567,48.875],[-123.576,48.888],[-123.59,48.896],[-123.591,48.914],[-123.586,48.918],[-123.599,48.933],[-123.596,48.946]]],[[[-124.91,50.305],[-124.884,50.3],[-124.855,50.286],[-124.828,50.286],[-124.79,50.283],[-124.796,50.27],[-124.803,50.27],[-124.811,50.25],[-124.826,50.246],[-124.818,50.214],[-124.792,50.197],[-124.776,50.191],[-124.763,50.191],[-124.754,50.178],[-124.751,50.159],[-124.773,50.15],[-124.787,50.138],[-124.799,50.134],[-124.81,50.114],[-124.824,50.112],[-124.845,50.115],[-124.847,50.126],[-124.862,50.124],[-124.866,50.136],[-124.882,50.167],[-124.876,50.175],[-124.863,50.179],[-124.826,50.18],[-124.829,50.187],[-124.84,50.187],[-124.843,50.195],[-124.853,50.199],[-124.87,50.187],[-124.91,50.187],[-124.924,50.191],[-124.941,50.202],[-124.957,50.217],[-124.972,50.239],[-124.981,50.248],[-124.977,50.259],[-124.957,50.259],[-124.96,50.272],[-124.953,50.274],[-124.932,50.291],[-124.926,50.301],[-124.91,50.305]]],[[[-125.28,50.444],[-125.262,50.432],[-125.218,50.41],[-125.205,50.399],[-125.181,50.389],[-125.159,50.386],[-125.158,50.364],[-125.133,50.335],[-125.151,50.328],[-125.168,50.325],[-125.186,50.313],[-125.216,50.298],[-125.223,50.304],[-125.222,50.315],[-125.215,50.323],[-125.232,50.323],[-125.236,50.315],[-125.26,50.327],[-125.267,50.328],[-125.278,50.319],[-125.297,50.313],[-125.315,50.312],[-125.337,50.307],[-125.344,50.293],[-125.368,50.289],[-125.396,50.294],[-125.407,50.308],[-125.401,50.314],[-125.406,50.337],[-125.393,50.349],[-125.38,50.354],[-125.344,50.348],[-125.339,50.345],[-125.309,50.339],[-125.315,50.352],[-125.333,50.357],[-125.325,50.364],[-125.312,50.367],[-125.317,50.379],[-125.333,50.376],[-125.332,50.388],[-125.315,50.402],[-125.315,50.41],[-125.301,50.42],[-125.299,50.438],[-125.28,50.444]]],[[[-126.119,49.396],[-126.099,49.389],[-126.103,49.382],[-126.085,49.371],[-126.082,49.366],[-126.083,49.345],[-126.075,49.326],[-126.081,49.309],[-126.076,49.303],[-126.071,49.28],[-126.076,49.27],[-126.059,49.268],[-126.07,49.283],[-126.058,49.282],[-126.047,49.27],[-126.055,49.265],[-126.081,49.257],[-126.085,49.252],[-126.101,49.252],[-126.132,49.262],[-126.141,49.273],[-126.169,49.274],[-126.175,49.268],[-126.189,49.262],[-126.209,49.274],[-126.217,49.283],[-126.231,49.283],[-126.218,49.295],[-126.224,49.312],[-126.238,49.32],[-126.232,49.326],[-126.24,49.333],[-126.229,49.355],[-126.227,49.366],[-126.233,49.377],[-126.229,49.394],[-126.204,49.391],[-126.185,49.374],[-126.175,49.383],[-126.152,49.393],[-126.128,49.398],[-126.119,49.396]]],[[[-126.285,50.606],[-126.259,50.587],[-126.241,50.58],[-126.208,50.577],[-126.206,50.565],[-126.224,50.556],[-126.231,50.547],[-126.248,50.538],[-126.271,50.535],[-126.267,50.548],[-126.272,50.57],[-126.291,50.541],[-126.314,50.526],[-126.341,50.52],[-126.362,50.52],[-126.396,50.528],[-126.4,50.523],[-126.414,50.521],[-126.43,50.513],[-126.45,50.515],[-126.459,50.512],[-126.501,50.516],[-126.544,50.527],[-126.566,50.525],[-126.578,50.519],[-126.584,50.523],[-126.61,50.524],[-126.613,50.532],[-126.623,50.534],[-126.631,50.545],[-126.639,50.542],[-126.673,50.547],[-126.677,50.551],[-126.622,50.549],[-126.605,50.546],[-126.585,50.546],[-126.574,50.55],[-126.524,50.555],[-126.51,50.553],[-126.486,50.556],[-126.472,50.555],[-126.46,50.563],[-126.465,50.571],[-126.438,50.572],[-126.397,50.587],[-126.355,50.583],[-126.359,50.599],[-126.347,50.599],[-126.318,50.592],[-126.314,50.604],[-126.295,50.612],[-126.285,50.606]]],[[[-126.701,50.861],[-126.665,50.84],[-126.639,50.839],[-126.633,50.848],[-126.617,50.849],[-126.605,50.826],[-126.581,50.832],[-126.57,50.826],[-126.575,50.815],[-126.565,50.811],[-126.564,50.804],[-126.55,50.803],[-126.542,50.793],[-126.531,50.793],[-126.538,50.782],[-126.553,50.781],[-126.567,50.785],[-126.595,50.788],[-126.579,50.8],[-126.598,50.799],[-126.612,50.804],[-126.626,50.799],[-126.633,50.789],[-126.662,50.791],[-126.668,50.799],[-126.679,50.797],[-126.678,50.788],[-126.7,50.783],[-126.707,50.776],[-126.728,50.77],[-126.748,50.792],[-126.764,50.79],[-126.765,50.78],[-126.775,50.768],[-126.796,50.767],[-126.808,50.78],[-126.823,50.775],[-126.836,50.778],[-126.856,50.795],[-126.879,50.803],[-126.92,50.826],[-126.921,50.833],[-126.904,50.837],[-126.86,50.834],[-126.812,50.837],[-126.812,50.824],[-126.803,50.815],[-126.803,50.803],[-126.784,50.809],[-126.798,50.828],[-126.784,50.836],[-126.772,50.836],[-126.77,50.843],[-126.759,50.846],[-126.748,50.841],[-126.733,50.84],[-126.703,50.843],[-126.698,50.829],[-126.683,50.846],[-126.709,50.848],[-126.712,50.857],[-126.701,50.861]]],[[[-125.001,50.239],[-124.983,50.232],[-124.962,50.207],[-124.926,50.179],[-124.925,50.172],[-124.909,50.157],[-124.906,50.147],[-124.896,50.141],[-124.908,50.127],[-124.918,50.142],[-124.929,50.139],[-124.921,50.122],[-124.907,50.118],[-124.905,50.099],[-124.89,50.081],[-124.882,50.064],[-124.884,50.059],[-124.903,50.059],[-124.913,50.064],[-124.93,50.059],[-124.937,50.05],[-124.954,50.049],[-124.966,50.041],[-124.981,50.026],[-124.986,50.012],[-124.998,50.022],[-124.999,50.031],[-124.992,50.038],[-124.998,50.049],[-124.987,50.067],[-124.982,50.079],[-124.996,50.079],[-125.013,50.083],[-124.995,50.092],[-124.986,50.092],[-124.981,50.1],[-125.006,50.102],[-125.016,50.099],[-125.017,50.085],[-125.034,50.089],[-125.054,50.106],[-125.072,50.115],[-125.059,50.119],[-125.053,50.131],[-125.043,50.132],[-125.022,50.146],[-124.999,50.141],[-125.016,50.157],[-124.999,50.159],[-124.983,50.182],[-124.965,50.173],[-124.957,50.16],[-124.95,50.165],[-124.967,50.175],[-124.978,50.185],[-124.976,50.194],[-124.983,50.206],[-124.994,50.209],[-125.004,50.218],[-125.008,50.232],[-125.001,50.239]]],[[[-125.375,50.464],[-125.368,50.458],[-125.356,50.461],[-125.326,50.446],[-125.326,50.422],[-125.333,50.413],[-125.343,50.409],[-125.354,50.393],[-125.381,50.393],[-125.374,50.382],[-125.385,50.366],[-125.424,50.36],[-125.452,50.348],[-125.459,50.353],[-125.482,50.352],[-125.496,50.357],[-125.509,50.371],[-125.527,50.375],[-125.549,50.375],[-125.543,50.388],[-125.524,50.387],[-125.515,50.392],[-125.489,50.398],[-125.494,50.422],[-125.491,50.428],[-125.471,50.428],[-125.452,50.438],[-125.436,50.439],[-125.421,50.443],[-125.397,50.458],[-125.375,50.464]]],[[[-124.732,50.307],[-124.718,50.303],[-124.691,50.291],[-124.66,50.269],[-124.654,50.247],[-124.643,50.234],[-124.651,50.224],[-124.649,50.207],[-124.67,50.184],[-124.69,50.174],[-124.696,50.168],[-124.71,50.162],[-124.728,50.164],[-124.722,50.176],[-124.726,50.183],[-124.742,50.195],[-124.747,50.205],[-124.729,50.228],[-124.729,50.242],[-124.714,50.248],[-124.709,50.259],[-124.699,50.264],[-124.702,50.283],[-124.723,50.293],[-124.731,50.289],[-124.724,50.28],[-124.729,50.272],[-124.726,50.259],[-124.745,50.246],[-124.754,50.226],[-124.755,50.21],[-124.791,50.223],[-124.814,50.235],[-124.788,50.264],[-124.784,50.286],[-124.763,50.291],[-124.754,50.3],[-124.737,50.309],[-124.732,50.307]]],[[[-125.863,49.243],[-125.816,49.236],[-125.798,49.235],[-125.775,49.229],[-125.77,49.218],[-125.767,49.196],[-125.788,49.203],[-125.791,49.224],[-125.804,49.219],[-125.791,49.202],[-125.797,49.196],[-125.793,49.167],[-125.799,49.152],[-125.815,49.138],[-125.799,49.14],[-125.791,49.131],[-125.8,49.122],[-125.815,49.13],[-125.835,49.13],[-125.853,49.134],[-125.856,49.147],[-125.872,49.15],[-125.862,49.158],[-125.867,49.181],[-125.859,49.189],[-125.861,49.196],[-125.84,49.221],[-125.85,49.225],[-125.859,49.211],[-125.873,49.215],[-125.887,49.214],[-125.889,49.205],[-125.882,49.195],[-125.893,49.19],[-125.893,49.174],[-125.918,49.173],[-125.926,49.178],[-125.914,49.187],[-125.93,49.205],[-125.931,49.224],[-125.918,49.223],[-125.897,49.23],[-125.899,49.237],[-125.892,49.242],[-125.863,49.243]]],[[[-127.097,50.669],[-127.082,50.666],[-127.052,50.666],[-127.026,50.657],[-127.004,50.664],[-126.974,50.661],[-126.968,50.664],[-126.94,50.659],[-126.93,50.654],[-126.915,50.658],[-126.903,50.665],[-126.884,50.662],[-126.871,50.657],[-126.857,50.641],[-126.825,50.629],[-126.831,50.619],[-126.849,50.625],[-126.852,50.633],[-126.887,50.62],[-126.928,50.62],[-126.957,50.628],[-126.973,50.624],[-126.985,50.628],[-127.007,50.62],[-127.016,50.622],[-127.027,50.635],[-127.031,50.647],[-127.04,50.647],[-127.049,50.638],[-127.082,50.631],[-127.132,50.629],[-127.151,50.632],[-127.163,50.639],[-127.157,50.647],[-127.106,50.675],[-127.097,50.669]]],[[[-125.518,50.444],[-125.504,50.436],[-125.504,50.415],[-125.499,50.407],[-125.519,50.399],[-125.552,50.4],[-125.577,50.389],[-125.596,50.385],[-125.601,50.392],[-125.617,50.396],[-125.619,50.386],[-125.627,50.381],[-125.644,50.384],[-125.663,50.382],[-125.689,50.385],[-125.7,50.379],[-125.744,50.377],[-125.78,50.383],[-125.775,50.388],[-125.784,50.397],[-125.755,50.411],[-125.735,50.408],[-125.724,50.414],[-125.697,50.407],[-125.682,50.412],[-125.657,50.413],[-125.633,50.427],[-125.612,50.428],[-125.598,50.437],[-125.555,50.444],[-125.531,50.446],[-125.518,50.444]]],[[[-125.796,50.476],[-125.797,50.472],[-125.765,50.458],[-125.768,50.45],[-125.736,50.433],[-125.734,50.426],[-125.747,50.421],[-125.76,50.422],[-125.778,50.412],[-125.789,50.41],[-125.823,50.408],[-125.856,50.414],[-125.868,50.419],[-125.891,50.419],[-125.902,50.415],[-125.919,50.415],[-125.938,50.418],[-125.968,50.437],[-125.96,50.444],[-125.933,50.441],[-125.932,50.447],[-125.914,50.448],[-125.909,50.458],[-125.895,50.462],[-125.879,50.462],[-125.867,50.466],[-125.833,50.473],[-125.809,50.471],[-125.796,50.476]]],[[[-124.359,49.526],[-124.341,49.514],[-124.305,49.508],[-124.295,49.509],[-124.271,49.499],[-124.247,49.506],[-124.221,49.491],[-124.22,49.483],[-124.21,49.48],[-124.192,49.478],[-124.176,49.471],[-124.166,49.457],[-124.169,49.442],[-124.179,49.439],[-124.207,49.453],[-124.224,49.456],[-124.241,49.465],[-124.246,49.458],[-124.262,49.459],[-124.291,49.456],[-124.308,49.461],[-124.319,49.46],[-124.331,49.47],[-124.341,49.47],[-124.368,49.48],[-124.365,49.486],[-124.348,49.494],[-124.358,49.5],[-124.371,49.498],[-124.383,49.508],[-124.375,49.517],[-124.361,49.521],[-124.359,49.526]]],[[[-127.736,50.916],[-127.724,50.916],[-127.686,50.894],[-127.676,50.884],[-127.669,50.872],[-127.658,50.869],[-127.655,50.854],[-127.668,50.854],[-127.654,50.835],[-127.674,50.838],[-127.713,50.85],[-127.738,50.853],[-127.749,50.86],[-127.764,50.857],[-127.777,50.863],[-127.802,50.865],[-127.813,50.871],[-127.839,50.876],[-127.841,50.886],[-127.831,50.891],[-127.802,50.901],[-127.782,50.903],[-127.757,50.911],[-127.734,50.907],[-127.736,50.916]]],[[[-123.576,49.013],[-123.549,48.988],[-123.519,48.966],[-123.49,48.951],[-123.452,48.941],[-123.382,48.912],[-123.346,48.905],[-123.319,48.876],[-123.313,48.862],[-123.33,48.862],[-123.347,48.867],[-123.354,48.859],[-123.372,48.862],[-123.39,48.869],[-123.388,48.891],[-123.415,48.906],[-123.45,48.92],[-123.521,48.945],[-123.541,48.956],[-123.566,48.976],[-123.582,48.991],[-123.59,49.001],[-123.587,49.008],[-123.576,49.013]]],[[[-125.068,50.272],[-125.054,50.26],[-125.055,50.256],[-125.042,50.239],[-125.044,50.229],[-125.033,50.208],[-125.041,50.191],[-125.062,50.192],[-125.075,50.196],[-125.072,50.219],[-125.082,50.217],[-125.082,50.208],[-125.094,50.201],[-125.093,50.191],[-125.08,50.178],[-125.093,50.173],[-125.102,50.148],[-125.111,50.144],[-125.128,50.128],[-125.143,50.131],[-125.15,50.143],[-125.14,50.165],[-125.127,50.177],[-125.123,50.197],[-125.131,50.203],[-125.124,50.22],[-125.115,50.224],[-125.108,50.237],[-125.11,50.243],[-125.094,50.25],[-125.077,50.275],[-125.068,50.272]]],[[[-125.124,50.326],[-125.11,50.318],[-125.108,50.308],[-125.092,50.292],[-125.089,50.271],[-125.093,50.269],[-125.106,50.247],[-125.137,50.241],[-125.147,50.233],[-125.154,50.234],[-125.164,50.244],[-125.18,50.254],[-125.192,50.267],[-125.195,50.281],[-125.211,50.294],[-125.21,50.299],[-125.166,50.31],[-125.155,50.323],[-125.132,50.328],[-125.124,50.326]]],[[[-126.414,50.63],[-126.382,50.628],[-126.366,50.63],[-126.344,50.628],[-126.346,50.615],[-126.358,50.61],[-126.368,50.61],[-126.386,50.603],[-126.401,50.595],[-126.408,50.596],[-126.435,50.585],[-126.45,50.584],[-126.457,50.591],[-126.467,50.584],[-126.491,50.575],[-126.506,50.584],[-126.532,50.59],[-126.542,50.598],[-126.56,50.595],[-126.564,50.61],[-126.485,50.627],[-126.462,50.63],[-126.435,50.627],[-126.414,50.63]]],[[[-123.82,49.203],[-123.822,49.19],[-123.76,49.165],[-123.709,49.159],[-123.691,49.142],[-123.693,49.133],[-123.701,49.13],[-123.732,49.127],[-123.763,49.13],[-123.785,49.136],[-123.788,49.14],[-123.833,49.148],[-123.862,49.158],[-123.871,49.169],[-123.859,49.178],[-123.874,49.19],[-123.864,49.198],[-123.849,49.198],[-123.82,49.203]]],[[[-124.84,49.608],[-124.83,49.606],[-124.821,49.591],[-124.808,49.584],[-124.792,49.579],[-124.777,49.57],[-124.757,49.542],[-124.755,49.532],[-124.731,49.507],[-124.731,49.502],[-124.696,49.49],[-124.685,49.475],[-124.706,49.478],[-124.725,49.485],[-124.732,49.482],[-124.757,49.489],[-124.773,49.507],[-124.785,49.513],[-124.831,49.54],[-124.847,49.556],[-124.843,49.558],[-124.843,49.584],[-124.831,49.601],[-124.84,49.608]]],[[[-126.802,50.89],[-126.792,50.887],[-126.761,50.884],[-126.759,50.878],[-126.736,50.865],[-126.747,50.852],[-126.762,50.857],[-126.781,50.849],[-126.812,50.848],[-126.814,50.839],[-126.826,50.84],[-126.844,50.836],[-126.849,50.842],[-126.871,50.837],[-126.887,50.84],[-126.906,50.838],[-126.921,50.848],[-126.889,50.856],[-126.892,50.863],[-126.862,50.882],[-126.843,50.886],[-126.83,50.883],[-126.825,50.888],[-126.802,50.89]]],[[[-127.9,50.943],[-127.894,50.94],[-127.854,50.934],[-127.842,50.935],[-127.846,50.914],[-127.832,50.905],[-127.841,50.899],[-127.855,50.901],[-127.868,50.89],[-127.884,50.89],[-127.895,50.898],[-127.929,50.895],[-127.943,50.9],[-127.966,50.901],[-127.987,50.907],[-127.997,50.913],[-127.984,50.921],[-127.976,50.918],[-127.955,50.924],[-127.942,50.922],[-127.93,50.927],[-127.919,50.941],[-127.905,50.937],[-127.9,50.943]]],[[[-126.581,50.597],[-126.585,50.591],[-126.565,50.585],[-126.556,50.588],[-126.522,50.579],[-126.51,50.565],[-126.53,50.558],[-126.575,50.555],[-126.598,50.552],[-126.64,50.553],[-126.652,50.555],[-126.641,50.565],[-126.642,50.575],[-126.673,50.584],[-126.678,50.592],[-126.659,50.593],[-126.659,50.587],[-126.644,50.587],[-126.62,50.59],[-126.608,50.589],[-126.598,50.598],[-126.581,50.597]]],[[[-123.167,48.807],[-123.099,48.789],[-123.084,48.781],[-123.095,48.774],[-123.093,48.764],[-123.122,48.767],[-123.133,48.763],[-123.163,48.765],[-123.196,48.773],[-123.202,48.783],[-123.214,48.792],[-123.201,48.798],[-123.189,48.814],[-123.167,48.807]]],[[[-126.014,49.217],[-125.988,49.209],[-125.971,49.211],[-125.952,49.207],[-125.949,49.198],[-125.932,49.186],[-125.953,49.186],[-125.969,49.171],[-125.962,49.162],[-125.965,49.152],[-125.984,49.149],[-126,49.16],[-126.018,49.159],[-126.008,49.169],[-126.01,49.183],[-126.016,49.188],[-126.031,49.187],[-126.037,49.207],[-126.029,49.207],[-126.014,49.217]]],[[[-124.68,49.551],[-124.667,49.551],[-124.65,49.54],[-124.625,49.537],[-124.598,49.525],[-124.591,49.518],[-124.606,49.516],[-124.621,49.521],[-124.631,49.528],[-124.643,49.518],[-124.632,49.51],[-124.645,49.498],[-124.666,49.491],[-124.677,49.5],[-124.705,49.513],[-124.71,49.533],[-124.706,49.543],[-124.692,49.55],[-124.68,49.551]]],[[[-123.309,48.822],[-123.3,48.816],[-123.29,48.818],[-123.28,48.811],[-123.276,48.803],[-123.255,48.791],[-123.244,48.77],[-123.264,48.774],[-123.257,48.764],[-123.263,48.755],[-123.24,48.746],[-123.248,48.74],[-123.272,48.749],[-123.278,48.755],[-123.301,48.764],[-123.317,48.774],[-123.312,48.785],[-123.317,48.791],[-123.311,48.799],[-123.324,48.815],[-123.322,48.822],[-123.309,48.822]]],[[[-123.699,49.126],[-123.672,49.109],[-123.67,49.093],[-123.628,49.066],[-123.601,49.037],[-123.592,49.02],[-123.601,49.013],[-123.619,49.026],[-123.631,49.039],[-123.648,49.046],[-123.657,49.056],[-123.658,49.071],[-123.693,49.095],[-123.706,49.108],[-123.707,49.116],[-123.716,49.124],[-123.699,49.126]]],[[[-123.289,48.874],[-123.266,48.863],[-123.273,48.859],[-123.251,48.85],[-123.245,48.825],[-123.259,48.82],[-123.266,48.824],[-123.299,48.827],[-123.314,48.832],[-123.328,48.833],[-123.322,48.841],[-123.326,48.848],[-123.342,48.854],[-123.342,48.858],[-123.301,48.851],[-123.297,48.859],[-123.305,48.865],[-123.289,48.874]]],[[[-126.52,49.686],[-126.496,49.676],[-126.48,49.663],[-126.496,49.651],[-126.499,49.643],[-126.51,49.638],[-126.515,49.622],[-126.522,49.609],[-126.538,49.602],[-126.542,49.613],[-126.524,49.628],[-126.544,49.631],[-126.567,49.638],[-126.56,49.647],[-126.531,49.663],[-126.536,49.672],[-126.529,49.682],[-126.52,49.686]]],[[[-127.538,51.09],[-127.514,51.084],[-127.525,51.056],[-127.552,51.05],[-127.583,51.046],[-127.601,51.056],[-127.606,51.064],[-127.607,51.076],[-127.592,51.084],[-127.568,51.089],[-127.538,51.09]]],[[[-125.062,48.954],[-125.05,48.952],[-125.046,48.941],[-125.056,48.936],[-125.058,48.92],[-125.071,48.908],[-125.082,48.907],[-125.087,48.897],[-125.112,48.894],[-125.119,48.905],[-125.105,48.91],[-125.101,48.919],[-125.106,48.927],[-125.087,48.936],[-125.085,48.942],[-125.062,48.954]]],[[[-124.998,50.327],[-124.988,50.326],[-124.98,50.317],[-124.967,50.312],[-124.97,50.3],[-124.98,50.288],[-124.995,50.275],[-125.004,50.274],[-125.014,50.281],[-125.025,50.283],[-125.033,50.299],[-125.01,50.312],[-124.998,50.327]]],[[[-125.122,50.42],[-125.117,50.414],[-125.113,50.399],[-125.084,50.381],[-125.1,50.376],[-125.118,50.363],[-125.136,50.361],[-125.145,50.37],[-125.145,50.395],[-125.142,50.417],[-125.132,50.422],[-125.122,50.42]]],[[[-126.753,50.59],[-126.754,50.585],[-126.728,50.578],[-126.719,50.582],[-126.706,50.577],[-126.694,50.567],[-126.703,50.556],[-126.719,50.556],[-126.731,50.559],[-126.745,50.558],[-126.775,50.564],[-126.778,50.584],[-126.768,50.589],[-126.753,50.59]]],[[[-126.521,50.766],[-126.511,50.758],[-126.519,50.75],[-126.544,50.752],[-126.557,50.744],[-126.578,50.738],[-126.615,50.746],[-126.598,50.762],[-126.585,50.764],[-126.552,50.761],[-126.521,50.766]]],[[[-126.675,50.769],[-126.651,50.762],[-126.633,50.761],[-126.63,50.755],[-126.64,50.747],[-126.648,50.748],[-126.662,50.74],[-126.693,50.74],[-126.711,50.744],[-126.72,50.755],[-126.688,50.768],[-126.675,50.769]]],[[[-126.617,50.722],[-126.611,50.705],[-126.627,50.693],[-126.63,50.685],[-126.645,50.68],[-126.675,50.689],[-126.676,50.7],[-126.631,50.721],[-126.617,50.722]]],[[[-123.687,49.021],[-123.675,49.016],[-123.662,49.004],[-123.652,48.99],[-123.679,48.981],[-123.691,48.982],[-123.71,49.018],[-123.695,49.012],[-123.687,49.021]]],[[[-126.819,50.948],[-126.803,50.935],[-126.798,50.938],[-126.777,50.932],[-126.801,50.921],[-126.814,50.921],[-126.825,50.925],[-126.84,50.92],[-126.854,50.92],[-126.859,50.94],[-126.853,50.946],[-126.827,50.945],[-126.819,50.948]]],[[[-128.602,50.817],[-128.575,50.807],[-128.573,50.795],[-128.601,50.794],[-128.607,50.784],[-128.625,50.786],[-128.632,50.793],[-128.631,50.807],[-128.602,50.817]]],[[[-123.659,48.984],[-123.639,48.98],[-123.63,48.964],[-123.628,48.942],[-123.652,48.945],[-123.66,48.956],[-123.658,48.969],[-123.669,48.981],[-123.659,48.984]]],[[[-126.205,50.714],[-126.197,50.713],[-126.202,50.687],[-126.195,50.667],[-126.208,50.664],[-126.227,50.676],[-126.223,50.687],[-126.226,50.697],[-126.218,50.712],[-126.205,50.714]]],[[[-123.259,48.768],[-123.206,48.757],[-123.19,48.753],[-123.182,48.741],[-123.187,48.734],[-123.208,48.733],[-123.225,48.742],[-123.23,48.752],[-123.243,48.754],[-123.259,48.768]]],[[[-128.71,50.836],[-128.664,50.822],[-128.668,50.815],[-128.657,50.808],[-128.693,50.801],[-128.696,50.809],[-128.714,50.81],[-128.714,50.825],[-128.71,50.836]]],[[[-123.314,48.624],[-123.309,48.618],[-123.296,48.617],[-123.268,48.602],[-123.272,48.595],[-123.296,48.594],[-123.306,48.599],[-123.312,48.611],[-123.328,48.624],[-123.33,48.642],[-123.315,48.631],[-123.314,48.624]]],[[[-126.524,50.637],[-126.51,50.631],[-126.517,50.623],[-126.544,50.615],[-126.577,50.612],[-126.58,50.626],[-126.559,50.634],[-126.524,50.637]]],[[[-125.045,50.088],[-125.028,50.065],[-125.033,50.058],[-125.055,50.051],[-125.067,50.057],[-125.075,50.07],[-125.065,50.081],[-125.045,50.088]]],[[[-126.086,49.42],[-126.074,49.417],[-126.068,49.407],[-126.086,49.401],[-126.085,49.394],[-126.096,49.391],[-126.111,49.397],[-126.117,49.41],[-126.111,49.417],[-126.086,49.42]]],[[[-123.405,48.85],[-123.378,48.838],[-123.353,48.83],[-123.359,48.818],[-123.376,48.822],[-123.403,48.834],[-123.4,48.84],[-123.405,48.85]]],[[[-126.732,50.629],[-126.715,50.626],[-126.709,50.619],[-126.697,50.615],[-126.68,50.617],[-126.687,50.603],[-126.707,50.602],[-126.731,50.611],[-126.739,50.622],[-126.732,50.629]]],[[[-125.039,48.988],[-125.022,48.982],[-125.064,48.963],[-125.082,48.967],[-125.083,48.973],[-125.063,48.986],[-125.039,48.988]]],[[[-123.317,48.732],[-123.305,48.722],[-123.291,48.715],[-123.306,48.701],[-123.321,48.709],[-123.334,48.72],[-123.326,48.731],[-123.317,48.732]]],[[[-127.646,50.868],[-127.629,50.867],[-127.614,50.847],[-127.615,50.829],[-127.629,50.833],[-127.629,50.84],[-127.646,50.868]]],[[[-126.644,50.657],[-126.617,50.648],[-126.633,50.641],[-126.668,50.643],[-126.684,50.65],[-126.675,50.654],[-126.644,50.657]]],[[[-127.649,50.525],[-127.631,50.521],[-127.62,50.512],[-127.627,50.507],[-127.644,50.512],[-127.658,50.51],[-127.674,50.499],[-127.672,50.519],[-127.649,50.525]]],[[[-126.627,49.722],[-126.595,49.692],[-126.588,49.681],[-126.61,49.681],[-126.63,49.714],[-126.627,49.722]]],[[[-127.222,50.088],[-127.208,50.08],[-127.219,50.069],[-127.237,50.068],[-127.243,50.076],[-127.239,50.086],[-127.222,50.088]]],[[[-126.632,50.63],[-126.646,50.611],[-126.677,50.608],[-126.677,50.62],[-126.668,50.625],[-126.632,50.63]]],[[[-126.921,50.594],[-126.907,50.583],[-126.908,50.576],[-126.922,50.577],[-126.931,50.59],[-126.959,50.594],[-126.95,50.602],[-126.929,50.598],[-126.921,50.594]]],[[[-126.396,49.655],[-126.36,49.641],[-126.371,49.638],[-126.411,49.647],[-126.396,49.655]]],[[[-126.306,50.621],[-126.307,50.61],[-126.316,50.606],[-126.339,50.625],[-126.332,50.631],[-126.314,50.627],[-126.306,50.621]]],[[[-126.971,49.754],[-126.952,49.747],[-126.95,49.742],[-126.955,49.725],[-126.966,49.731],[-126.979,49.749],[-126.971,49.754]]]]}},{"type":"Feature","properties":{"ENGNAME":"Northern"},"geometry":{"type":"MultiPolygon","coordinates":[[[[-118.224,52.38],[-118.243,52.375],[-118.245,52.365],[-118.256,52.347],[-118.283,52.341],[-118.296,52.342],[-118.305,52.35],[-118.307,52.361],[-118.329,52.368],[-118.362,52.363],[-118.367,52.355],[-118.384,52.347],[-118.388,52.336],[-118.398,52.333],[-118.419,52.337],[-118.43,52.334],[-118.437,52.324],[-118.455,52.322],[-118.471,52.315],[-118.494,52.311],[-118.49,52.294],[-118.502,52.288],[-118.522,52.284],[-118.544,52.29],[-118.56,52.272],[-118.562,52.249],[-118.551,52.236],[-118.554,52.229],[-118.569,52.226],[-118.567,52.218],[-118.576,52.205],[-118.574,52.199],[-118.581,52.188],[-118.598,52.19],[-118.628,52.177],[-118.639,52.166],[-118.67,52.16],[-118.673,52.152],[-118.688,52.149],[-118.694,52.166],[-118.707,52.164],[-118.72,52.158],[-118.734,52.164],[-118.733,52.17],[-118.741,52.18],[-118.755,52.184],[-118.767,52.179],[-118.776,52.181],[-118.794,52.176],[-118.806,52.179],[-118.828,52.199],[-118.842,52.203],[-118.852,52.211],[-118.836,52.22],[-118.838,52.233],[-118.877,52.239],[-118.899,52.236],[-118.886,52.253],[-118.884,52.261],[-118.861,52.272],[-118.844,52.276],[-118.839,52.288],[-118.824,52.29],[-118.82,52.296],[-118.801,52.304],[-118.79,52.312],[-118.809,52.322],[-118.838,52.33],[-118.848,52.337],[-118.857,52.337],[-118.868,52.343],[-118.903,52.343],[-118.927,52.354],[-118.927,52.363],[-118.935,52.368],[-118.94,52.392],[-118.933,52.398],[-118.93,52.413],[-118.924,52.419],[-118.942,52.441],[-118.928,52.46],[-118.91,52.469],[-118.887,52.475],[-118.89,52.492],[-118.906,52.498],[-118.911,52.506],[-118.907,52.519],[-118.916,52.538],[-118.936,52.546],[-118.936,52.558],[-118.927,52.568],[-118.95,52.578],[-118.96,52.576],[-118.995,52.587],[-118.999,52.599],[-119.007,52.601],[-119.019,52.592],[-119.04,52.598],[-119.039,52.607],[-119.047,52.62],[-119.055,52.625],[-119.054,52.633],[-119.183,52.633],[-119.188,52.629],[-119.195,52.607],[-119.2,52.598],[-119.213,52.604],[-119.226,52.605],[-119.248,52.598],[-119.276,52.597],[-119.293,52.603],[-119.308,52.596],[-119.327,52.595],[-119.354,52.586],[-119.366,52.603],[-119.376,52.613],[-119.367,52.622],[-119.364,52.648],[-119.37,52.656],[-119.385,52.65],[-119.396,52.651],[-119.416,52.647],[-119.427,52.636],[-119.443,52.637],[-119.46,52.65],[-119.473,52.648],[-119.503,52.633],[-119.529,52.629],[-119.543,52.661],[-119.552,52.664],[-119.571,52.656],[-119.579,52.656],[-119.603,52.67],[-119.618,52.69],[-119.613,52.7],[-119.617,52.705],[-119.664,52.7],[-119.666,52.699],[-119.683,52.693],[-119.709,52.676],[-119.726,52.68],[-119.749,52.68],[-119.765,52.668],[-119.768,52.659],[-119.819,52.674],[-119.829,52.684],[-119.855,52.692],[-119.868,52.684],[-119.879,52.687],[-119.878,52.696],[-119.895,52.714],[-119.895,52.719],[-119.918,52.723],[-119.943,52.721],[-119.955,52.715],[-119.964,52.719],[-119.968,52.733],[-119.994,52.742],[-120.008,52.75],[-120.026,52.772],[-120.023,52.779],[-120.03,52.791],[-120.056,52.809],[-120.042,52.815],[-120.05,52.824],[-120.066,52.824],[-120.081,52.835],[-120.103,52.844],[-120.102,52.855],[-120.111,52.864],[-120.133,52.875],[-120.147,52.874],[-120.165,52.86],[-120.179,52.858],[-120.198,52.871],[-120.212,52.877],[-120.223,52.9],[-120.243,52.905],[-120.246,52.92],[-120.264,52.927],[-120.295,52.921],[-120.338,52.927],[-120.341,52.936],[-120.351,52.938],[-120.366,52.957],[-120.386,52.964],[-120.414,52.957],[-120.421,52.957],[-120.438,52.972],[-120.434,52.983],[-120.443,52.992],[-120.467,52.989],[-120.483,52.99],[-120.495,52.981],[-120.502,52.991],[-120.536,52.984],[-120.545,52.976],[-120.534,52.963],[-120.535,52.956],[-120.577,52.95],[-120.593,52.946],[-120.595,52.94],[-120.57,52.92],[-120.58,52.912],[-120.592,52.911],[-120.611,52.914],[-120.642,52.926],[-120.663,52.932],[-120.682,52.928],[-120.69,52.923],[-120.702,52.906],[-120.723,52.897],[-120.738,52.908],[-120.79,52.908],[-120.808,52.9],[-120.844,52.902],[-120.887,52.887],[-120.935,52.858],[-120.995,52.88],[-121.057,52.883],[-121.073,52.875],[-121.12,52.87],[-121.132,52.926],[-121.143,52.939],[-121.175,52.943],[-121.179,52.937],[-121.169,52.931],[-121.174,52.92],[-121.188,52.917],[-121.191,52.925],[-121.227,52.929],[-121.242,52.926],[-121.282,52.899],[-121.311,52.895],[-121.334,52.881],[-121.344,52.871],[-121.381,52.872],[-121.423,52.876],[-121.443,52.872],[-121.453,52.867],[-121.468,52.849],[-121.479,52.847],[-121.491,52.861],[-121.53,52.869],[-121.564,52.867],[-121.579,52.857],[-121.605,52.861],[-121.614,52.849],[-121.613,52.836],[-121.62,52.824],[-121.595,52.811],[-121.591,52.807],[-121.61,52.794],[-121.616,52.785],[-121.605,52.769],[-121.599,52.753],[-121.582,52.739],[-121.599,52.725],[-121.655,52.738],[-121.694,52.72],[-121.719,52.733],[-121.759,52.742],[-121.822,52.742],[-121.938,52.743],[-121.941,52.714],[-122.015,52.714],[-122.119,52.715],[-122.188,52.714],[-122.193,52.704],[-122.222,52.702],[-122.238,52.698],[-122.248,52.688],[-122.247,52.675],[-122.237,52.664],[-122.236,52.635],[-122.226,52.625],[-122.226,52.614],[-122.244,52.613],[-122.25,52.606],[-122.216,52.582],[-122.206,52.568],[-122.231,52.547],[-122.23,52.539],[-122.24,52.535],[-122.233,52.526],[-122.232,52.514],[-122.237,52.495],[-122.233,52.49],[-122.241,52.476],[-122.26,52.468],[-122.253,52.457],[-122.417,52.457],[-122.401,52.43],[-122.399,52.418],[-122.492,52.417],[-122.486,52.402],[-122.493,52.395],[-122.483,52.382],[-122.478,52.366],[-122.47,52.364],[-122.472,52.351],[-122.494,52.346],[-122.51,52.35],[-122.516,52.365],[-122.574,52.369],[-122.595,52.353],[-122.623,52.354],[-122.639,52.35],[-122.669,52.339],[-122.697,52.323],[-122.71,52.309],[-122.75,52.295],[-122.76,52.281],[-122.776,52.277],[-122.798,52.279],[-122.814,52.265],[-122.806,52.26],[-122.828,52.247],[-122.825,52.238],[-122.839,52.238],[-122.864,52.243],[-122.882,52.238],[-122.895,52.23],[-122.899,52.219],[-122.917,52.219],[-122.933,52.228],[-122.952,52.229],[-122.954,52.239],[-122.948,52.251],[-122.959,52.257],[-122.957,52.271],[-122.939,52.276],[-122.951,52.282],[-122.976,52.281],[-122.989,52.283],[-122.987,52.291],[-122.999,52.292],[-122.998,52.303],[-123.004,52.308],[-122.998,52.321],[-123.029,52.32],[-123.022,52.33],[-123.037,52.339],[-123.043,52.35],[-123.075,52.356],[-123.086,52.353],[-123.11,52.353],[-123.123,52.361],[-123.15,52.362],[-123.16,52.359],[-123.171,52.35],[-123.172,52.341],[-123.178,52.335],[-123.164,52.329],[-123.165,52.311],[-123.181,52.299],[-123.207,52.3],[-123.217,52.294],[-123.241,52.305],[-123.246,52.32],[-123.258,52.319],[-123.279,52.325],[-123.287,52.337],[-123.309,52.338],[-123.336,52.353],[-123.337,52.366],[-123.346,52.371],[-123.32,52.384],[-123.315,52.403],[-123.303,52.41],[-123.284,52.429],[-123.292,52.446],[-123.31,52.449],[-123.317,52.455],[-124,52.455],[-123.997,52.501],[-123.998,52.595],[-123.997,52.666],[-123.994,52.702],[-124.003,52.71],[-124.003,52.864],[-123.994,52.871],[-123.995,52.878],[-123.998,52.971],[-124.001,53.001],[-124.251,53],[-124.5,53],[-124.75,53],[-125,53],[-125.275,53],[-125.454,53],[-125.647,53],[-125.847,53],[-126.182,53],[-126.395,53],[-126.623,53],[-126.635,53.012],[-126.648,53.03],[-126.672,53.023],[-126.672,53.016],[-126.688,53.004],[-126.688,52.995],[-126.711,52.988],[-126.72,52.992],[-126.755,52.995],[-126.775,53.006],[-126.791,53.002],[-126.79,53.02],[-126.797,53.034],[-126.79,53.051],[-126.795,53.066],[-126.812,53.077],[-126.811,53.084],[-126.84,53.106],[-126.865,53.109],[-126.876,53.088],[-126.888,53.083],[-126.902,53.082],[-126.941,53.085],[-126.948,53.092],[-126.967,53.079],[-127.001,53.065],[-127.018,53.079],[-127.009,53.084],[-127.031,53.114],[-127.004,53.127],[-126.994,53.136],[-126.993,53.151],[-127.015,53.172],[-127.016,53.188],[-127.026,53.198],[-127.045,53.198],[-127.037,53.207],[-127.035,53.226],[-127.027,53.232],[-127.005,53.236],[-127.001,53.241],[-127.003,53.254],[-126.978,53.262],[-126.989,53.29],[-127,53.292],[-127.004,53.304],[-127.019,53.304],[-127.039,53.297],[-127.06,53.294],[-127.075,53.278],[-127.069,53.26],[-127.075,53.257],[-127.077,53.24],[-127.096,53.243],[-127.114,53.238],[-127.133,53.24],[-127.138,53.256],[-127.153,53.271],[-127.167,53.273],[-127.189,53.263],[-127.202,53.247],[-127.216,53.251],[-127.225,53.248],[-127.242,53.254],[-127.253,53.262],[-127.254,53.273],[-127.265,53.277],[-127.284,53.272],[-127.282,53.249],[-127.29,53.228],[-127.299,53.216],[-127.318,53.205],[-127.33,53.225],[-127.352,53.225],[-127.362,53.219],[-127.364,53.202],[-127.354,53.189],[-127.357,53.176],[-127.383,53.178],[-127.396,53.186],[-127.405,53.184],[-127.409,53.174],[-127.402,53.169],[-127.411,53.159],[-127.44,53.16],[-127.459,53.143],[-127.477,53.142],[-127.475,53.123],[-127.464,53.12],[-127.448,53.123],[-127.44,53.116],[-127.452,53.101],[-127.442,53.084],[-127.419,53.08],[-127.356,53.083],[-127.318,53.068],[-127.307,53.074],[-127.289,53.071],[-127.273,53.056],[-127.253,53.041],[-127.242,53.022],[-127.24,53.006],[-127.248,52.993],[-127.262,52.987],[-127.249,52.967],[-127.229,52.959],[-127.276,52.945],[-127.3,52.904],[-127.273,52.895],[-127.28,52.883],[-127.266,52.878],[-127.245,52.86],[-127.215,52.854],[-127.224,52.838],[-127.218,52.825],[-127.226,52.819],[-127.255,52.817],[-127.27,52.811],[-127.29,52.817],[-127.312,52.798],[-127.341,52.798],[-127.352,52.807],[-127.374,52.787],[-127.38,52.777],[-127.38,52.765],[-127.364,52.756],[-127.371,52.749],[-127.386,52.747],[-127.395,52.733],[-127.412,52.732],[-127.417,52.726],[-127.466,52.709],[-127.472,52.697],[-127.468,52.685],[-127.489,52.686],[-127.506,52.681],[-127.503,52.692],[-127.515,52.696],[-127.536,52.691],[-127.546,52.696],[-127.563,52.69],[-127.57,52.701],[-127.579,52.706],[-127.577,52.717],[-127.596,52.727],[-127.623,52.733],[-127.618,52.745],[-127.599,52.76],[-127.607,52.781],[-127.634,52.779],[-127.666,52.785],[-127.677,52.79],[-127.692,52.789],[-127.702,52.776],[-127.714,52.78],[-127.73,52.775],[-127.72,52.763],[-127.711,52.758],[-127.716,52.749],[-127.72,52.718],[-127.745,52.718],[-127.753,52.71],[-127.779,52.702],[-127.792,52.693],[-127.779,52.678],[-127.789,52.667],[-127.799,52.662],[-127.829,52.666],[-127.849,52.661],[-127.846,52.676],[-127.87,52.684],[-127.885,52.683],[-127.9,52.673],[-127.917,52.672],[-127.916,52.683],[-127.924,52.697],[-127.922,52.721],[-127.948,52.721],[-127.963,52.71],[-127.982,52.714],[-128.005,52.712],[-128.049,52.714],[-128.063,52.709],[-128.065,52.697],[-128.096,52.681],[-128.116,52.677],[-128.116,52.684],[-128.134,52.684],[-128.149,52.675],[-128.154,52.664],[-128.144,52.658],[-128.14,52.647],[-128.101,52.645],[-128.109,52.624],[-128.117,52.613],[-128.136,52.612],[-128.145,52.619],[-128.157,52.621],[-128.164,52.616],[-128.19,52.607],[-128.177,52.6],[-128.195,52.578],[-128.177,52.576],[-128.183,52.566],[-128.174,52.558],[-128.188,52.552],[-128.19,52.538],[-128.185,52.531],[-128.206,52.524],[-128.197,52.513],[-128.182,52.504],[-128.185,52.494],[-128.176,52.485],[-128.197,52.484],[-128.2,52.486],[-128.223,52.484],[-128.239,52.501],[-128.248,52.536],[-128.247,52.554],[-128.243,52.572],[-128.22,52.586],[-128.21,52.605],[-128.195,52.623],[-128.184,52.626],[-128.172,52.661],[-128.171,52.676],[-128.163,52.688],[-128.151,52.694],[-128.136,52.712],[-128.136,52.726],[-128.113,52.76],[-128.091,52.764],[-128.071,52.761],[-128.049,52.753],[-127.988,52.74],[-127.966,52.743],[-127.959,52.731],[-127.943,52.729],[-127.93,52.734],[-127.904,52.736],[-127.883,52.751],[-127.875,52.742],[-127.856,52.739],[-127.838,52.73],[-127.827,52.736],[-127.849,52.74],[-127.886,52.759],[-127.904,52.747],[-127.94,52.738],[-127.96,52.752],[-127.978,52.752],[-127.988,52.766],[-127.991,52.787],[-128.001,52.786],[-128.005,52.773],[-128,52.759],[-128.01,52.757],[-128.034,52.76],[-128.068,52.772],[-128.089,52.776],[-128.13,52.77],[-128.13,52.79],[-128.126,52.809],[-128.126,52.83],[-128.132,52.84],[-128.143,52.848],[-128.135,52.863],[-128.136,52.877],[-128.115,52.884],[-128.122,52.893],[-128.11,52.898],[-128.1,52.895],[-128.077,52.899],[-128.053,52.908],[-128.03,52.906],[-128.045,52.918],[-128.061,52.916],[-128.082,52.91],[-128.116,52.91],[-128.137,52.918],[-128.137,52.907],[-128.153,52.889],[-128.161,52.869],[-128.16,52.86],[-128.18,52.848],[-128.198,52.841],[-128.223,52.838],[-128.205,52.831],[-128.21,52.823],[-128.222,52.815],[-128.225,52.807],[-128.241,52.8],[-128.273,52.797],[-128.301,52.799],[-128.324,52.797],[-128.348,52.806],[-128.368,52.809],[-128.392,52.819],[-128.401,52.825],[-128.42,52.822],[-128.432,52.815],[-128.443,52.822],[-128.454,52.845],[-128.469,52.861],[-128.48,52.864],[-128.498,52.884],[-128.501,52.893],[-128.499,52.919],[-128.475,52.914],[-128.455,52.92],[-128.437,52.921],[-128.422,52.932],[-128.401,52.942],[-128.39,52.985],[-128.403,52.98],[-128.407,52.956],[-128.413,52.946],[-128.438,52.935],[-128.455,52.924],[-128.473,52.919],[-128.491,52.924],[-128.503,52.933],[-128.502,52.939],[-128.508,52.96],[-128.507,52.967],[-128.513,52.996],[-128.512,53.007],[-128.52,53.013],[-128.524,53.032],[-128.55,53.068],[-128.536,53.085],[-128.524,53.088],[-128.46,53.094],[-128.448,53.096],[-128.438,53.086],[-128.422,53.087],[-128.435,53.103],[-128.466,53.107],[-128.49,53.096],[-128.506,53.095],[-128.527,53.097],[-128.558,53.088],[-128.571,53.112],[-128.561,53.126],[-128.55,53.128],[-128.532,53.124],[-128.511,53.124],[-128.503,53.129],[-128.477,53.137],[-128.48,53.147],[-128.53,53.13],[-128.559,53.136],[-128.579,53.128],[-128.592,53.145],[-128.592,53.149],[-128.611,53.164],[-128.624,53.167],[-128.644,53.185],[-128.663,53.218],[-128.676,53.221],[-128.674,53.207],[-128.667,53.203],[-128.656,53.181],[-128.696,53.19],[-128.728,53.202],[-128.755,53.215],[-128.766,53.224],[-128.795,53.238],[-128.827,53.257],[-128.847,53.268],[-128.858,53.276],[-128.86,53.284],[-128.875,53.295],[-128.886,53.307],[-128.89,53.329],[-128.887,53.347],[-128.863,53.359],[-128.891,53.361],[-128.891,53.37],[-128.883,53.38],[-128.888,53.393],[-128.882,53.402],[-128.885,53.411],[-128.905,53.43],[-128.886,53.442],[-128.874,53.453],[-128.87,53.466],[-128.853,53.468],[-128.841,53.476],[-128.868,53.482],[-128.896,53.471],[-128.915,53.446],[-128.953,53.466],[-128.962,53.488],[-128.973,53.496],[-128.967,53.511],[-128.97,53.525],[-128.965,53.532],[-128.988,53.538],[-128.981,53.547],[-128.967,53.55],[-128.935,53.541],[-128.927,53.533],[-128.908,53.531],[-128.868,53.53],[-128.849,53.542],[-128.841,53.555],[-128.814,53.568],[-128.808,53.564],[-128.784,53.528],[-128.779,53.526],[-128.768,53.504],[-128.77,53.494],[-128.757,53.484],[-128.731,53.49],[-128.71,53.476],[-128.688,53.448],[-128.68,53.459],[-128.698,53.471],[-128.702,53.48],[-128.695,53.485],[-128.677,53.482],[-128.657,53.475],[-128.634,53.453],[-128.585,53.431],[-128.568,53.416],[-128.539,53.407],[-128.519,53.394],[-128.508,53.396],[-128.491,53.392],[-128.5,53.372],[-128.503,53.35],[-128.49,53.344],[-128.493,53.372],[-128.487,53.381],[-128.484,53.395],[-128.519,53.4],[-128.522,53.404],[-128.49,53.418],[-128.484,53.428],[-128.473,53.431],[-128.433,53.428],[-128.405,53.443],[-128.372,53.44],[-128.355,53.454],[-128.361,53.477],[-128.306,53.454],[-128.296,53.457],[-128.278,53.447],[-128.228,53.452],[-128.207,53.459],[-128.176,53.459],[-128.133,53.446],[-128.099,53.428],[-128.074,53.379],[-128.123,53.337],[-128.11,53.33],[-128.049,53.369],[-128.04,53.372],[-128.008,53.34],[-127.951,53.326],[-127.942,53.32],[-127.956,53.296],[-127.954,53.268],[-127.875,53.225],[-127.874,53.242],[-127.878,53.251],[-127.93,53.274],[-127.935,53.301],[-127.923,53.316],[-127.926,53.328],[-127.939,53.335],[-127.999,53.351],[-128.032,53.382],[-128.053,53.385],[-128.059,53.394],[-128.06,53.407],[-128.083,53.434],[-128.122,53.462],[-128.131,53.471],[-128.12,53.482],[-128.133,53.485],[-128.141,53.476],[-128.186,53.479],[-128.195,53.475],[-128.23,53.476],[-128.242,53.468],[-128.311,53.476],[-128.328,53.491],[-128.355,53.494],[-128.365,53.512],[-128.396,53.483],[-128.395,53.474],[-128.381,53.464],[-128.385,53.456],[-128.411,53.457],[-128.45,53.438],[-128.491,53.445],[-128.535,53.428],[-128.545,53.43],[-128.557,53.442],[-128.553,53.45],[-128.572,53.449],[-128.593,53.456],[-128.602,53.466],[-128.587,53.47],[-128.587,53.477],[-128.601,53.488],[-128.634,53.495],[-128.644,53.502],[-128.668,53.5],[-128.687,53.502],[-128.705,53.518],[-128.712,53.536],[-128.728,53.545],[-128.75,53.54],[-128.763,53.547],[-128.774,53.56],[-128.769,53.569],[-128.799,53.591],[-128.797,53.596],[-128.813,53.606],[-128.824,53.62],[-128.834,53.641],[-128.835,53.649],[-128.822,53.659],[-128.817,53.668],[-128.801,53.674],[-128.801,53.68],[-128.785,53.709],[-128.783,53.721],[-128.805,53.743],[-128.803,53.751],[-128.811,53.761],[-128.808,53.77],[-128.785,53.79],[-128.753,53.8],[-128.706,53.823],[-128.707,53.828],[-128.697,53.839],[-128.678,53.853],[-128.656,53.854],[-128.61,53.833],[-128.561,53.832],[-128.55,53.836],[-128.532,53.833],[-128.52,53.826],[-128.487,53.827],[-128.496,53.847],[-128.511,53.846],[-128.525,53.851],[-128.546,53.851],[-128.565,53.847],[-128.571,53.843],[-128.603,53.845],[-128.627,53.851],[-128.632,53.86],[-128.645,53.867],[-128.665,53.865],[-128.673,53.869],[-128.696,53.87],[-128.708,53.877],[-128.715,53.902],[-128.691,53.913],[-128.68,53.928],[-128.661,53.944],[-128.649,53.97],[-128.654,53.987],[-128.649,54.005],[-128.638,54.008],[-128.609,54.025],[-128.621,54.034],[-128.645,54.016],[-128.659,54.011],[-128.678,54.009],[-128.693,54.002],[-128.703,53.963],[-128.707,53.961],[-128.713,53.943],[-128.722,53.929],[-128.731,53.922],[-128.757,53.923],[-128.763,53.914],[-128.76,53.906],[-128.789,53.902],[-128.789,53.881],[-128.795,53.874],[-128.813,53.865],[-128.847,53.859],[-128.85,53.848],[-128.865,53.838],[-128.865,53.826],[-128.873,53.814],[-128.903,53.816],[-128.897,53.807],[-128.928,53.787],[-128.941,53.785],[-128.951,53.793],[-128.936,53.804],[-128.934,53.814],[-128.919,53.825],[-128.916,53.841],[-128.943,53.843],[-128.946,53.829],[-128.943,53.821],[-128.947,53.809],[-128.96,53.798],[-128.96,53.815],[-128.966,53.828],[-128.958,53.845],[-128.967,53.85],[-128.963,53.867],[-128.966,53.874],[-128.992,53.893],[-129.015,53.895],[-129.034,53.898],[-129.026,53.886],[-128.998,53.888],[-128.981,53.871],[-128.983,53.864],[-128.975,53.854],[-128.981,53.824],[-128.973,53.807],[-128.964,53.792],[-128.963,53.784],[-128.975,53.769],[-129.001,53.763],[-129.01,53.759],[-129.034,53.767],[-129.046,53.766],[-129.059,53.776],[-129.063,53.786],[-129.078,53.79],[-129.066,53.803],[-129.063,53.813],[-129.068,53.826],[-129.082,53.836],[-129.096,53.831],[-129.085,53.812],[-129.1,53.805],[-129.101,53.789],[-129.093,53.777],[-129.072,53.777],[-129.057,53.763],[-129.031,53.762],[-129.031,53.753],[-129.045,53.744],[-129.066,53.735],[-129.094,53.729],[-129.117,53.718],[-129.136,53.697],[-129.137,53.688],[-129.154,53.674],[-129.168,53.666],[-129.192,53.66],[-129.224,53.641],[-129.232,53.631],[-129.267,53.64],[-129.275,53.638],[-129.295,53.649],[-129.303,53.637],[-129.298,53.63],[-129.264,53.622],[-129.24,53.614],[-129.25,53.604],[-129.252,53.578],[-129.239,53.564],[-129.24,53.538],[-129.234,53.519],[-129.265,53.518],[-129.281,53.519],[-129.299,53.527],[-129.301,53.537],[-129.315,53.551],[-129.325,53.548],[-129.31,53.536],[-129.309,53.53],[-129.299,53.52],[-129.291,53.52],[-129.268,53.511],[-129.24,53.513],[-129.239,53.481],[-129.242,53.477],[-129.234,53.46],[-129.234,53.45],[-129.24,53.439],[-129.238,53.424],[-129.25,53.426],[-129.26,53.405],[-129.285,53.401],[-129.291,53.396],[-129.279,53.381],[-129.279,53.374],[-129.27,53.365],[-129.281,53.363],[-129.339,53.382],[-129.363,53.398],[-129.384,53.408],[-129.404,53.422],[-129.414,53.433],[-129.423,53.436],[-129.457,53.461],[-129.488,53.474],[-129.511,53.489],[-129.561,53.517],[-129.596,53.539],[-129.646,53.566],[-129.688,53.598],[-129.701,53.611],[-129.721,53.628],[-129.758,53.665],[-129.759,53.679],[-129.745,53.681],[-129.74,53.672],[-129.714,53.667],[-129.706,53.7],[-129.729,53.691],[-129.739,53.699],[-129.752,53.694],[-129.786,53.706],[-129.79,53.713],[-129.814,53.724],[-129.828,53.739],[-129.845,53.74],[-129.873,53.756],[-129.883,53.764],[-129.897,53.768],[-129.921,53.785],[-129.955,53.813],[-129.971,53.823],[-129.981,53.824],[-130.007,53.844],[-130.007,53.851],[-129.987,53.856],[-129.976,53.869],[-129.987,53.88],[-129.975,53.886],[-129.995,53.891],[-129.989,53.879],[-129.989,53.865],[-130.015,53.855],[-130.024,53.862],[-130.037,53.862],[-130.053,53.878],[-130.072,53.892],[-130.086,53.918],[-130.085,53.929],[-130.094,53.931],[-130.109,53.95],[-130.099,53.97],[-130.105,53.979],[-130.092,54.002],[-130.096,54.009],[-130.085,54.024],[-130.092,54.035],[-130.093,54.052],[-130.102,54.064],[-130.091,54.078],[-130.084,54.113],[-130.076,54.121],[-130.065,54.124],[-130.056,54.136],[-130.054,54.147],[-130.044,54.148],[-130.034,54.142],[-129.988,54.143],[-129.969,54.158],[-129.958,54.163],[-129.948,54.151],[-129.946,54.132],[-129.929,54.117],[-129.906,54.103],[-129.895,54.092],[-129.877,54.067],[-129.864,54.057],[-129.856,54.037],[-129.832,54.034],[-129.823,54.028],[-129.798,54],[-129.782,54.004],[-129.795,54.012],[-129.811,54.028],[-129.84,54.043],[-129.85,54.055],[-129.854,54.067],[-129.865,54.074],[-129.872,54.092],[-129.891,54.11],[-129.919,54.125],[-129.93,54.137],[-129.938,54.157],[-129.937,54.166],[-129.953,54.178],[-129.919,54.189],[-129.901,54.198],[-129.878,54.203],[-129.853,54.213],[-129.836,54.215],[-129.776,54.198],[-129.753,54.209],[-129.742,54.21],[-129.72,54.206],[-129.689,54.194],[-129.673,54.183],[-129.66,54.184],[-129.64,54.179],[-129.627,54.173],[-129.602,54.178],[-129.586,54.188],[-129.579,54.197],[-129.588,54.204],[-129.621,54.187],[-129.652,54.19],[-129.678,54.207],[-129.714,54.216],[-129.78,54.223],[-129.809,54.233],[-129.845,54.237],[-129.861,54.236],[-129.884,54.225],[-129.909,54.216],[-129.921,54.215],[-129.938,54.206],[-129.954,54.201],[-129.985,54.197],[-129.999,54.184],[-130.022,54.17],[-130.061,54.174],[-130.081,54.172],[-130.1,54.165],[-130.112,54.153],[-130.132,54.149],[-130.157,54.168],[-130.178,54.179],[-130.23,54.196],[-130.263,54.199],[-130.278,54.204],[-130.288,54.212],[-130.301,54.244],[-130.273,54.242],[-130.259,54.253],[-130.236,54.259],[-130.221,54.258],[-130.21,54.261],[-130.198,54.247],[-130.186,54.269],[-130.204,54.265],[-130.232,54.268],[-130.244,54.289],[-130.243,54.302],[-130.254,54.32],[-130.261,54.319],[-130.272,54.329],[-130.275,54.34],[-130.26,54.358],[-130.253,54.378],[-130.244,54.381],[-130.249,54.394],[-130.261,54.39],[-130.271,54.381],[-130.274,54.369],[-130.286,54.35],[-130.307,54.337],[-130.32,54.339],[-130.33,54.331],[-130.346,54.331],[-130.356,54.323],[-130.372,54.319],[-130.386,54.331],[-130.417,54.328],[-130.419,54.343],[-130.445,54.336],[-130.464,54.337],[-130.459,54.348],[-130.462,54.355],[-130.482,54.369],[-130.476,54.375],[-130.474,54.39],[-130.487,54.402],[-130.478,54.415],[-130.489,54.429],[-130.484,54.439],[-130.465,54.441],[-130.466,54.447],[-130.448,54.457],[-130.425,54.449],[-130.389,54.455],[-130.41,54.47],[-130.425,54.474],[-130.444,54.49],[-130.451,54.529],[-130.436,54.557],[-130.417,54.564],[-130.401,54.559],[-130.384,54.561],[-130.416,54.588],[-130.436,54.597],[-130.439,54.609],[-130.456,54.613],[-130.451,54.627],[-130.431,54.637],[-130.402,54.621],[-130.395,54.621],[-130.373,54.604],[-130.367,54.602],[-130.349,54.586],[-130.349,54.577],[-130.363,54.579],[-130.318,54.552],[-130.306,54.538],[-130.269,54.502],[-130.267,54.496],[-130.243,54.484],[-130.237,54.476],[-130.207,54.457],[-130.19,54.449],[-130.173,54.437],[-130.165,54.425],[-130.14,54.407],[-130.114,54.394],[-130.083,54.366],[-130.075,54.355],[-130.076,54.348],[-130.041,54.323],[-129.998,54.304],[-129.983,54.302],[-129.984,54.312],[-130.009,54.317],[-130.043,54.335],[-130.052,54.345],[-130.056,54.36],[-130.073,54.372],[-130.096,54.395],[-130.103,54.406],[-130.087,54.416],[-130.083,54.43],[-130.071,54.435],[-130.067,54.447],[-130.075,54.449],[-130.081,54.463],[-130.06,54.482],[-130.033,54.483],[-130.005,54.488],[-129.991,54.496],[-129.983,54.505],[-129.999,54.507],[-130.029,54.49],[-130.046,54.495],[-130.075,54.488],[-130.082,54.482],[-130.081,54.467],[-130.093,54.462],[-130.084,54.447],[-130.085,54.438],[-130.1,54.42],[-130.12,54.42],[-130.141,54.434],[-130.151,54.445],[-130.192,54.47],[-130.196,54.48],[-130.215,54.485],[-130.227,54.493],[-130.245,54.512],[-130.24,54.519],[-130.255,54.521],[-130.262,54.527],[-130.259,54.534],[-130.283,54.545],[-130.304,54.566],[-130.292,54.573],[-130.372,54.618],[-130.392,54.631],[-130.387,54.648],[-130.347,54.622],[-130.334,54.64],[-130.312,54.652],[-130.313,54.658],[-130.353,54.634],[-130.364,54.639],[-130.38,54.655],[-130.369,54.674],[-130.369,54.681],[-130.35,54.695],[-130.32,54.695],[-130.307,54.699],[-130.268,54.707],[-130.24,54.709],[-130.228,54.716],[-130.221,54.71],[-130.197,54.71],[-130.191,54.714],[-130.169,54.707],[-130.159,54.709],[-130.133,54.694],[-130.128,54.684],[-130.113,54.677],[-130.09,54.675],[-130.077,54.66],[-130.065,54.64],[-130.048,54.632],[-130.044,54.627],[-130.024,54.62],[-130.018,54.623],[-129.996,54.608],[-129.946,54.596],[-129.935,54.603],[-129.921,54.604],[-129.917,54.613],[-129.938,54.61],[-129.949,54.603],[-129.992,54.617],[-129.994,54.622],[-130.019,54.637],[-130.04,54.643],[-130.057,54.654],[-130.077,54.678],[-130.083,54.69],[-130.109,54.692],[-130.123,54.704],[-130.143,54.715],[-130.175,54.718],[-130.195,54.723],[-130.208,54.72],[-130.217,54.726],[-130.206,54.735],[-130.196,54.751],[-130.195,54.768],[-130.181,54.781],[-130.165,54.774],[-130.156,54.778],[-130.171,54.785],[-130.176,54.793],[-130.17,54.802],[-130.169,54.815],[-130.151,54.83],[-130.137,54.829],[-130.107,54.838],[-130.101,54.848],[-130.084,54.857],[-130.056,54.892],[-130.066,54.898],[-130.092,54.886],[-130.1,54.871],[-130.121,54.854],[-130.137,54.847],[-130.174,54.842],[-130.177,54.847],[-130.161,54.867],[-130.132,54.89],[-130.114,54.9],[-130.059,54.953],[-130.047,54.961],[-130.022,54.974],[-130.009,54.976],[-129.988,54.975],[-129.949,54.958],[-129.96,54.945],[-129.974,54.936],[-129.987,54.934],[-130.002,54.923],[-129.988,54.914],[-129.955,54.922],[-129.936,54.933],[-129.921,54.934],[-129.9,54.943],[-129.881,54.945],[-129.879,54.952],[-129.862,54.962],[-129.858,54.976],[-129.838,54.982],[-129.821,54.98],[-129.794,54.982],[-129.787,54.976],[-129.761,54.973],[-129.743,54.978],[-129.74,54.999],[-129.766,55],[-129.791,55.005],[-129.814,55.007],[-129.863,55.003],[-129.879,55.004],[-129.883,54.997],[-129.899,54.99],[-129.921,54.985],[-129.943,54.988],[-129.963,54.997],[-129.975,54.998],[-129.996,55.005],[-130.004,55.013],[-129.995,55.033],[-129.977,55.049],[-129.988,55.059],[-129.976,55.075],[-129.959,55.088],[-129.953,55.101],[-129.931,55.119],[-129.907,55.133],[-129.889,55.145],[-129.868,55.166],[-129.86,55.177],[-129.861,55.189],[-129.855,55.205],[-129.858,55.21],[-129.82,55.245],[-129.818,55.257],[-129.807,55.269],[-129.784,55.27],[-129.755,55.281],[-129.753,55.29],[-129.743,55.292],[-129.744,55.301],[-129.737,55.323],[-129.717,55.352],[-129.693,55.366],[-129.691,55.371],[-129.677,55.378],[-129.681,55.382],[-129.674,55.394],[-129.678,55.402],[-129.667,55.411],[-129.664,55.432],[-129.648,55.436],[-129.628,55.445],[-129.605,55.446],[-129.559,55.438],[-129.526,55.438],[-129.494,55.446],[-129.483,55.459],[-129.457,55.47],[-129.463,55.478],[-129.478,55.48],[-129.494,55.475],[-129.503,55.456],[-129.517,55.451],[-129.589,55.458],[-129.636,55.458],[-129.653,55.453],[-129.676,55.44],[-129.681,55.423],[-129.693,55.417],[-129.696,55.408],[-129.711,55.414],[-129.715,55.431],[-129.72,55.434],[-129.724,55.452],[-129.722,55.461],[-129.729,55.473],[-129.745,55.48],[-129.768,55.529],[-129.774,55.535],[-129.767,55.549],[-129.781,55.559],[-129.786,55.577],[-129.777,55.595],[-129.787,55.606],[-129.796,55.63],[-129.813,55.63],[-129.812,55.615],[-129.8,55.594],[-129.811,55.575],[-129.81,55.565],[-129.799,55.554],[-129.801,55.544],[-129.798,55.53],[-129.789,55.512],[-129.777,55.498],[-129.774,55.48],[-129.767,55.473],[-129.778,55.455],[-129.777,55.446],[-129.786,55.426],[-129.797,55.426],[-129.831,55.407],[-129.839,55.394],[-129.84,55.374],[-129.833,55.371],[-129.814,55.38],[-129.821,55.389],[-129.818,55.399],[-129.804,55.412],[-129.79,55.409],[-129.787,55.4],[-129.794,55.389],[-129.809,55.381],[-129.814,55.369],[-129.801,55.363],[-129.791,55.377],[-129.775,55.368],[-129.791,55.365],[-129.796,55.351],[-129.829,55.34],[-129.833,55.314],[-129.816,55.29],[-129.839,55.273],[-129.851,55.27],[-129.846,55.263],[-129.851,55.252],[-129.865,55.239],[-129.877,55.223],[-129.888,55.213],[-129.891,55.19],[-129.901,55.167],[-129.946,55.132],[-129.957,55.126],[-129.987,55.097],[-130.008,55.083],[-130.026,55.059],[-130.034,55.03],[-130.049,55.014],[-130.072,54.997],[-130.094,54.985],[-130.104,54.983],[-130.114,54.991],[-130.124,55.005],[-130.134,55.027],[-130.133,55.043],[-130.138,55.052],[-130.149,55.056],[-130.162,55.07],[-130.166,55.08],[-130.161,55.094],[-130.144,55.109],[-130.136,55.12],[-130.129,55.148],[-130.115,55.158],[-130.1,55.18],[-130.076,55.201],[-130.033,55.227],[-130.009,55.25],[-129.983,55.263],[-129.964,55.277],[-129.944,55.288],[-129.946,55.294],[-129.959,55.298],[-129.968,55.317],[-130.003,55.336],[-130.002,55.354],[-130.016,55.381],[-130.014,55.399],[-130.018,55.408],[-130.01,55.421],[-130.016,55.426],[-130.023,55.449],[-130.024,55.461],[-130.034,55.466],[-130.055,55.482],[-130.075,55.505],[-130.077,55.524],[-130.088,55.53],[-130.098,55.551],[-130.097,55.555],[-130.11,55.566],[-130.11,55.581],[-130.105,55.592],[-130.108,55.599],[-130.105,55.619],[-130.092,55.629],[-130.094,55.638],[-130.088,55.646],[-130.092,55.664],[-130.086,55.687],[-130.1,55.691],[-130.104,55.697],[-130.118,55.701],[-130.133,55.717],[-130.133,55.74],[-130.138,55.751],[-130.133,55.765],[-130.12,55.777],[-130.1,55.799],[-130.082,55.812],[-130.068,55.818],[-130.055,55.839],[-130.039,55.853],[-130.03,55.865],[-130.015,55.875],[-130.016,55.882],[-130.005,55.888],[-129.996,55.899],[-129.987,55.917],[-130.003,55.931],[-130.012,55.914],[-130.017,55.912],[-130.003,56.008],[-130.104,56.123],[-130.246,56.096],[-130.35,56.129],[-130.426,56.142],[-130.468,56.243],[-130.541,56.248],[-130.623,56.267],[-130.782,56.367],[-131.087,56.406],[-131.173,56.45],[-131.472,56.553],[-131.581,56.612],[-131.835,56.599],[-131.861,56.703],[-131.901,56.754],[-131.873,56.806],[-132.124,56.874],[-132.045,57.045],[-132.369,57.091],[-132.248,57.211],[-132.37,57.35],[-132.554,57.497],[-132.662,57.618],[-132.751,57.696],[-132.87,57.84],[-133.07,58.001],[-133.172,58.152],[-133.354,58.283],[-133.461,58.39],[-133.382,58.433],[-133.504,58.496],[-133.699,58.609],[-133.841,58.73],[-134.003,58.774],[-134.256,58.859],[-134.337,58.92],[-134.312,58.961],[-134.408,58.978],[-134.385,59.041],[-134.445,59.086],[-134.485,59.133],[-134.57,59.134],[-134.678,59.193],[-134.699,59.248],[-134.959,59.281],[-135.03,59.348],[-134.989,59.388],[-135.101,59.428],[-135.077,59.452],[-135.028,59.475],[-135.028,59.564],[-135.118,59.623],[-135.154,59.626],[-135.222,59.664],[-135.235,59.696],[-135.377,59.743],[-135.479,59.799],[-135.546,59.78],[-135.946,59.664],[-136.195,59.639],[-136.356,59.601],[-136.241,59.559],[-136.236,59.527],[-136.301,59.466],[-136.331,59.456],[-136.36,59.451],[-136.398,59.447],[-136.476,59.464],[-136.467,59.285],[-136.495,59.275],[-136.489,59.258],[-136.582,59.166],[-136.825,59.16],[-136.867,59.143],[-137,59.091],[-137.098,59.057],[-137.237,59.011],[-137.288,58.999],[-137.447,58.909],[-137.527,58.907],[-137.499,58.983],[-137.557,59.129],[-137.602,59.241],[-137.878,59.381],[-138.02,59.456],[-138.237,59.57],[-138.419,59.664],[-138.605,59.758],[-138.626,59.77],[-138.656,59.799],[-138.706,59.906],[-138.791,59.923],[-139.042,59.992],[-139.052,60],[-138.75,60],[-138.5,60],[-138.25,60],[-138,60],[-137.75,60],[-137.5,60],[-137.25,60],[-137,60],[-136.75,60],[-136.5,60],[-136.25,60],[-136,60],[-135.75,60],[-135.5,60],[-135.25,60],[-135,60],[-134.75,60],[-134.5,60],[-134.25,60],[-134,60],[-133.75,60],[-133.5,60],[-133.25,60],[-133,60],[-132.75,60],[-132.5,60],[-132.25,60],[-132,60],[-131.75,60],[-131.5,60],[-131.25,60],[-131,60],[-130.75,60],[-130.5,60],[-130.25,60],[-130,60],[-129.75,60],[-129.5,60],[-129.25,60],[-129,60],[-128.75,60],[-128.5,60],[-128.25,60],[-128,60],[-127.75,60],[-127.5,60],[-127.25,60],[-127,60],[-126.75,60],[-126.5,60],[-126.25,60],[-126,60],[-125.75,60],[-125.5,60],[-125.25,60],[-125,60],[-124.75,60],[-124.5,60],[-124.25,60],[-124,60],[-123.75,60],[-123.5,60],[-123.25,60],[-123,60],[-122.75,60],[-122.5,60],[-122.25,60],[-122,60],[-121.75,60],[-121.5,60],[-121.25,60],[-121,60],[-120.75,60],[-120.5,60],[-120.25,60],[-120,60],[-120,59.75],[-120,59.5],[-120,59.333],[-120,59.089],[-120,58.935],[-120,58.75],[-120,58.634],[-120,58.482],[-120,58.25],[-120,58.079],[-120,57.911],[-120,57.75],[-120,57.593],[-120,57.381],[-120,57.208],[-120,57],[-120,56.804],[-120,56.656],[-120,56.426],[-120,56.319],[-120.001,56.249],[-120.003,56.217],[-120.001,56.14],[-120.001,54.214],[-120.001,53.799],[-119.984,53.799],[-119.985,53.792],[-119.961,53.779],[-119.947,53.782],[-119.937,53.776],[-119.899,53.779],[-119.889,53.776],[-119.885,53.759],[-119.905,53.74],[-119.897,53.728],[-119.919,53.719],[-119.911,53.711],[-119.901,53.708],[-119.877,53.713],[-119.854,53.715],[-119.843,53.712],[-119.847,53.7],[-119.829,53.696],[-119.806,53.707],[-119.794,53.703],[-119.791,53.695],[-119.78,53.689],[-119.777,53.681],[-119.764,53.671],[-119.753,53.671],[-119.74,53.664],[-119.737,53.651],[-119.742,53.645],[-119.737,53.632],[-119.717,53.616],[-119.724,53.606],[-119.734,53.606],[-119.752,53.59],[-119.776,53.59],[-119.791,53.601],[-119.804,53.604],[-119.819,53.603],[-119.832,53.61],[-119.856,53.606],[-119.877,53.617],[-119.884,53.615],[-119.91,53.622],[-119.931,53.609],[-119.916,53.601],[-119.914,53.59],[-119.889,53.584],[-119.895,53.572],[-119.866,53.563],[-119.862,53.554],[-119.865,53.546],[-119.878,53.544],[-119.899,53.535],[-119.901,53.516],[-119.867,53.5],[-119.857,53.503],[-119.849,53.512],[-119.835,53.518],[-119.833,53.509],[-119.819,53.5],[-119.808,53.502],[-119.783,53.486],[-119.794,53.48],[-119.775,53.455],[-119.773,53.445],[-119.759,53.436],[-119.759,53.424],[-119.735,53.406],[-119.73,53.389],[-119.714,53.387],[-119.703,53.389],[-119.679,53.378],[-119.681,53.37],[-119.67,53.367],[-119.641,53.367],[-119.616,53.361],[-119.602,53.365],[-119.61,53.383],[-119.599,53.384],[-119.575,53.372],[-119.533,53.362],[-119.523,53.37],[-119.503,53.361],[-119.487,53.363],[-119.444,53.35],[-119.444,53.356],[-119.404,53.365],[-119.385,53.356],[-119.377,53.348],[-119.358,53.341],[-119.35,53.326],[-119.348,53.316],[-119.36,53.312],[-119.347,53.299],[-119.332,53.298],[-119.343,53.283],[-119.33,53.27],[-119.302,53.257],[-119.283,53.229],[-119.267,53.216],[-119.254,53.184],[-119.249,53.176],[-119.235,53.182],[-119.238,53.191],[-119.229,53.196],[-119.214,53.191],[-119.207,53.185],[-119.171,53.184],[-119.148,53.191],[-119.139,53.173],[-119.122,53.16],[-119.094,53.166],[-119.067,53.156],[-119.049,53.144],[-119.049,53.126],[-119.027,53.125],[-119.016,53.132],[-118.994,53.141],[-119.026,53.16],[-119.008,53.189],[-118.998,53.193],[-118.996,53.209],[-119.022,53.218],[-119.027,53.225],[-119.021,53.232],[-118.989,53.237],[-118.984,53.24],[-118.958,53.235],[-118.949,53.237],[-118.923,53.222],[-118.922,53.212],[-118.875,53.204],[-118.862,53.188],[-118.833,53.181],[-118.828,53.172],[-118.812,53.164],[-118.793,53.161],[-118.782,53.15],[-118.788,53.145],[-118.783,53.136],[-118.76,53.126],[-118.735,53.118],[-118.729,53.112],[-118.741,53.105],[-118.761,53.078],[-118.769,53.074],[-118.773,53.063],[-118.77,53.054],[-118.778,53.047],[-118.765,53.037],[-118.76,53.044],[-118.73,53.058],[-118.703,53.046],[-118.7,53.033],[-118.687,53.04],[-118.668,53.042],[-118.652,53.026],[-118.655,53.013],[-118.641,52.999],[-118.673,52.978],[-118.662,52.975],[-118.661,52.963],[-118.649,52.953],[-118.62,52.942],[-118.618,52.931],[-118.622,52.917],[-118.615,52.909],[-118.615,52.881],[-118.602,52.879],[-118.573,52.887],[-118.563,52.9],[-118.55,52.908],[-118.522,52.897],[-118.512,52.905],[-118.498,52.906],[-118.482,52.902],[-118.449,52.882],[-118.457,52.87],[-118.454,52.856],[-118.438,52.85],[-118.398,52.853],[-118.403,52.841],[-118.397,52.832],[-118.399,52.82],[-118.405,52.809],[-118.422,52.798],[-118.421,52.782],[-118.415,52.769],[-118.387,52.757],[-118.366,52.752],[-118.335,52.734],[-118.344,52.709],[-118.329,52.706],[-118.31,52.696],[-118.288,52.678],[-118.297,52.664],[-118.298,52.655],[-118.328,52.651],[-118.336,52.639],[-118.356,52.633],[-118.352,52.627],[-118.357,52.615],[-118.346,52.607],[-118.334,52.606],[-118.336,52.586],[-118.328,52.578],[-118.287,52.572],[-118.271,52.562],[-118.286,52.551],[-118.286,52.531],[-118.275,52.528],[-118.263,52.504],[-118.234,52.488],[-118.228,52.49],[-118.201,52.488],[-118.195,52.475],[-118.208,52.47],[-118.212,52.463],[-118.23,52.458],[-118.238,52.451],[-118.25,52.451],[-118.253,52.442],[-118.238,52.425],[-118.237,52.417],[-118.243,52.404],[-118.221,52.398],[-118.219,52.385],[-118.224,52.38]]],[[[-133.084,54.183],[-133.061,54.18],[-133.04,54.185],[-133.026,54.184],[-133.016,54.176],[-132.99,54.171],[-132.979,54.166],[-132.967,54.169],[-132.956,54.165],[-132.943,54.17],[-132.932,54.157],[-132.918,54.148],[-132.892,54.148],[-132.866,54.136],[-132.849,54.137],[-132.82,54.127],[-132.793,54.132],[-132.764,54.133],[-132.759,54.139],[-132.744,54.137],[-132.718,54.142],[-132.709,54.147],[-132.687,54.147],[-132.669,54.154],[-132.658,54.145],[-132.637,54.139],[-132.632,54.134],[-132.582,54.12],[-132.59,54.105],[-132.572,54.093],[-132.571,54.086],[-132.582,54.078],[-132.584,54.069],[-132.566,54.053],[-132.577,54.046],[-132.591,54.025],[-132.623,54.013],[-132.63,54.015],[-132.652,54.002],[-132.662,53.99],[-132.683,53.982],[-132.679,53.977],[-132.665,53.973],[-132.665,53.963],[-132.68,53.959],[-132.664,53.947],[-132.62,53.972],[-132.604,53.978],[-132.591,53.978],[-132.583,53.988],[-132.556,54.003],[-132.572,54.01],[-132.564,54.024],[-132.561,54.042],[-132.545,54.05],[-132.526,54.054],[-132.523,54.062],[-132.484,54.066],[-132.447,54.083],[-132.433,54.1],[-132.403,54.1],[-132.379,54.102],[-132.361,54.109],[-132.344,54.107],[-132.314,54.114],[-132.291,54.106],[-132.284,54.1],[-132.269,54.098],[-132.263,54.077],[-132.253,54.08],[-132.238,54.07],[-132.237,54.059],[-132.25,54.04],[-132.235,54.027],[-132.178,54.017],[-132.175,54.004],[-132.153,53.986],[-132.146,53.973],[-132.146,53.951],[-132.155,53.938],[-132.153,53.931],[-132.12,53.905],[-132.107,53.888],[-132.111,53.869],[-132.128,53.844],[-132.145,53.839],[-132.153,53.832],[-132.185,53.82],[-132.204,53.815],[-132.224,53.783],[-132.25,53.776],[-132.26,53.765],[-132.282,53.761],[-132.301,53.763],[-132.317,53.757],[-132.351,53.754],[-132.359,53.759],[-132.388,53.753],[-132.409,53.746],[-132.415,53.736],[-132.432,53.722],[-132.453,53.717],[-132.483,53.703],[-132.494,53.705],[-132.506,53.7],[-132.537,53.698],[-132.56,53.689],[-132.574,53.689],[-132.597,53.695],[-132.624,53.695],[-132.66,53.69],[-132.671,53.68],[-132.663,53.677],[-132.641,53.686],[-132.621,53.688],[-132.605,53.685],[-132.593,53.68],[-132.585,53.67],[-132.599,53.655],[-132.606,53.638],[-132.598,53.636],[-132.574,53.665],[-132.565,53.657],[-132.551,53.659],[-132.551,53.672],[-132.535,53.675],[-132.545,53.661],[-132.539,53.651],[-132.511,53.656],[-132.509,53.641],[-132.478,53.655],[-132.449,53.663],[-132.444,53.674],[-132.432,53.667],[-132.42,53.672],[-132.412,53.668],[-132.374,53.674],[-132.354,53.675],[-132.361,53.663],[-132.385,53.657],[-132.409,53.641],[-132.459,53.618],[-132.47,53.606],[-132.474,53.584],[-132.484,53.576],[-132.486,53.567],[-132.46,53.58],[-132.44,53.612],[-132.429,53.614],[-132.421,53.609],[-132.402,53.609],[-132.354,53.625],[-132.336,53.622],[-132.334,53.617],[-132.314,53.614],[-132.308,53.629],[-132.283,53.629],[-132.281,53.632],[-132.305,53.64],[-132.316,53.637],[-132.329,53.641],[-132.344,53.653],[-132.346,53.664],[-132.318,53.676],[-132.299,53.672],[-132.259,53.67],[-132.254,53.667],[-132.225,53.668],[-132.218,53.657],[-132.2,53.659],[-132.201,53.667],[-132.193,53.674],[-132.186,53.689],[-132.175,53.692],[-132.172,53.701],[-132.16,53.708],[-132.161,53.731],[-132.157,53.74],[-132.142,53.748],[-132.14,53.752],[-132.143,53.757],[-132.136,53.77],[-132.136,53.788],[-132.128,53.808],[-132.134,53.824],[-132.124,53.836],[-132.108,53.846],[-132.106,53.855],[-132.091,53.882],[-132.09,53.903],[-132.11,53.922],[-132.124,53.928],[-132.129,53.955],[-132.123,53.968],[-132.135,53.984],[-132.137,53.994],[-132.145,54.008],[-132.172,54.032],[-132.197,54.043],[-132.185,54.05],[-132.166,54.041],[-132.148,54.036],[-132.115,54.031],[-132.056,54.032],[-132.049,54.03],[-131.995,54.028],[-131.939,54.036],[-131.893,54.047],[-131.837,54.069],[-131.822,54.069],[-131.793,54.077],[-131.785,54.076],[-131.753,54.09],[-131.727,54.104],[-131.712,54.115],[-131.666,54.159],[-131.658,54.154],[-131.679,54.058],[-131.678,54.053],[-131.689,54.028],[-131.696,54.004],[-131.708,53.977],[-131.727,53.949],[-131.759,53.912],[-131.815,53.859],[-131.829,53.839],[-131.847,53.824],[-131.863,53.807],[-131.885,53.77],[-131.877,53.744],[-131.874,53.709],[-131.88,53.699],[-131.906,53.668],[-131.918,53.65],[-131.919,53.643],[-131.933,53.62],[-131.931,53.581],[-131.925,53.576],[-131.925,53.563],[-131.949,53.539],[-131.956,53.525],[-131.956,53.513],[-131.946,53.501],[-131.945,53.493],[-131.936,53.489],[-131.93,53.464],[-131.921,53.451],[-131.913,53.43],[-131.918,53.408],[-131.926,53.401],[-131.935,53.384],[-131.927,53.368],[-131.927,53.359],[-131.94,53.349],[-131.945,53.334],[-131.955,53.325],[-131.966,53.303],[-131.973,53.276],[-131.988,53.267],[-131.992,53.253],[-132.003,53.247],[-132.02,53.244],[-132.029,53.25],[-132.066,53.254],[-132.09,53.255],[-132.125,53.252],[-132.148,53.239],[-132.159,53.242],[-132.183,53.239],[-132.207,53.232],[-132.218,53.231],[-132.246,53.218],[-132.245,53.208],[-132.256,53.199],[-132.275,53.209],[-132.286,53.222],[-132.302,53.231],[-132.316,53.235],[-132.325,53.228],[-132.31,53.224],[-132.284,53.207],[-132.284,53.193],[-132.254,53.184],[-132.226,53.191],[-132.207,53.204],[-132.194,53.197],[-132.174,53.199],[-132.137,53.195],[-132.131,53.19],[-132.134,53.178],[-132.155,53.169],[-132.168,53.168],[-132.176,53.162],[-132.199,53.158],[-132.215,53.148],[-132.233,53.145],[-132.299,53.155],[-132.312,53.165],[-132.315,53.184],[-132.337,53.19],[-132.322,53.173],[-132.321,53.163],[-132.329,53.153],[-132.343,53.15],[-132.361,53.153],[-132.371,53.144],[-132.397,53.138],[-132.42,53.14],[-132.459,53.135],[-132.498,53.147],[-132.485,53.153],[-132.485,53.159],[-132.458,53.161],[-132.43,53.168],[-132.434,53.173],[-132.456,53.167],[-132.484,53.168],[-132.489,53.176],[-132.478,53.188],[-132.476,53.209],[-132.489,53.213],[-132.487,53.192],[-132.493,53.178],[-132.507,53.155],[-132.526,53.158],[-132.533,53.165],[-132.551,53.168],[-132.564,53.179],[-132.538,53.189],[-132.543,53.194],[-132.568,53.194],[-132.585,53.191],[-132.595,53.205],[-132.585,53.207],[-132.575,53.217],[-132.575,53.229],[-132.595,53.23],[-132.601,53.237],[-132.613,53.241],[-132.617,53.25],[-132.579,53.258],[-132.563,53.266],[-132.552,53.267],[-132.507,53.28],[-132.524,53.281],[-132.536,53.277],[-132.575,53.268],[-132.591,53.26],[-132.623,53.257],[-132.645,53.253],[-132.657,53.257],[-132.69,53.261],[-132.716,53.254],[-132.716,53.263],[-132.706,53.274],[-132.705,53.284],[-132.678,53.285],[-132.67,53.288],[-132.651,53.287],[-132.628,53.291],[-132.641,53.305],[-132.637,53.315],[-132.611,53.317],[-132.578,53.323],[-132.556,53.317],[-132.551,53.327],[-132.554,53.333],[-132.574,53.335],[-132.6,53.331],[-132.605,53.328],[-132.633,53.325],[-132.678,53.324],[-132.686,53.327],[-132.725,53.325],[-132.749,53.316],[-132.767,53.317],[-132.762,53.33],[-132.74,53.338],[-132.726,53.356],[-132.73,53.366],[-132.721,53.377],[-132.699,53.374],[-132.69,53.365],[-132.67,53.37],[-132.653,53.365],[-132.624,53.369],[-132.607,53.365],[-132.58,53.363],[-132.568,53.365],[-132.541,53.366],[-132.513,53.358],[-132.51,53.353],[-132.519,53.343],[-132.49,53.332],[-132.483,53.322],[-132.46,53.321],[-132.442,53.322],[-132.438,53.307],[-132.431,53.299],[-132.421,53.318],[-132.412,53.321],[-132.42,53.34],[-132.432,53.348],[-132.479,53.362],[-132.486,53.368],[-132.514,53.378],[-132.517,53.387],[-132.529,53.388],[-132.523,53.407],[-132.532,53.415],[-132.565,53.413],[-132.586,53.425],[-132.608,53.423],[-132.628,53.428],[-132.654,53.427],[-132.672,53.441],[-132.661,53.445],[-132.655,53.475],[-132.676,53.481],[-132.676,53.462],[-132.689,53.449],[-132.705,53.444],[-132.717,53.449],[-132.745,53.455],[-132.759,53.456],[-132.776,53.464],[-132.75,53.472],[-132.738,53.479],[-132.73,53.491],[-132.734,53.498],[-132.753,53.516],[-132.763,53.5],[-132.755,53.493],[-132.767,53.485],[-132.787,53.485],[-132.814,53.482],[-132.828,53.472],[-132.842,53.47],[-132.89,53.467],[-132.896,53.476],[-132.886,53.486],[-132.889,53.499],[-132.864,53.497],[-132.848,53.501],[-132.837,53.516],[-132.851,53.522],[-132.867,53.519],[-132.89,53.52],[-132.937,53.516],[-132.945,53.523],[-132.939,53.533],[-132.924,53.54],[-132.934,53.555],[-132.975,53.557],[-132.969,53.566],[-132.972,53.573],[-133.005,53.591],[-132.994,53.596],[-132.98,53.594],[-132.972,53.604],[-132.963,53.606],[-132.923,53.589],[-132.904,53.585],[-132.892,53.594],[-132.881,53.593],[-132.865,53.588],[-132.844,53.587],[-132.832,53.591],[-132.841,53.598],[-132.863,53.598],[-132.876,53.602],[-132.909,53.603],[-132.929,53.617],[-132.934,53.624],[-132.935,53.641],[-132.956,53.642],[-132.957,53.651],[-132.949,53.657],[-132.962,53.666],[-132.98,53.665],[-133.003,53.667],[-133.011,53.671],[-133.018,53.691],[-133,53.684],[-132.976,53.684],[-132.979,53.695],[-132.968,53.699],[-132.948,53.693],[-132.929,53.7],[-132.931,53.705],[-132.963,53.711],[-132.994,53.714],[-132.994,53.747],[-133.007,53.751],[-133.002,53.761],[-132.99,53.768],[-132.995,53.772],[-133.021,53.767],[-133.037,53.748],[-133.052,53.756],[-133.065,53.771],[-133.089,53.772],[-133.113,53.777],[-133.128,53.798],[-133.121,53.808],[-133.082,53.822],[-133.101,53.835],[-133.11,53.836],[-133.117,53.846],[-133.114,53.853],[-133.127,53.866],[-133.136,53.863],[-133.144,53.885],[-133.151,53.895],[-133.147,53.901],[-133.154,53.914],[-133.149,53.919],[-133.131,53.924],[-133.124,53.93],[-133.136,53.937],[-133.138,53.944],[-133.117,53.944],[-133.118,53.956],[-133.114,53.962],[-133.117,53.979],[-133.124,53.981],[-133.119,54],[-133.105,54.007],[-133.093,54.003],[-133.079,54.008],[-133.086,54.02],[-133.068,54.023],[-133.057,54.03],[-133.059,54.039],[-133.05,54.045],[-133.057,54.053],[-133.07,54.056],[-133.07,54.073],[-133.075,54.078],[-133.071,54.094],[-133.065,54.099],[-133.072,54.107],[-133.096,54.104],[-133.102,54.112],[-133.1,54.123],[-133.083,54.129],[-133.068,54.141],[-133.065,54.148],[-133.052,54.161],[-133.038,54.162],[-133.031,54.173],[-133.043,54.176],[-133.057,54.173],[-133.072,54.175],[-133.085,54.171],[-133.084,54.183]]],[[[-131.808,53.242],[-131.803,53.231],[-131.789,53.224],[-131.787,53.208],[-131.773,53.197],[-131.778,53.187],[-131.779,53.172],[-131.791,53.17],[-131.777,53.159],[-131.762,53.159],[-131.747,53.153],[-131.708,53.148],[-131.711,53.141],[-131.702,53.133],[-131.706,53.126],[-131.689,53.11],[-131.673,53.108],[-131.661,53.112],[-131.645,53.109],[-131.639,53.097],[-131.644,53.082],[-131.628,53.062],[-131.63,53.044],[-131.612,53.044],[-131.606,53.038],[-131.611,53.03],[-131.633,53.029],[-131.656,53.034],[-131.653,53.042],[-131.697,53.042],[-131.726,53.046],[-131.751,53.053],[-131.759,53.05],[-131.806,53.068],[-131.821,53.066],[-131.836,53.068],[-131.848,53.059],[-131.871,53.064],[-131.888,53.064],[-131.897,53.055],[-131.915,53.054],[-131.917,53.048],[-131.961,53.05],[-131.991,53.057],[-132.013,53.058],[-132.023,53.054],[-132.024,53.046],[-131.982,53.039],[-131.965,53.041],[-131.955,53.037],[-131.963,53.021],[-131.962,53.014],[-131.95,53.008],[-131.939,52.989],[-131.927,52.984],[-131.918,52.975],[-131.902,52.953],[-131.904,52.94],[-131.913,52.934],[-131.928,52.931],[-131.95,52.937],[-131.95,52.928],[-131.941,52.924],[-131.912,52.924],[-131.9,52.921],[-131.894,52.912],[-131.929,52.903],[-131.936,52.895],[-131.979,52.887],[-131.973,52.879],[-131.958,52.877],[-131.943,52.88],[-131.926,52.891],[-131.913,52.895],[-131.889,52.892],[-131.875,52.879],[-131.852,52.87],[-131.847,52.863],[-131.859,52.858],[-131.873,52.842],[-131.888,52.837],[-131.881,52.831],[-131.868,52.834],[-131.851,52.833],[-131.836,52.819],[-131.839,52.809],[-131.814,52.796],[-131.773,52.802],[-131.756,52.797],[-131.73,52.794],[-131.72,52.797],[-131.696,52.798],[-131.675,52.804],[-131.665,52.81],[-131.654,52.805],[-131.658,52.797],[-131.683,52.793],[-131.7,52.785],[-131.733,52.789],[-131.759,52.788],[-131.776,52.777],[-131.791,52.773],[-131.796,52.757],[-131.808,52.756],[-131.817,52.766],[-131.846,52.77],[-131.851,52.762],[-131.826,52.76],[-131.804,52.743],[-131.824,52.723],[-131.827,52.715],[-131.806,52.712],[-131.794,52.715],[-131.769,52.707],[-131.764,52.699],[-131.744,52.694],[-131.733,52.684],[-131.724,52.662],[-131.715,52.658],[-131.713,52.649],[-131.697,52.635],[-131.69,52.624],[-131.694,52.619],[-131.721,52.625],[-131.758,52.637],[-131.764,52.634],[-131.735,52.622],[-131.71,52.616],[-131.687,52.604],[-131.677,52.595],[-131.684,52.588],[-131.675,52.581],[-131.658,52.579],[-131.651,52.572],[-131.638,52.577],[-131.628,52.574],[-131.619,52.562],[-131.634,52.558],[-131.641,52.547],[-131.652,52.538],[-131.602,52.521],[-131.583,52.525],[-131.576,52.536],[-131.54,52.528],[-131.55,52.52],[-131.544,52.511],[-131.534,52.514],[-131.504,52.517],[-131.504,52.511],[-131.479,52.506],[-131.48,52.496],[-131.469,52.467],[-131.481,52.449],[-131.469,52.451],[-131.467,52.463],[-131.451,52.462],[-131.427,52.467],[-131.416,52.454],[-131.418,52.439],[-131.429,52.426],[-131.427,52.408],[-131.436,52.405],[-131.45,52.39],[-131.442,52.381],[-131.427,52.396],[-131.41,52.406],[-131.393,52.4],[-131.392,52.388],[-131.384,52.373],[-131.406,52.365],[-131.414,52.355],[-131.407,52.351],[-131.385,52.357],[-131.363,52.376],[-131.353,52.364],[-131.353,52.349],[-131.344,52.338],[-131.346,52.329],[-131.332,52.296],[-131.306,52.301],[-131.299,52.286],[-131.28,52.277],[-131.255,52.258],[-131.246,52.245],[-131.22,52.262],[-131.244,52.272],[-131.265,52.285],[-131.245,52.304],[-131.235,52.303],[-131.226,52.294],[-131.218,52.302],[-131.215,52.313],[-131.175,52.322],[-131.137,52.315],[-131.135,52.296],[-131.139,52.29],[-131.128,52.28],[-131.111,52.287],[-131.095,52.29],[-131.085,52.273],[-131.084,52.266],[-131.095,52.259],[-131.086,52.247],[-131.121,52.246],[-131.158,52.241],[-131.191,52.225],[-131.177,52.224],[-131.141,52.233],[-131.124,52.226],[-131.124,52.215],[-131.09,52.224],[-131.082,52.215],[-131.058,52.223],[-131.045,52.223],[-131.033,52.232],[-131.021,52.229],[-131.007,52.215],[-131.013,52.208],[-131.01,52.195],[-131.015,52.181],[-131.041,52.169],[-131.045,52.163],[-131.06,52.167],[-131.09,52.166],[-131.095,52.169],[-131.122,52.166],[-131.142,52.161],[-131.14,52.151],[-131.142,52.139],[-131.154,52.128],[-131.173,52.124],[-131.179,52.118],[-131.194,52.121],[-131.195,52.127],[-131.209,52.145],[-131.208,52.15],[-131.219,52.158],[-131.211,52.166],[-131.221,52.183],[-131.238,52.198],[-131.247,52.209],[-131.263,52.216],[-131.282,52.22],[-131.27,52.205],[-131.254,52.192],[-131.245,52.174],[-131.232,52.158],[-131.243,52.152],[-131.245,52.144],[-131.234,52.13],[-131.247,52.124],[-131.269,52.126],[-131.272,52.135],[-131.283,52.146],[-131.302,52.147],[-131.297,52.155],[-131.304,52.171],[-131.322,52.18],[-131.329,52.193],[-131.342,52.197],[-131.35,52.208],[-131.342,52.217],[-131.359,52.23],[-131.352,52.24],[-131.362,52.26],[-131.377,52.266],[-131.373,52.245],[-131.36,52.221],[-131.365,52.217],[-131.36,52.204],[-131.36,52.187],[-131.374,52.197],[-131.391,52.195],[-131.41,52.213],[-131.43,52.222],[-131.428,52.232],[-131.435,52.235],[-131.444,52.249],[-131.446,52.259],[-131.468,52.276],[-131.483,52.278],[-131.492,52.288],[-131.503,52.289],[-131.515,52.301],[-131.507,52.313],[-131.517,52.322],[-131.532,52.317],[-131.554,52.325],[-131.531,52.348],[-131.56,52.35],[-131.575,52.344],[-131.583,52.359],[-131.578,52.365],[-131.591,52.372],[-131.6,52.382],[-131.591,52.4],[-131.566,52.41],[-131.555,52.405],[-131.534,52.404],[-131.508,52.393],[-131.505,52.406],[-131.517,52.416],[-131.536,52.416],[-131.554,52.423],[-131.558,52.433],[-131.571,52.434],[-131.575,52.426],[-131.587,52.421],[-131.613,52.418],[-131.614,52.423],[-131.627,52.43],[-131.632,52.443],[-131.623,52.446],[-131.626,52.456],[-131.645,52.449],[-131.654,52.456],[-131.649,52.464],[-131.655,52.473],[-131.671,52.478],[-131.694,52.482],[-131.704,52.488],[-131.715,52.489],[-131.729,52.499],[-131.748,52.5],[-131.783,52.512],[-131.788,52.521],[-131.785,52.529],[-131.808,52.53],[-131.82,52.548],[-131.834,52.548],[-131.834,52.56],[-131.825,52.568],[-131.812,52.568],[-131.787,52.577],[-131.79,52.583],[-131.812,52.574],[-131.84,52.571],[-131.853,52.562],[-131.864,52.568],[-131.863,52.576],[-131.882,52.576],[-131.906,52.588],[-131.912,52.595],[-131.908,52.606],[-131.886,52.604],[-131.89,52.614],[-131.908,52.611],[-131.918,52.618],[-131.933,52.617],[-131.937,52.623],[-131.934,52.642],[-131.914,52.65],[-131.914,52.657],[-131.936,52.65],[-131.946,52.652],[-131.973,52.647],[-131.995,52.66],[-132.001,52.667],[-132.013,52.67],[-132.045,52.684],[-132.062,52.699],[-132.069,52.7],[-132.075,52.711],[-132.101,52.725],[-132.108,52.735],[-132.097,52.748],[-132.079,52.749],[-132.056,52.763],[-132.036,52.767],[-132.025,52.752],[-132.011,52.751],[-132.003,52.738],[-131.987,52.741],[-132.017,52.761],[-132.025,52.771],[-132.014,52.783],[-131.986,52.764],[-131.957,52.739],[-131.948,52.737],[-131.921,52.714],[-131.919,52.721],[-131.933,52.73],[-131.957,52.752],[-131.942,52.754],[-131.95,52.773],[-131.971,52.795],[-131.984,52.795],[-132.001,52.801],[-132.014,52.797],[-132.026,52.799],[-132.04,52.805],[-132.037,52.81],[-132.049,52.818],[-132.049,52.825],[-132.063,52.838],[-132.073,52.852],[-132.092,52.845],[-132.063,52.813],[-132.061,52.803],[-132.068,52.8],[-132.062,52.791],[-132.098,52.787],[-132.106,52.771],[-132.102,52.757],[-132.116,52.745],[-132.134,52.744],[-132.149,52.752],[-132.155,52.764],[-132.163,52.768],[-132.175,52.785],[-132.183,52.791],[-132.206,52.795],[-132.217,52.799],[-132.236,52.801],[-132.245,52.819],[-132.257,52.828],[-132.264,52.84],[-132.257,52.851],[-132.235,52.861],[-132.226,52.857],[-132.21,52.858],[-132.214,52.849],[-132.198,52.844],[-132.205,52.859],[-132.234,52.865],[-132.261,52.865],[-132.279,52.871],[-132.325,52.893],[-132.324,52.907],[-132.344,52.921],[-132.366,52.929],[-132.355,52.939],[-132.357,52.947],[-132.316,52.955],[-132.3,52.953],[-132.285,52.959],[-132.27,52.957],[-132.258,52.959],[-132.221,52.946],[-132.213,52.946],[-132.199,52.929],[-132.175,52.927],[-132.174,52.933],[-132.19,52.935],[-132.201,52.944],[-132.23,52.96],[-132.211,52.969],[-132.199,52.962],[-132.179,52.956],[-132.169,52.945],[-132.149,52.946],[-132.169,52.959],[-132.191,52.967],[-132.157,52.978],[-132.149,52.99],[-132.134,52.993],[-132.103,52.979],[-132.1,52.982],[-132.119,52.994],[-132.144,52.998],[-132.175,52.993],[-132.209,52.997],[-132.236,53.007],[-132.247,53.014],[-132.272,53.021],[-132.308,53.019],[-132.322,53.027],[-132.353,53.019],[-132.361,53.026],[-132.334,53.033],[-132.327,53.039],[-132.305,53.042],[-132.284,53.054],[-132.267,53.054],[-132.265,53.059],[-132.285,53.062],[-132.295,53.051],[-132.308,53.046],[-132.338,53.047],[-132.357,53.035],[-132.386,53.027],[-132.407,53.025],[-132.417,53.028],[-132.426,53.04],[-132.438,53.043],[-132.455,53.033],[-132.468,53.036],[-132.486,53.028],[-132.498,53.027],[-132.533,53.046],[-132.526,53.049],[-132.525,53.067],[-132.544,53.068],[-132.558,53.073],[-132.576,53.088],[-132.571,53.097],[-132.541,53.1],[-132.518,53.096],[-132.48,53.1],[-132.457,53.096],[-132.416,53.099],[-132.393,53.104],[-132.389,53.119],[-132.392,53.128],[-132.352,53.135],[-132.353,53.147],[-132.333,53.146],[-132.302,53.153],[-132.287,53.152],[-132.272,53.147],[-132.249,53.146],[-132.232,53.139],[-132.2,53.147],[-132.182,53.148],[-132.161,53.157],[-132.144,53.16],[-132.126,53.159],[-132.123,53.148],[-132.094,53.152],[-132.084,53.148],[-132.073,53.158],[-132.044,53.169],[-132.014,53.198],[-131.982,53.201],[-131.984,53.214],[-131.959,53.213],[-131.918,53.239],[-131.883,53.236],[-131.875,53.239],[-131.854,53.236],[-131.837,53.239],[-131.826,53.245],[-131.82,53.26],[-131.803,53.254],[-131.808,53.242]]],[[[-130.208,53.911],[-130.188,53.905],[-130.168,53.895],[-130.153,53.89],[-130.128,53.889],[-130.111,53.883],[-130.095,53.861],[-130.082,53.854],[-130.067,53.853],[-130.062,53.845],[-130.043,53.844],[-130.034,53.839],[-130.027,53.825],[-129.993,53.806],[-129.965,53.795],[-129.949,53.783],[-129.928,53.761],[-129.896,53.75],[-129.853,53.725],[-129.845,53.723],[-129.825,53.71],[-129.79,53.682],[-129.74,53.639],[-129.717,53.614],[-129.706,53.6],[-129.682,53.586],[-129.643,53.558],[-129.566,53.513],[-129.551,53.497],[-129.539,53.493],[-129.496,53.465],[-129.488,53.457],[-129.452,53.439],[-129.437,53.425],[-129.441,53.416],[-129.435,53.402],[-129.459,53.378],[-129.466,53.363],[-129.473,53.363],[-129.473,53.35],[-129.481,53.339],[-129.474,53.321],[-129.464,53.313],[-129.469,53.294],[-129.478,53.286],[-129.491,53.282],[-129.509,53.293],[-129.517,53.302],[-129.517,53.317],[-129.532,53.324],[-129.542,53.322],[-129.528,53.311],[-129.529,53.305],[-129.518,53.286],[-129.504,53.273],[-129.503,53.265],[-129.512,53.258],[-129.508,53.251],[-129.488,53.229],[-129.499,53.217],[-129.503,53.208],[-129.525,53.221],[-129.555,53.212],[-129.565,53.218],[-129.586,53.212],[-129.603,53.221],[-129.609,53.239],[-129.624,53.248],[-129.634,53.249],[-129.642,53.259],[-129.655,53.269],[-129.647,53.278],[-129.665,53.277],[-129.678,53.297],[-129.67,53.307],[-129.633,53.306],[-129.638,53.313],[-129.667,53.318],[-129.672,53.311],[-129.7,53.321],[-129.678,53.334],[-129.681,53.342],[-129.705,53.332],[-129.713,53.323],[-129.732,53.33],[-129.763,53.35],[-129.775,53.361],[-129.78,53.371],[-129.789,53.37],[-129.799,53.376],[-129.833,53.387],[-129.85,53.408],[-129.847,53.429],[-129.837,53.438],[-129.834,53.447],[-129.823,53.449],[-129.824,53.458],[-129.863,53.45],[-129.869,53.46],[-129.882,53.457],[-129.906,53.46],[-129.91,53.483],[-129.9,53.489],[-129.892,53.501],[-129.89,53.514],[-129.869,53.517],[-129.836,53.514],[-129.83,53.509],[-129.814,53.514],[-129.817,53.52],[-129.838,53.518],[-129.849,53.523],[-129.868,53.518],[-129.884,53.527],[-129.879,53.546],[-129.895,53.545],[-129.922,53.556],[-129.915,53.569],[-129.9,53.57],[-129.895,53.563],[-129.881,53.567],[-129.893,53.584],[-129.944,53.573],[-129.949,53.586],[-129.938,53.593],[-129.952,53.602],[-129.962,53.587],[-129.956,53.578],[-129.967,53.574],[-130.009,53.565],[-130.031,53.58],[-130.045,53.585],[-130.062,53.598],[-130.06,53.615],[-130.063,53.624],[-129.993,53.635],[-129.982,53.64],[-129.95,53.643],[-129.921,53.647],[-129.939,53.657],[-129.951,53.648],[-129.967,53.645],[-129.975,53.647],[-130.048,53.631],[-130.073,53.631],[-130.087,53.642],[-130.089,53.656],[-130.099,53.668],[-130.089,53.673],[-130.098,53.688],[-130.099,53.702],[-130.076,53.717],[-130.084,53.725],[-130.104,53.699],[-130.132,53.705],[-130.151,53.714],[-130.174,53.719],[-130.206,53.721],[-130.213,53.729],[-130.212,53.743],[-130.204,53.748],[-130.21,53.785],[-130.222,53.799],[-130.215,53.81],[-130.185,53.808],[-130.183,53.815],[-130.222,53.813],[-130.244,53.815],[-130.252,53.819],[-130.273,53.819],[-130.288,53.828],[-130.294,53.852],[-130.283,53.862],[-130.287,53.87],[-130.278,53.873],[-130.258,53.889],[-130.227,53.896],[-130.224,53.907],[-130.208,53.911]]],[[[-130.47,53.638],[-130.446,53.63],[-130.432,53.622],[-130.421,53.624],[-130.376,53.608],[-130.361,53.604],[-130.322,53.59],[-130.306,53.586],[-130.28,53.576],[-130.247,53.57],[-130.194,53.548],[-130.167,53.534],[-130.129,53.52],[-130.108,53.514],[-130.086,53.502],[-130.077,53.492],[-130.061,53.487],[-130.055,53.48],[-130.03,53.47],[-129.995,53.454],[-129.978,53.443],[-129.971,53.435],[-129.947,53.423],[-129.934,53.415],[-129.919,53.4],[-129.906,53.392],[-129.896,53.377],[-129.882,53.361],[-129.872,53.355],[-129.867,53.335],[-129.856,53.336],[-129.849,53.32],[-129.837,53.316],[-129.82,53.299],[-129.805,53.292],[-129.795,53.255],[-129.782,53.249],[-129.78,53.243],[-129.765,53.232],[-129.763,53.222],[-129.753,53.213],[-129.761,53.191],[-129.774,53.189],[-129.781,53.179],[-129.782,53.166],[-129.804,53.173],[-129.819,53.17],[-129.83,53.175],[-129.834,53.187],[-129.848,53.183],[-129.862,53.188],[-129.874,53.186],[-129.872,53.177],[-129.895,53.172],[-129.93,53.17],[-129.946,53.165],[-129.962,53.17],[-129.965,53.183],[-129.989,53.202],[-129.999,53.216],[-130.006,53.209],[-130.034,53.233],[-130.025,53.246],[-130.043,53.25],[-130.056,53.245],[-130.069,53.256],[-130.094,53.267],[-130.099,53.279],[-130.094,53.283],[-130.104,53.298],[-130.102,53.307],[-130.114,53.319],[-130.135,53.318],[-130.151,53.323],[-130.153,53.331],[-130.163,53.343],[-130.183,53.349],[-130.187,53.358],[-130.201,53.354],[-130.22,53.359],[-130.225,53.376],[-130.261,53.376],[-130.277,53.378],[-130.31,53.388],[-130.324,53.398],[-130.333,53.411],[-130.358,53.427],[-130.369,53.439],[-130.382,53.441],[-130.396,53.457],[-130.415,53.467],[-130.413,53.483],[-130.407,53.491],[-130.388,53.505],[-130.363,53.515],[-130.365,53.522],[-130.382,53.522],[-130.394,53.517],[-130.396,53.51],[-130.42,53.516],[-130.426,53.509],[-130.442,53.508],[-130.488,53.515],[-130.487,53.526],[-130.492,53.535],[-130.525,53.543],[-130.548,53.551],[-130.55,53.572],[-130.542,53.59],[-130.543,53.604],[-130.54,53.619],[-130.531,53.63],[-130.488,53.633],[-130.475,53.627],[-130.47,53.638]]],[[[-130.416,54.103],[-130.413,54.096],[-130.393,54.086],[-130.379,54.087],[-130.356,54.071],[-130.326,54.06],[-130.289,54.028],[-130.289,54.021],[-130.264,54.007],[-130.255,53.996],[-130.241,53.986],[-130.235,53.976],[-130.238,53.97],[-130.231,53.952],[-130.24,53.935],[-130.26,53.933],[-130.263,53.926],[-130.278,53.913],[-130.28,53.902],[-130.308,53.888],[-130.335,53.88],[-130.339,53.844],[-130.344,53.828],[-130.364,53.828],[-130.38,53.824],[-130.401,53.825],[-130.427,53.835],[-130.44,53.848],[-130.461,53.838],[-130.469,53.842],[-130.486,53.837],[-130.503,53.837],[-130.498,53.852],[-130.511,53.865],[-130.506,53.877],[-130.496,53.875],[-130.468,53.887],[-130.466,53.898],[-130.45,53.912],[-130.438,53.938],[-130.434,53.955],[-130.415,53.971],[-130.371,53.961],[-130.363,53.965],[-130.381,53.98],[-130.363,53.988],[-130.351,53.987],[-130.356,53.994],[-130.341,53.997],[-130.388,54.019],[-130.398,54.027],[-130.414,54.032],[-130.377,54.004],[-130.358,53.995],[-130.358,53.988],[-130.38,53.985],[-130.388,53.974],[-130.407,53.981],[-130.435,53.984],[-130.452,53.973],[-130.459,53.963],[-130.456,53.922],[-130.463,53.919],[-130.463,53.906],[-130.472,53.892],[-130.487,53.884],[-130.499,53.884],[-130.509,53.895],[-130.529,53.896],[-130.534,53.9],[-130.551,53.898],[-130.573,53.91],[-130.577,53.921],[-130.593,53.935],[-130.603,53.938],[-130.611,53.949],[-130.625,53.952],[-130.636,53.937],[-130.656,53.935],[-130.682,53.947],[-130.687,53.943],[-130.68,53.933],[-130.692,53.918],[-130.702,53.911],[-130.699,53.893],[-130.665,53.881],[-130.648,53.873],[-130.616,53.862],[-130.616,53.845],[-130.64,53.844],[-130.645,53.835],[-130.672,53.846],[-130.69,53.842],[-130.707,53.847],[-130.709,53.86],[-130.722,53.869],[-130.715,53.878],[-130.711,53.898],[-130.732,53.91],[-130.722,53.927],[-130.723,53.94],[-130.705,53.946],[-130.69,53.955],[-130.672,53.973],[-130.664,53.987],[-130.664,53.994],[-130.631,53.987],[-130.628,54.007],[-130.604,54.024],[-130.602,54.033],[-130.577,54.029],[-130.561,54.033],[-130.559,54.052],[-130.547,54.056],[-130.526,54.046],[-130.523,54.055],[-130.528,54.066],[-130.5,54.064],[-130.474,54.071],[-130.472,54.079],[-130.45,54.077],[-130.432,54.098],[-130.416,54.103]]],[[[-128.873,53.717],[-128.853,53.712],[-128.837,53.712],[-128.828,53.702],[-128.836,53.688],[-128.867,53.669],[-128.879,53.665],[-128.889,53.656],[-128.889,53.648],[-128.872,53.635],[-128.882,53.63],[-128.887,53.618],[-128.879,53.609],[-128.892,53.595],[-128.895,53.582],[-128.885,53.565],[-128.895,53.558],[-128.93,53.564],[-128.949,53.573],[-128.956,53.584],[-128.968,53.574],[-128.995,53.569],[-129.011,53.553],[-129.025,53.557],[-129.033,53.547],[-129.062,53.529],[-129.064,53.523],[-129.079,53.516],[-129.091,53.505],[-129.094,53.495],[-129.103,53.492],[-129.102,53.48],[-129.092,53.475],[-129.081,53.453],[-129.085,53.445],[-129.111,53.439],[-129.13,53.424],[-129.149,53.415],[-129.152,53.393],[-129.166,53.39],[-129.179,53.411],[-129.182,53.436],[-129.173,53.445],[-129.173,53.484],[-129.178,53.485],[-129.179,53.502],[-129.17,53.525],[-129.171,53.548],[-129.182,53.582],[-129.179,53.59],[-129.183,53.598],[-129.181,53.619],[-129.176,53.627],[-129.162,53.635],[-129.116,53.654],[-129.09,53.672],[-129.078,53.675],[-129.067,53.671],[-129.047,53.678],[-129.029,53.688],[-129,53.694],[-128.982,53.704],[-128.968,53.707],[-128.95,53.697],[-128.931,53.695],[-128.909,53.698],[-128.873,53.717]]],[[[-130.284,53.8],[-130.267,53.795],[-130.242,53.792],[-130.227,53.776],[-130.221,53.762],[-130.221,53.75],[-130.231,53.735],[-130.231,53.726],[-130.208,53.711],[-130.194,53.708],[-130.186,53.711],[-130.157,53.709],[-130.122,53.693],[-130.125,53.687],[-130.11,53.676],[-130.122,53.669],[-130.12,53.661],[-130.123,53.648],[-130.116,53.636],[-130.122,53.623],[-130.115,53.614],[-130.101,53.606],[-130.096,53.581],[-130.08,53.571],[-130.078,53.563],[-130.113,53.566],[-130.155,53.568],[-130.168,53.587],[-130.188,53.58],[-130.216,53.589],[-130.233,53.6],[-130.263,53.601],[-130.274,53.61],[-130.288,53.607],[-130.294,53.612],[-130.326,53.617],[-130.352,53.626],[-130.357,53.636],[-130.346,53.645],[-130.36,53.65],[-130.376,53.652],[-130.394,53.667],[-130.409,53.674],[-130.407,53.685],[-130.388,53.699],[-130.399,53.707],[-130.385,53.71],[-130.353,53.731],[-130.331,53.741],[-130.307,53.743],[-130.301,53.758],[-130.316,53.774],[-130.315,53.784],[-130.303,53.791],[-130.307,53.797],[-130.284,53.8]]],[[[-131.876,53.039],[-131.832,53.039],[-131.802,53.034],[-131.782,53.029],[-131.765,53.014],[-131.754,53.01],[-131.717,53.008],[-131.694,53.004],[-131.681,52.999],[-131.662,52.999],[-131.644,52.987],[-131.636,52.986],[-131.614,52.974],[-131.606,52.963],[-131.622,52.954],[-131.638,52.951],[-131.642,52.944],[-131.621,52.929],[-131.627,52.916],[-131.651,52.905],[-131.659,52.889],[-131.686,52.88],[-131.695,52.874],[-131.737,52.876],[-131.752,52.881],[-131.783,52.881],[-131.813,52.87],[-131.825,52.871],[-131.828,52.877],[-131.849,52.891],[-131.85,52.902],[-131.864,52.905],[-131.878,52.916],[-131.893,52.933],[-131.898,52.936],[-131.898,52.945],[-131.904,52.958],[-131.91,52.977],[-131.93,52.991],[-131.924,53.001],[-131.933,53.014],[-131.922,53.016],[-131.911,53.023],[-131.903,53.021],[-131.894,53.03],[-131.876,53.039]]],[[[-128.383,52.803],[-128.366,52.795],[-128.353,52.785],[-128.347,52.772],[-128.348,52.763],[-128.357,52.755],[-128.349,52.749],[-128.347,52.739],[-128.333,52.731],[-128.325,52.721],[-128.315,52.718],[-128.292,52.688],[-128.288,52.679],[-128.297,52.659],[-128.297,52.642],[-128.303,52.635],[-128.293,52.617],[-128.298,52.608],[-128.294,52.596],[-128.295,52.566],[-128.289,52.558],[-128.285,52.54],[-128.292,52.525],[-128.317,52.526],[-128.337,52.531],[-128.352,52.53],[-128.437,52.549],[-128.437,52.569],[-128.444,52.591],[-128.442,52.605],[-128.445,52.623],[-128.449,52.63],[-128.443,52.645],[-128.443,52.659],[-128.436,52.678],[-128.424,52.68],[-128.41,52.677],[-128.371,52.675],[-128.357,52.667],[-128.349,52.678],[-128.35,52.684],[-128.404,52.686],[-128.432,52.694],[-128.434,52.702],[-128.425,52.714],[-128.429,52.723],[-128.419,52.728],[-128.412,52.743],[-128.425,52.743],[-128.437,52.733],[-128.447,52.736],[-128.451,52.753],[-128.43,52.773],[-128.427,52.779],[-128.411,52.783],[-128.406,52.796],[-128.392,52.797],[-128.383,52.803]]],[[[-129.269,53.327],[-129.246,53.32],[-129.222,53.314],[-129.172,53.284],[-129.176,53.273],[-129.171,53.256],[-129.174,53.244],[-129.16,53.234],[-129.159,53.219],[-129.15,53.206],[-129.168,53.2],[-129.168,53.188],[-129.175,53.175],[-129.164,53.164],[-129.171,53.158],[-129.162,53.14],[-129.148,53.134],[-129.149,53.128],[-129.14,53.118],[-129.152,53.098],[-129.168,53.098],[-129.19,53.106],[-129.206,53.104],[-129.221,53.098],[-129.226,53.091],[-129.264,53.09],[-129.274,53.08],[-129.281,53.082],[-129.283,53.094],[-129.298,53.105],[-129.307,53.103],[-129.327,53.112],[-129.342,53.135],[-129.349,53.163],[-129.349,53.175],[-129.344,53.179],[-129.342,53.193],[-129.345,53.207],[-129.321,53.222],[-129.298,53.23],[-129.303,53.235],[-129.277,53.252],[-129.272,53.259],[-129.256,53.269],[-129.287,53.32],[-129.269,53.327]]],[[[-130.189,55.033],[-130.181,55.029],[-130.182,55.016],[-130.163,54.994],[-130.153,54.975],[-130.159,54.971],[-130.154,54.957],[-130.18,54.93],[-130.193,54.912],[-130.225,54.89],[-130.259,54.852],[-130.271,54.846],[-130.276,54.834],[-130.287,54.827],[-130.346,54.803],[-130.385,54.782],[-130.395,54.78],[-130.406,54.77],[-130.423,54.769],[-130.428,54.785],[-130.437,54.784],[-130.451,54.797],[-130.489,54.826],[-130.479,54.835],[-130.458,54.841],[-130.443,54.855],[-130.429,54.861],[-130.419,54.871],[-130.41,54.874],[-130.391,54.887],[-130.373,54.891],[-130.345,54.906],[-130.323,54.922],[-130.308,54.937],[-130.293,54.941],[-130.274,54.955],[-130.27,54.963],[-130.236,54.999],[-130.23,55.01],[-130.2,55.031],[-130.189,55.033]]],[[[-129.01,53.531],[-129.005,53.53],[-128.996,53.507],[-128.999,53.497],[-128.996,53.482],[-128.989,53.48],[-128.99,53.469],[-128.972,53.446],[-128.951,53.434],[-128.932,53.416],[-128.92,53.397],[-128.919,53.384],[-128.922,53.361],[-128.928,53.351],[-128.925,53.342],[-128.929,53.327],[-128.943,53.315],[-128.956,53.313],[-128.989,53.326],[-128.996,53.337],[-129.015,53.334],[-129.033,53.337],[-129.061,53.332],[-129.076,53.321],[-129.109,53.313],[-129.125,53.313],[-129.14,53.321],[-129.153,53.338],[-129.151,53.347],[-129.139,53.358],[-129.138,53.367],[-129.123,53.385],[-129.111,53.404],[-129.09,53.424],[-129.064,53.434],[-129.053,53.45],[-129.056,53.469],[-129.065,53.483],[-129.066,53.492],[-129.028,53.528],[-129.01,53.531]]],[[[-131.68,52.734],[-131.648,52.728],[-131.629,52.726],[-131.613,52.73],[-131.578,52.726],[-131.581,52.714],[-131.616,52.717],[-131.67,52.715],[-131.678,52.713],[-131.676,52.702],[-131.636,52.708],[-131.631,52.701],[-131.647,52.693],[-131.639,52.688],[-131.622,52.69],[-131.603,52.704],[-131.591,52.707],[-131.582,52.701],[-131.555,52.7],[-131.535,52.719],[-131.532,52.725],[-131.512,52.733],[-131.488,52.738],[-131.471,52.723],[-131.45,52.716],[-131.442,52.704],[-131.447,52.695],[-131.441,52.687],[-131.447,52.681],[-131.464,52.675],[-131.464,52.663],[-131.456,52.654],[-131.463,52.626],[-131.478,52.619],[-131.491,52.621],[-131.52,52.616],[-131.535,52.625],[-131.566,52.647],[-131.59,52.652],[-131.596,52.641],[-131.609,52.645],[-131.605,52.631],[-131.584,52.628],[-131.56,52.614],[-131.546,52.599],[-131.568,52.594],[-131.583,52.58],[-131.606,52.583],[-131.617,52.591],[-131.626,52.603],[-131.663,52.639],[-131.663,52.652],[-131.656,52.66],[-131.672,52.67],[-131.679,52.67],[-131.719,52.698],[-131.722,52.708],[-131.712,52.718],[-131.705,52.719],[-131.692,52.733],[-131.68,52.734]]],[[[-129.488,53.191],[-129.475,53.169],[-129.458,53.157],[-129.452,53.146],[-129.418,53.127],[-129.396,53.09],[-129.388,53.088],[-129.364,53.074],[-129.35,53.063],[-129.335,53.058],[-129.317,53.048],[-129.308,53.028],[-129.309,53.015],[-129.305,53.005],[-129.302,52.979],[-129.298,52.973],[-129.306,52.964],[-129.322,52.961],[-129.342,52.963],[-129.346,52.968],[-129.371,52.975],[-129.392,52.995],[-129.408,53.004],[-129.431,53.012],[-129.436,53.04],[-129.465,53.067],[-129.462,53.072],[-129.474,53.087],[-129.481,53.087],[-129.466,53.066],[-129.468,53.058],[-129.488,53.077],[-129.499,53.092],[-129.486,53.102],[-129.517,53.11],[-129.513,53.1],[-129.525,53.098],[-129.539,53.112],[-129.524,53.117],[-129.51,53.117],[-129.534,53.136],[-129.553,53.127],[-129.56,53.132],[-129.566,53.15],[-129.558,53.158],[-129.56,53.172],[-129.506,53.19],[-129.488,53.191]]],[[[-128.148,52.81],[-128.156,52.778],[-128.157,52.759],[-128.173,52.724],[-128.181,52.719],[-128.19,52.703],[-128.2,52.692],[-128.208,52.705],[-128.21,52.675],[-128.217,52.661],[-128.214,52.652],[-128.227,52.64],[-128.25,52.601],[-128.287,52.587],[-128.293,52.592],[-128.288,52.612],[-128.285,52.643],[-128.273,52.659],[-128.271,52.674],[-128.28,52.681],[-128.31,52.715],[-128.333,52.734],[-128.333,52.752],[-128.329,52.762],[-128.339,52.784],[-128.316,52.78],[-128.283,52.784],[-128.254,52.783],[-128.238,52.787],[-128.23,52.778],[-128.205,52.776],[-128.208,52.785],[-128.22,52.788],[-128.176,52.831],[-128.15,52.844],[-128.146,52.826],[-128.148,52.81]]],[[[-130.895,54.635],[-130.874,54.622],[-130.853,54.63],[-130.851,54.615],[-130.864,54.607],[-130.878,54.604],[-130.899,54.589],[-130.873,54.593],[-130.858,54.607],[-130.838,54.611],[-130.833,54.599],[-130.813,54.614],[-130.802,54.611],[-130.775,54.627],[-130.758,54.614],[-130.752,54.605],[-130.755,54.585],[-130.76,54.568],[-130.774,54.553],[-130.784,54.547],[-130.818,54.536],[-130.834,54.525],[-130.848,54.51],[-130.867,54.503],[-130.874,54.494],[-130.885,54.495],[-130.895,54.504],[-130.906,54.488],[-130.924,54.473],[-130.936,54.466],[-130.948,54.468],[-130.964,54.489],[-130.968,54.528],[-130.976,54.535],[-130.97,54.553],[-130.962,54.555],[-130.943,54.57],[-130.951,54.576],[-130.945,54.591],[-130.935,54.6],[-130.94,54.605],[-130.933,54.614],[-130.895,54.635]]],[[[-131.098,52.152],[-131.088,52.149],[-131.074,52.153],[-131.047,52.145],[-131.047,52.118],[-131.032,52.118],[-131.018,52.114],[-131.014,52.104],[-130.993,52.102],[-130.973,52.11],[-130.964,52.095],[-130.955,52.105],[-130.937,52.093],[-130.936,52.083],[-130.953,52.072],[-130.992,52.058],[-131.011,52.067],[-131.029,52.064],[-131.026,52.056],[-131.041,52.056],[-131.064,52.079],[-131.073,52.076],[-131.072,52.063],[-131.06,52.05],[-131.054,52.038],[-131.032,52.034],[-130.995,52.02],[-130.977,52.011],[-130.985,52.006],[-131.002,52.008],[-131.017,52.019],[-131.049,52.027],[-131.057,52.02],[-131.04,52.011],[-131.033,51.999],[-131.01,51.983],[-131.009,51.976],[-131.02,51.973],[-131.034,51.975],[-131.042,51.964],[-131.014,51.944],[-131.033,51.945],[-131.038,51.953],[-131.066,51.965],[-131.086,51.98],[-131.09,51.996],[-131.101,51.996],[-131.109,52.002],[-131.095,52.006],[-131.078,52.017],[-131.083,52.021],[-131.083,52.035],[-131.103,52.039],[-131.102,52.044],[-131.113,52.058],[-131.112,52.088],[-131.124,52.098],[-131.132,52.1],[-131.131,52.119],[-131.122,52.133],[-131.124,52.139],[-131.117,52.151],[-131.098,52.152]]],[[[-130.493,54.826],[-130.478,54.814],[-130.457,54.788],[-130.442,54.773],[-130.439,54.756],[-130.45,54.738],[-130.457,54.732],[-130.465,54.715],[-130.474,54.705],[-130.497,54.71],[-130.5,54.72],[-130.521,54.719],[-130.517,54.708],[-130.523,54.703],[-130.537,54.702],[-130.596,54.726],[-130.599,54.732],[-130.618,54.749],[-130.628,54.75],[-130.643,54.763],[-130.621,54.776],[-130.599,54.764],[-130.597,54.756],[-130.586,54.754],[-130.587,54.771],[-130.546,54.79],[-130.545,54.798],[-130.517,54.809],[-130.493,54.826]]],[[[-130.786,54.217],[-130.766,54.203],[-130.751,54.2],[-130.734,54.189],[-130.714,54.181],[-130.709,54.176],[-130.663,54.155],[-130.64,54.138],[-130.64,54.131],[-130.653,54.113],[-130.674,54.114],[-130.687,54.108],[-130.701,54.115],[-130.708,54.113],[-130.729,54.125],[-130.745,54.123],[-130.74,54.134],[-130.749,54.144],[-130.762,54.139],[-130.777,54.141],[-130.775,54.151],[-130.801,54.149],[-130.806,54.158],[-130.814,54.162],[-130.821,54.175],[-130.806,54.181],[-130.807,54.189],[-130.794,54.199],[-130.799,54.209],[-130.786,54.217]]],[[[-131.281,52.448],[-131.253,52.448],[-131.237,52.444],[-131.238,52.434],[-131.248,52.421],[-131.267,52.414],[-131.265,52.408],[-131.289,52.397],[-131.304,52.384],[-131.309,52.355],[-131.296,52.359],[-131.288,52.367],[-131.295,52.373],[-131.288,52.38],[-131.276,52.377],[-131.283,52.364],[-131.252,52.373],[-131.264,52.358],[-131.263,52.349],[-131.278,52.345],[-131.294,52.346],[-131.306,52.35],[-131.31,52.334],[-131.317,52.325],[-131.334,52.331],[-131.335,52.343],[-131.35,52.353],[-131.355,52.391],[-131.368,52.406],[-131.371,52.419],[-131.356,52.426],[-131.34,52.427],[-131.327,52.436],[-131.314,52.438],[-131.295,52.447],[-131.281,52.448]]],[[[-129.746,53.133],[-129.683,53.136],[-129.66,53.127],[-129.65,53.117],[-129.629,53.103],[-129.626,53.098],[-129.602,53.083],[-129.594,53.07],[-129.624,53.05],[-129.649,53.062],[-129.695,53.068],[-129.713,53.075],[-129.729,53.075],[-129.734,53.087],[-129.743,53.097],[-129.755,53.122],[-129.746,53.133]]],[[[-129.414,53.411],[-129.386,53.393],[-129.376,53.389],[-129.335,53.363],[-129.345,53.35],[-129.343,53.335],[-129.334,53.325],[-129.333,53.312],[-129.338,53.301],[-129.356,53.301],[-129.386,53.295],[-129.415,53.297],[-129.39,53.309],[-129.385,53.316],[-129.399,53.331],[-129.4,53.339],[-129.411,53.342],[-129.423,53.351],[-129.452,53.36],[-129.458,53.375],[-129.441,53.378],[-129.446,53.387],[-129.421,53.393],[-129.414,53.411]]],[[[-130.223,54.801],[-130.213,54.797],[-130.222,54.789],[-130.202,54.783],[-130.21,54.771],[-130.211,54.75],[-130.219,54.736],[-130.235,54.723],[-130.274,54.713],[-130.305,54.71],[-130.322,54.705],[-130.34,54.707],[-130.373,54.698],[-130.383,54.7],[-130.371,54.719],[-130.342,54.739],[-130.327,54.747],[-130.29,54.756],[-130.261,54.767],[-130.238,54.794],[-130.223,54.801]]],[[[-130.284,54.333],[-130.26,54.309],[-130.253,54.298],[-130.257,54.288],[-130.258,54.272],[-130.276,54.257],[-130.292,54.261],[-130.295,54.249],[-130.31,54.247],[-130.318,54.241],[-130.313,54.231],[-130.303,54.226],[-130.295,54.214],[-130.308,54.202],[-130.332,54.225],[-130.336,54.241],[-130.36,54.275],[-130.35,54.303],[-130.331,54.314],[-130.284,54.333]]],[[[-128.437,52.545],[-128.403,52.536],[-128.379,52.533],[-128.352,52.524],[-128.301,52.524],[-128.286,52.516],[-128.278,52.518],[-128.272,52.499],[-128.282,52.486],[-128.305,52.482],[-128.349,52.483],[-128.385,52.475],[-128.393,52.47],[-128.412,52.466],[-128.422,52.475],[-128.422,52.501],[-128.411,52.51],[-128.397,52.501],[-128.374,52.497],[-128.356,52.499],[-128.338,52.495],[-128.309,52.499],[-128.315,52.507],[-128.34,52.503],[-128.36,52.507],[-128.385,52.505],[-128.41,52.51],[-128.432,52.523],[-128.44,52.534],[-128.437,52.545]]],[[[-130.254,54.193],[-130.249,54.19],[-130.228,54.19],[-130.203,54.18],[-130.196,54.174],[-130.175,54.165],[-130.155,54.151],[-130.161,54.136],[-130.173,54.125],[-130.201,54.116],[-130.222,54.114],[-130.246,54.117],[-130.27,54.133],[-130.289,54.152],[-130.289,54.161],[-130.279,54.171],[-130.269,54.173],[-130.262,54.191],[-130.254,54.193]]],[[[-130.192,54.081],[-130.161,54.068],[-130.155,54.055],[-130.147,54.05],[-130.139,54.033],[-130.131,54.027],[-130.134,54.01],[-130.147,53.988],[-130.176,53.986],[-130.189,53.99],[-130.206,54.003],[-130.217,54.02],[-130.224,54.054],[-130.214,54.069],[-130.192,54.077],[-130.192,54.081]]],[[[-131.757,52.86],[-131.727,52.853],[-131.719,52.835],[-131.697,52.843],[-131.687,52.841],[-131.653,52.841],[-131.645,52.834],[-131.662,52.831],[-131.694,52.817],[-131.735,52.808],[-131.757,52.813],[-131.789,52.815],[-131.814,52.815],[-131.83,52.819],[-131.848,52.835],[-131.849,52.84],[-131.834,52.848],[-131.806,52.844],[-131.788,52.848],[-131.757,52.86]]],[[[-129.939,53.547],[-129.911,53.541],[-129.898,53.543],[-129.893,53.533],[-129.895,53.521],[-129.902,53.516],[-129.909,53.495],[-129.928,53.469],[-129.946,53.466],[-129.957,53.472],[-129.975,53.476],[-129.992,53.489],[-130.019,53.501],[-130.026,53.509],[-129.984,53.527],[-129.979,53.524],[-129.978,53.51],[-129.956,53.527],[-129.961,53.532],[-129.939,53.547]]],[[[-128.876,53.776],[-128.875,53.769],[-128.91,53.749],[-128.898,53.734],[-128.91,53.723],[-128.919,53.724],[-128.935,53.711],[-128.958,53.713],[-128.964,53.718],[-128.986,53.717],[-129.002,53.704],[-129.055,53.68],[-129.062,53.685],[-129.081,53.686],[-129.08,53.7],[-129.065,53.708],[-129.037,53.718],[-129.029,53.717],[-129.013,53.729],[-128.982,53.735],[-128.942,53.75],[-128.921,53.76],[-128.902,53.773],[-128.876,53.776]]],[[[-132.587,53.152],[-132.571,53.151],[-132.55,53.139],[-132.524,53.136],[-132.492,53.125],[-132.478,53.124],[-132.455,53.128],[-132.409,53.129],[-132.395,53.119],[-132.393,53.108],[-132.403,53.104],[-132.44,53.106],[-132.454,53.103],[-132.478,53.105],[-132.543,53.105],[-132.56,53.117],[-132.591,53.123],[-132.592,53.136],[-132.583,53.143],[-132.587,53.152]]],[[[-132.135,53.806],[-132.14,53.785],[-132.137,53.77],[-132.146,53.757],[-132.141,53.75],[-132.16,53.74],[-132.164,53.727],[-132.18,53.712],[-132.188,53.727],[-132.186,53.731],[-132.194,53.745],[-132.207,53.753],[-132.215,53.771],[-132.203,53.791],[-132.188,53.794],[-132.179,53.802],[-132.139,53.823],[-132.135,53.806]]],[[[-129.638,53.022],[-129.615,53.015],[-129.616,53.012],[-129.578,53],[-129.572,52.987],[-129.556,52.977],[-129.539,52.972],[-129.537,52.961],[-129.544,52.952],[-129.562,52.95],[-129.569,52.962],[-129.587,52.971],[-129.597,52.968],[-129.608,52.956],[-129.625,52.948],[-129.637,52.956],[-129.637,52.973],[-129.65,52.99],[-129.664,52.987],[-129.676,52.993],[-129.682,53.002],[-129.675,53.012],[-129.665,53.014],[-129.655,53.005],[-129.648,53.017],[-129.638,53.022]]],[[[-130.563,53.849],[-130.542,53.84],[-130.53,53.832],[-130.513,53.827],[-130.5,53.82],[-130.52,53.811],[-130.528,53.814],[-130.539,53.806],[-130.533,53.797],[-130.55,53.788],[-130.58,53.794],[-130.59,53.788],[-130.608,53.798],[-130.624,53.8],[-130.627,53.809],[-130.641,53.812],[-130.623,53.826],[-130.594,53.837],[-130.582,53.846],[-130.563,53.849]]],[[[-130.436,54.329],[-130.43,54.329],[-130.417,54.316],[-130.389,54.307],[-130.385,54.279],[-130.374,54.273],[-130.368,54.26],[-130.383,54.244],[-130.398,54.25],[-130.408,54.249],[-130.447,54.282],[-130.469,54.296],[-130.473,54.305],[-130.458,54.317],[-130.436,54.329]]],[[[-132.366,53.007],[-132.335,53.008],[-132.302,53.003],[-132.288,53.003],[-132.267,52.999],[-132.216,52.993],[-132.211,52.989],[-132.19,52.981],[-132.198,52.977],[-132.253,52.972],[-132.275,52.968],[-132.288,52.97],[-132.325,52.963],[-132.332,52.972],[-132.321,52.977],[-132.338,52.991],[-132.353,52.989],[-132.377,53.003],[-132.366,53.007]]],[[[-133.034,54.258],[-133.016,54.254],[-133.002,54.256],[-132.98,54.248],[-132.969,54.223],[-132.988,54.218],[-132.974,54.204],[-132.979,54.187],[-133.016,54.193],[-133.005,54.2],[-133.01,54.217],[-133.019,54.214],[-133.037,54.217],[-133.044,54.225],[-133.08,54.223],[-133.07,54.234],[-133.078,54.248],[-133.062,54.251],[-133.059,54.257],[-133.034,54.258]]],[[[-130.726,54.412],[-130.717,54.407],[-130.716,54.398],[-130.702,54.393],[-130.707,54.385],[-130.701,54.379],[-130.717,54.365],[-130.738,54.36],[-130.75,54.361],[-130.762,54.357],[-130.774,54.362],[-130.792,54.387],[-130.778,54.391],[-130.763,54.404],[-130.738,54.406],[-130.726,54.412]]],[[[-131.648,52.779],[-131.631,52.775],[-131.614,52.763],[-131.614,52.75],[-131.64,52.749],[-131.669,52.751],[-131.69,52.751],[-131.711,52.746],[-131.73,52.754],[-131.748,52.768],[-131.749,52.772],[-131.725,52.772],[-131.707,52.768],[-131.689,52.769],[-131.648,52.779]]],[[[-130.776,54.473],[-130.765,54.464],[-130.757,54.449],[-130.743,54.442],[-130.731,54.427],[-130.731,54.42],[-130.759,54.415],[-130.763,54.423],[-130.79,54.426],[-130.797,54.442],[-130.808,54.449],[-130.793,54.465],[-130.776,54.473]]],[[[-131.372,52.584],[-131.349,52.568],[-131.353,52.552],[-131.374,52.544],[-131.394,52.544],[-131.398,52.549],[-131.431,52.553],[-131.44,52.558],[-131.424,52.569],[-131.41,52.566],[-131.389,52.573],[-131.383,52.582],[-131.372,52.584]]],[[[-130.643,54.12],[-130.625,54.117],[-130.621,54.112],[-130.603,54.107],[-130.571,54.081],[-130.573,54.065],[-130.618,54.076],[-130.629,54.09],[-130.646,54.089],[-130.644,54.097],[-130.652,54.103],[-130.643,54.12]]],[[[-130.428,53.796],[-130.406,53.789],[-130.4,53.779],[-130.412,53.76],[-130.446,53.75],[-130.463,53.763],[-130.475,53.766],[-130.476,53.774],[-130.464,53.779],[-130.464,53.79],[-130.451,53.794],[-130.428,53.796]]],[[[-130.632,53.92],[-130.59,53.901],[-130.586,53.892],[-130.595,53.883],[-130.61,53.876],[-130.621,53.875],[-130.646,53.885],[-130.643,53.889],[-130.662,53.9],[-130.644,53.914],[-130.632,53.92]]],[[[-132.12,53.187],[-132.13,53.198],[-132.122,53.204],[-132.101,53.207],[-132.08,53.216],[-132.054,53.222],[-132.037,53.222],[-132.03,53.216],[-132.041,53.201],[-132.058,53.198],[-132.073,53.192],[-132.12,53.187]]],[[[-129.237,53.412],[-129.225,53.388],[-129.223,53.372],[-129.229,53.357],[-129.246,53.361],[-129.261,53.37],[-129.27,53.39],[-129.272,53.401],[-129.258,53.403],[-129.237,53.412]]],[[[-129.575,53.052],[-129.567,53.051],[-129.551,53.035],[-129.536,53.031],[-129.534,53.018],[-129.541,53.01],[-129.554,53.009],[-129.563,53.002],[-129.585,53.021],[-129.599,53.026],[-129.599,53.036],[-129.575,53.052]]],[[[-129.69,53.066],[-129.68,53.057],[-129.663,53.051],[-129.647,53.055],[-129.622,53.047],[-129.597,53.022],[-129.601,53.009],[-129.614,53.017],[-129.625,53.019],[-129.639,53.032],[-129.656,53.034],[-129.655,53.041],[-129.692,53.047],[-129.696,53.062],[-129.69,53.066]]],[[[-130.793,54.496],[-130.784,54.485],[-130.789,54.473],[-130.806,54.462],[-130.813,54.452],[-130.856,54.444],[-130.856,54.454],[-130.84,54.466],[-130.841,54.471],[-130.823,54.478],[-130.81,54.488],[-130.793,54.496]]],[[[-129.351,53.284],[-129.326,53.285],[-129.321,53.279],[-129.309,53.278],[-129.338,53.262],[-129.346,53.246],[-129.363,53.233],[-129.372,53.237],[-129.372,53.252],[-129.381,53.26],[-129.37,53.271],[-129.372,53.281],[-129.351,53.284]]],[[[-130.377,53.783],[-130.347,53.779],[-130.328,53.767],[-130.324,53.758],[-130.335,53.749],[-130.354,53.743],[-130.355,53.753],[-130.368,53.757],[-130.374,53.75],[-130.39,53.754],[-130.39,53.764],[-130.377,53.783]]],[[[-128.862,53.761],[-128.847,53.76],[-128.84,53.742],[-128.843,53.735],[-128.856,53.731],[-128.874,53.721],[-128.886,53.726],[-128.883,53.734],[-128.888,53.745],[-128.875,53.757],[-128.862,53.761]]],[[[-128.733,53.872],[-128.726,53.86],[-128.725,53.845],[-128.753,53.821],[-128.766,53.82],[-128.776,53.834],[-128.772,53.842],[-128.733,53.872]]],[[[-129.747,55.461],[-129.741,55.454],[-129.734,55.431],[-129.727,55.42],[-129.73,55.41],[-129.723,55.396],[-129.732,55.384],[-129.749,55.376],[-129.752,55.386],[-129.736,55.396],[-129.753,55.399],[-129.757,55.405],[-129.752,55.419],[-129.745,55.424],[-129.753,55.448],[-129.762,55.452],[-129.747,55.461]]],[[[-131.089,54.626],[-131.06,54.624],[-131.047,54.615],[-131.071,54.589],[-131.072,54.584],[-131.097,54.582],[-131.1,54.588],[-131.089,54.626]]],[[[-130.146,54.145],[-130.124,54.132],[-130.126,54.114],[-130.135,54.096],[-130.149,54.091],[-130.16,54.108],[-130.162,54.129],[-130.153,54.133],[-130.146,54.145]]],[[[-131.76,52.76],[-131.746,52.751],[-131.724,52.732],[-131.721,52.726],[-131.735,52.711],[-131.765,52.73],[-131.771,52.754],[-131.76,52.76]]],[[[-130.617,53.505],[-130.597,53.494],[-130.592,53.48],[-130.584,53.473],[-130.604,53.471],[-130.617,53.476],[-130.629,53.486],[-130.634,53.499],[-130.617,53.505]]],[[[-130.393,54.67],[-130.395,54.659],[-130.39,54.643],[-130.395,54.631],[-130.43,54.643],[-130.435,54.65],[-130.393,54.67]]],[[[-130.475,54.559],[-130.455,54.542],[-130.462,54.527],[-130.47,54.522],[-130.483,54.528],[-130.49,54.555],[-130.475,54.559]]],[[[-131.361,52.467],[-131.354,52.461],[-131.367,52.446],[-131.361,52.437],[-131.38,52.435],[-131.388,52.44],[-131.386,52.459],[-131.361,52.467]]],[[[-129.436,53.347],[-129.443,53.328],[-129.452,53.322],[-129.471,53.34],[-129.466,53.346],[-129.464,53.361],[-129.436,53.347]]],[[[-130.675,54.037],[-130.66,54.034],[-130.65,54.028],[-130.645,54.011],[-130.681,54.009],[-130.687,54.022],[-130.675,54.037]]],[[[-128.868,53.626],[-128.858,53.607],[-128.863,53.602],[-128.863,53.591],[-128.879,53.579],[-128.888,53.582],[-128.887,53.597],[-128.874,53.608],[-128.874,53.624],[-128.868,53.626]]],[[[-133.172,53.942],[-133.158,53.93],[-133.161,53.924],[-133.182,53.919],[-133.193,53.92],[-133.199,53.938],[-133.175,53.938],[-133.172,53.942]]],[[[-133.004,53.547],[-132.956,53.536],[-132.954,53.526],[-132.967,53.522],[-132.983,53.522],[-132.995,53.539],[-133.004,53.547]]],[[[-132.135,53.237],[-132.122,53.233],[-132.096,53.235],[-132.102,53.226],[-132.137,53.222],[-132.155,53.229],[-132.135,53.237]]],[[[-131.568,52.774],[-131.55,52.769],[-131.569,52.752],[-131.59,52.751],[-131.593,52.756],[-131.575,52.775],[-131.568,52.774]]],[[[-129.583,53.059],[-129.579,53.055],[-129.588,53.043],[-129.606,53.037],[-129.62,53.048],[-129.606,53.058],[-129.583,53.059]]],[[[-132.12,53.187],[-132.109,53.18],[-132.095,53.177],[-132.095,53.171],[-132.115,53.168],[-132.12,53.187]]]]}},{"type":"Feature","properties":{"ENGNAME":"Vancouver Coastal"},"geometry":{"type":"MultiPolygon","coordinates":[[[[-125,53],[-125,52.072],[-125.346,51.773],[-125.354,51.774],[-125.363,51.793],[-125.402,51.807],[-125.406,51.814],[-125.419,51.818],[-125.407,51.827],[-125.406,51.836],[-125.432,51.84],[-125.465,51.841],[-125.459,51.851],[-125.464,51.863],[-125.473,51.863],[-125.498,51.895],[-125.483,51.915],[-125.49,51.921],[-125.504,51.92],[-125.517,51.935],[-125.528,51.939],[-125.539,51.929],[-125.549,51.924],[-125.555,51.915],[-125.568,51.919],[-125.577,51.915],[-125.586,51.902],[-125.603,51.9],[-125.626,51.912],[-125.655,51.922],[-125.658,51.931],[-125.675,51.938],[-125.679,51.95],[-125.702,51.97],[-125.699,51.987],[-125.707,52.003],[-125.717,52.011],[-125.734,52.015],[-125.755,52.026],[-125.772,52.027],[-125.782,52.032],[-125.802,52.035],[-125.807,52.042],[-125.82,52.045],[-125.828,52.053],[-125.852,52.045],[-125.853,52.035],[-125.865,52.031],[-125.872,52.012],[-125.844,52],[-125.829,51.988],[-125.83,51.98],[-125.878,51.975],[-125.876,51.965],[-125.889,51.96],[-125.897,51.953],[-125.89,51.946],[-125.891,51.93],[-125.897,51.914],[-125.881,51.907],[-125.897,51.902],[-125.905,51.893],[-125.922,51.903],[-125.93,51.901],[-125.936,51.888],[-125.933,51.859],[-125.938,51.842],[-125.954,51.837],[-125.96,51.804],[-125.979,51.797],[-125.974,51.782],[-125.949,51.778],[-125.943,51.771],[-125.944,51.761],[-125.958,51.759],[-125.966,51.744],[-125.983,51.741],[-125.985,51.734],[-126.001,51.729],[-126.002,51.723],[-125.992,51.707],[-125.98,51.693],[-125.97,51.69],[-125.956,51.692],[-125.942,51.685],[-125.938,51.675],[-125.924,51.669],[-125.926,51.661],[-125.948,51.657],[-125.945,51.633],[-125.96,51.624],[-125.962,51.604],[-125.981,51.597],[-125.986,51.582],[-126.003,51.591],[-126.016,51.592],[-126.026,51.601],[-126.05,51.596],[-126.051,51.586],[-126.063,51.582],[-126.049,51.571],[-126.055,51.56],[-126.074,51.553],[-126.083,51.541],[-126.082,51.529],[-126.1,51.521],[-126.112,51.52],[-126.113,51.504],[-126.106,51.498],[-126.105,51.483],[-126.097,51.477],[-126.108,51.459],[-126.129,51.461],[-126.146,51.458],[-126.148,51.45],[-126.169,51.445],[-126.173,51.435],[-126.185,51.439],[-126.195,51.437],[-126.209,51.445],[-126.215,51.453],[-126.24,51.454],[-126.25,51.45],[-126.266,51.455],[-126.281,51.449],[-126.289,51.457],[-126.3,51.456],[-126.307,51.463],[-126.325,51.457],[-126.339,51.465],[-126.355,51.459],[-126.379,51.462],[-126.378,51.474],[-126.393,51.477],[-126.412,51.474],[-126.427,51.476],[-126.426,51.483],[-126.444,51.49],[-126.452,51.48],[-126.456,51.466],[-126.478,51.454],[-126.482,51.439],[-126.498,51.425],[-126.525,51.42],[-126.537,51.409],[-126.549,51.417],[-126.562,51.413],[-126.568,51.404],[-126.594,51.406],[-126.6,51.418],[-126.611,51.42],[-126.623,51.442],[-126.641,51.447],[-126.658,51.446],[-126.675,51.458],[-126.683,51.468],[-126.7,51.479],[-126.713,51.466],[-126.707,51.461],[-126.72,51.454],[-126.732,51.434],[-126.717,51.426],[-126.71,51.414],[-126.7,51.408],[-126.7,51.396],[-126.713,51.393],[-126.711,51.379],[-126.721,51.364],[-126.725,51.346],[-126.737,51.336],[-126.753,51.333],[-126.755,51.314],[-126.772,51.31],[-126.767,51.303],[-126.777,51.299],[-126.815,51.294],[-126.822,51.299],[-126.815,51.313],[-126.821,51.322],[-126.851,51.321],[-126.862,51.317],[-126.869,51.306],[-126.895,51.306],[-126.893,51.3],[-126.902,51.291],[-126.923,51.286],[-126.919,51.27],[-126.912,51.261],[-126.922,51.257],[-126.922,51.243],[-126.942,51.24],[-126.953,51.234],[-126.969,51.235],[-126.999,51.242],[-127.011,51.235],[-127.03,51.23],[-127.047,51.236],[-127.066,51.23],[-127.077,51.231],[-127.088,51.22],[-127.129,51.218],[-127.142,51.21],[-127.168,51.206],[-127.17,51.203],[-127.197,51.206],[-127.21,51.199],[-127.217,51.208],[-127.234,51.22],[-127.271,51.219],[-127.282,51.213],[-127.318,51.214],[-127.325,51.209],[-127.346,51.219],[-127.374,51.216],[-127.389,51.223],[-127.391,51.231],[-127.437,51.227],[-127.482,51.234],[-127.487,51.221],[-127.473,51.218],[-127.462,51.205],[-127.471,51.201],[-127.484,51.206],[-127.496,51.2],[-127.514,51.206],[-127.544,51.197],[-127.574,51.197],[-127.578,51.193],[-127.602,51.187],[-127.612,51.191],[-127.652,51.183],[-127.663,51.193],[-127.672,51.191],[-127.739,51.191],[-127.739,51.162],[-127.755,51.162],[-127.771,51.159],[-127.787,51.164],[-127.787,51.171],[-127.774,51.177],[-127.772,51.184],[-127.788,51.198],[-127.784,51.209],[-127.772,51.214],[-127.773,51.22],[-127.784,51.228],[-127.781,51.236],[-127.765,51.249],[-127.722,51.26],[-127.712,51.256],[-127.677,51.272],[-127.654,51.277],[-127.615,51.28],[-127.602,51.284],[-127.577,51.282],[-127.583,51.274],[-127.593,51.271],[-127.581,51.262],[-127.558,51.265],[-127.519,51.265],[-127.495,51.267],[-127.469,51.265],[-127.463,51.277],[-127.454,51.283],[-127.436,51.285],[-127.408,51.285],[-127.392,51.287],[-127.379,51.286],[-127.36,51.29],[-127.325,51.29],[-127.285,51.295],[-127.246,51.302],[-127.235,51.306],[-127.205,51.308],[-127.195,51.315],[-127.154,51.321],[-127.155,51.329],[-127.148,51.341],[-127.147,51.355],[-127.136,51.36],[-127.124,51.361],[-127.118,51.353],[-127.106,51.354],[-127.078,51.349],[-127.074,51.354],[-127.112,51.359],[-127.107,51.383],[-127.125,51.392],[-127.122,51.378],[-127.134,51.368],[-127.157,51.362],[-127.158,51.35],[-127.165,51.343],[-127.186,51.339],[-127.193,51.325],[-127.216,51.317],[-127.257,51.31],[-127.274,51.31],[-127.292,51.305],[-127.326,51.3],[-127.342,51.305],[-127.341,51.315],[-127.348,51.327],[-127.344,51.332],[-127.316,51.337],[-127.282,51.335],[-127.262,51.34],[-127.237,51.337],[-127.206,51.346],[-127.179,51.345],[-127.185,51.351],[-127.198,51.35],[-127.238,51.34],[-127.269,51.342],[-127.311,51.339],[-127.326,51.341],[-127.346,51.338],[-127.353,51.33],[-127.351,51.316],[-127.357,51.309],[-127.372,51.307],[-127.397,51.313],[-127.427,51.313],[-127.44,51.317],[-127.474,51.313],[-127.494,51.315],[-127.506,51.321],[-127.531,51.323],[-127.514,51.335],[-127.525,51.342],[-127.467,51.353],[-127.44,51.367],[-127.462,51.367],[-127.474,51.371],[-127.504,51.36],[-127.514,51.353],[-127.531,51.348],[-127.563,51.342],[-127.578,51.342],[-127.591,51.339],[-127.618,51.34],[-127.633,51.334],[-127.653,51.333],[-127.662,51.34],[-127.689,51.337],[-127.699,51.326],[-127.748,51.319],[-127.77,51.327],[-127.783,51.339],[-127.792,51.357],[-127.781,51.368],[-127.768,51.366],[-127.755,51.37],[-127.737,51.386],[-127.738,51.393],[-127.72,51.401],[-127.702,51.397],[-127.689,51.4],[-127.655,51.395],[-127.634,51.423],[-127.634,51.43],[-127.622,51.438],[-127.598,51.449],[-127.596,51.456],[-127.584,51.467],[-127.566,51.473],[-127.553,51.471],[-127.53,51.449],[-127.516,51.448],[-127.468,51.438],[-127.47,51.427],[-127.485,51.412],[-127.529,51.406],[-127.53,51.401],[-127.509,51.401],[-127.49,51.406],[-127.471,51.406],[-127.467,51.416],[-127.439,51.438],[-127.414,51.435],[-127.404,51.438],[-127.367,51.432],[-127.332,51.431],[-127.315,51.425],[-127.315,51.406],[-127.301,51.414],[-127.304,51.43],[-127.318,51.442],[-127.381,51.44],[-127.395,51.445],[-127.424,51.442],[-127.434,51.447],[-127.482,51.445],[-127.517,51.452],[-127.536,51.459],[-127.536,51.475],[-127.544,51.479],[-127.555,51.473],[-127.563,51.478],[-127.563,51.5],[-127.553,51.506],[-127.537,51.507],[-127.521,51.513],[-127.513,51.556],[-127.52,51.568],[-127.521,51.579],[-127.511,51.594],[-127.513,51.604],[-127.505,51.623],[-127.492,51.627],[-127.474,51.624],[-127.441,51.64],[-127.416,51.635],[-127.392,51.644],[-127.384,51.656],[-127.366,51.657],[-127.35,51.652],[-127.326,51.666],[-127.306,51.667],[-127.266,51.667],[-127.256,51.677],[-127.262,51.685],[-127.302,51.687],[-127.335,51.693],[-127.341,51.701],[-127.336,51.709],[-127.353,51.718],[-127.36,51.7],[-127.357,51.693],[-127.363,51.683],[-127.375,51.679],[-127.394,51.682],[-127.423,51.671],[-127.425,51.66],[-127.435,51.657],[-127.452,51.671],[-127.435,51.697],[-127.435,51.71],[-127.445,51.725],[-127.449,51.753],[-127.438,51.766],[-127.418,51.762],[-127.394,51.767],[-127.381,51.778],[-127.379,51.792],[-127.384,51.8],[-127.371,51.811],[-127.353,51.837],[-127.356,51.847],[-127.352,51.867],[-127.363,51.867],[-127.365,51.85],[-127.372,51.835],[-127.391,51.81],[-127.401,51.794],[-127.4,51.782],[-127.413,51.771],[-127.429,51.769],[-127.447,51.784],[-127.457,51.765],[-127.463,51.749],[-127.463,51.732],[-127.455,51.715],[-127.455,51.698],[-127.488,51.696],[-127.508,51.703],[-127.526,51.706],[-127.545,51.702],[-127.561,51.712],[-127.575,51.706],[-127.618,51.711],[-127.628,51.707],[-127.653,51.708],[-127.657,51.705],[-127.603,51.698],[-127.576,51.697],[-127.551,51.682],[-127.531,51.692],[-127.513,51.692],[-127.484,51.685],[-127.458,51.687],[-127.469,51.667],[-127.468,51.66],[-127.485,51.646],[-127.507,51.646],[-127.534,51.641],[-127.548,51.656],[-127.548,51.638],[-127.556,51.628],[-127.56,51.608],[-127.573,51.595],[-127.585,51.576],[-127.595,51.566],[-127.624,51.55],[-127.639,51.529],[-127.662,51.517],[-127.673,51.518],[-127.681,51.527],[-127.683,51.536],[-127.696,51.537],[-127.715,51.53],[-127.73,51.522],[-127.744,51.527],[-127.756,51.54],[-127.771,51.538],[-127.77,51.523],[-127.78,51.519],[-127.782,51.531],[-127.798,51.538],[-127.787,51.556],[-127.795,51.561],[-127.8,51.581],[-127.788,51.588],[-127.796,51.596],[-127.784,51.605],[-127.765,51.6],[-127.756,51.592],[-127.746,51.606],[-127.702,51.606],[-127.678,51.604],[-127.692,51.621],[-127.714,51.616],[-127.717,51.627],[-127.716,51.651],[-127.722,51.65],[-127.744,51.629],[-127.761,51.646],[-127.776,51.632],[-127.792,51.641],[-127.792,51.623],[-127.807,51.623],[-127.818,51.63],[-127.825,51.644],[-127.85,51.646],[-127.877,51.67],[-127.878,51.68],[-127.891,51.715],[-127.884,51.724],[-127.889,51.73],[-127.877,51.748],[-127.873,51.763],[-127.881,51.769],[-127.882,51.782],[-127.893,51.797],[-127.897,51.816],[-127.892,51.827],[-127.88,51.833],[-127.868,51.845],[-127.881,51.853],[-127.863,51.866],[-127.872,51.869],[-127.868,51.879],[-127.886,51.884],[-127.877,51.902],[-127.861,51.906],[-127.838,51.9],[-127.843,51.911],[-127.823,51.927],[-127.802,51.937],[-127.779,51.936],[-127.757,51.944],[-127.747,51.951],[-127.729,51.95],[-127.704,51.941],[-127.69,51.951],[-127.668,51.951],[-127.672,51.968],[-127.662,51.974],[-127.653,51.989],[-127.651,52.006],[-127.635,52.013],[-127.631,52.026],[-127.651,52.025],[-127.655,52.03],[-127.649,52.039],[-127.642,52.061],[-127.628,52.074],[-127.625,52.086],[-127.613,52.096],[-127.613,52.11],[-127.607,52.122],[-127.588,52.125],[-127.57,52.122],[-127.555,52.125],[-127.544,52.131],[-127.529,52.147],[-127.527,52.158],[-127.51,52.154],[-127.491,52.157],[-127.475,52.147],[-127.463,52.127],[-127.469,52.122],[-127.466,52.109],[-127.474,52.1],[-127.497,52.1],[-127.5,52.097],[-127.523,52.103],[-127.532,52.101],[-127.555,52.105],[-127.58,52.099],[-127.586,52.088],[-127.604,52.063],[-127.603,52.05],[-127.616,52.037],[-127.585,52.046],[-127.581,52.061],[-127.568,52.072],[-127.564,52.081],[-127.554,52.09],[-127.544,52.091],[-127.51,52.082],[-127.484,52.084],[-127.467,52.077],[-127.457,52.08],[-127.435,52.096],[-127.432,52.107],[-127.414,52.105],[-127.401,52.1],[-127.384,52.104],[-127.385,52.111],[-127.406,52.109],[-127.423,52.117],[-127.432,52.116],[-127.436,52.137],[-127.446,52.146],[-127.454,52.16],[-127.458,52.177],[-127.473,52.187],[-127.462,52.191],[-127.442,52.187],[-127.426,52.189],[-127.399,52.205],[-127.399,52.217],[-127.371,52.226],[-127.35,52.227],[-127.339,52.233],[-127.327,52.23],[-127.316,52.234],[-127.297,52.232],[-127.285,52.242],[-127.263,52.253],[-127.258,52.261],[-127.241,52.262],[-127.213,52.277],[-127.205,52.293],[-127.181,52.293],[-127.177,52.309],[-127.165,52.309],[-127.153,52.317],[-127.13,52.31],[-127.117,52.312],[-127.082,52.298],[-127.063,52.305],[-127.032,52.311],[-127.02,52.302],[-127.006,52.301],[-126.991,52.29],[-126.969,52.269],[-126.958,52.263],[-126.937,52.226],[-126.942,52.214],[-126.927,52.189],[-126.891,52.17],[-126.874,52.165],[-126.852,52.152],[-126.838,52.149],[-126.831,52.141],[-126.812,52.13],[-126.797,52.111],[-126.785,52.105],[-126.759,52.085],[-126.734,52.056],[-126.697,52.026],[-126.693,52.011],[-126.702,51.999],[-126.689,51.996],[-126.695,51.985],[-126.686,51.98],[-126.682,51.964],[-126.669,51.963],[-126.67,51.982],[-126.681,51.996],[-126.672,52.005],[-126.682,52.009],[-126.687,52.019],[-126.674,52.031],[-126.673,52.043],[-126.694,52.06],[-126.707,52.066],[-126.72,52.075],[-126.751,52.114],[-126.783,52.131],[-126.798,52.15],[-126.815,52.161],[-126.845,52.168],[-126.845,52.174],[-126.901,52.197],[-126.913,52.213],[-126.92,52.241],[-126.916,52.253],[-126.938,52.275],[-126.95,52.297],[-126.961,52.304],[-126.965,52.312],[-126.947,52.317],[-126.935,52.329],[-126.935,52.342],[-126.928,52.349],[-126.917,52.343],[-126.892,52.347],[-126.882,52.362],[-126.853,52.366],[-126.841,52.37],[-126.809,52.372],[-126.802,52.376],[-126.786,52.373],[-126.774,52.393],[-126.797,52.4],[-126.834,52.389],[-126.853,52.387],[-126.872,52.38],[-126.88,52.381],[-126.894,52.374],[-126.908,52.371],[-126.92,52.365],[-126.928,52.369],[-126.962,52.364],[-126.971,52.346],[-126.981,52.335],[-126.995,52.331],[-127.015,52.336],[-127.04,52.339],[-127.053,52.334],[-127.067,52.336],[-127.078,52.333],[-127.116,52.337],[-127.164,52.343],[-127.168,52.356],[-127.182,52.374],[-127.192,52.382],[-127.216,52.385],[-127.211,52.394],[-127.191,52.405],[-127.188,52.418],[-127.192,52.43],[-127.201,52.438],[-127.218,52.445],[-127.232,52.446],[-127.234,52.456],[-127.218,52.476],[-127.22,52.487],[-127.229,52.495],[-127.238,52.514],[-127.235,52.526],[-127.227,52.537],[-127.204,52.537],[-127.192,52.542],[-127.189,52.555],[-127.173,52.561],[-127.157,52.572],[-127.117,52.578],[-127.106,52.586],[-127.105,52.6],[-127.1,52.606],[-127.074,52.617],[-127.038,52.628],[-127.031,52.626],[-127.002,52.626],[-126.987,52.629],[-126.977,52.643],[-126.974,52.659],[-126.976,52.678],[-126.96,52.686],[-126.945,52.699],[-126.931,52.701],[-126.919,52.711],[-126.916,52.722],[-126.922,52.728],[-126.942,52.737],[-126.958,52.767],[-126.952,52.772],[-126.956,52.781],[-126.948,52.79],[-126.954,52.804],[-126.974,52.806],[-126.982,52.815],[-126.965,52.829],[-126.966,52.839],[-126.979,52.842],[-127.009,52.838],[-127.038,52.863],[-127.05,52.867],[-127.074,52.883],[-127.086,52.877],[-127.075,52.865],[-127.055,52.854],[-127.044,52.845],[-127.029,52.837],[-126.997,52.814],[-126.992,52.791],[-126.995,52.777],[-127.002,52.764],[-126.987,52.745],[-126.977,52.738],[-126.968,52.717],[-126.984,52.705],[-126.986,52.698],[-127.009,52.684],[-127.01,52.668],[-127.019,52.67],[-127.032,52.665],[-127.038,52.643],[-127.079,52.635],[-127.102,52.627],[-127.117,52.617],[-127.125,52.602],[-127.134,52.594],[-127.147,52.595],[-127.17,52.605],[-127.172,52.599],[-127.163,52.589],[-127.183,52.577],[-127.215,52.568],[-127.225,52.555],[-127.237,52.552],[-127.256,52.543],[-127.267,52.517],[-127.267,52.498],[-127.262,52.473],[-127.272,52.463],[-127.296,52.453],[-127.307,52.454],[-127.317,52.443],[-127.323,52.432],[-127.346,52.417],[-127.375,52.424],[-127.409,52.418],[-127.428,52.427],[-127.44,52.44],[-127.471,52.467],[-127.49,52.475],[-127.498,52.489],[-127.536,52.521],[-127.543,52.531],[-127.568,52.545],[-127.58,52.56],[-127.602,52.577],[-127.605,52.589],[-127.621,52.609],[-127.633,52.607],[-127.624,52.592],[-127.618,52.588],[-127.617,52.576],[-127.602,52.559],[-127.575,52.54],[-127.545,52.512],[-127.511,52.484],[-127.505,52.472],[-127.486,52.451],[-127.479,52.449],[-127.451,52.424],[-127.433,52.418],[-127.434,52.413],[-127.454,52.407],[-127.471,52.378],[-127.482,52.376],[-127.492,52.384],[-127.522,52.394],[-127.532,52.391],[-127.498,52.382],[-127.481,52.364],[-127.476,52.353],[-127.489,52.338],[-127.505,52.334],[-127.538,52.331],[-127.54,52.327],[-127.56,52.322],[-127.572,52.316],[-127.582,52.32],[-127.6,52.32],[-127.606,52.315],[-127.604,52.302],[-127.608,52.291],[-127.635,52.283],[-127.647,52.291],[-127.671,52.294],[-127.717,52.272],[-127.75,52.27],[-127.762,52.275],[-127.748,52.298],[-127.752,52.313],[-127.732,52.329],[-127.734,52.339],[-127.716,52.35],[-127.695,52.346],[-127.692,52.352],[-127.721,52.36],[-127.737,52.349],[-127.762,52.318],[-127.761,52.303],[-127.786,52.274],[-127.785,52.268],[-127.819,52.25],[-127.821,52.242],[-127.833,52.235],[-127.841,52.222],[-127.854,52.207],[-127.868,52.204],[-127.876,52.198],[-127.888,52.204],[-127.888,52.211],[-127.899,52.225],[-127.895,52.231],[-127.901,52.248],[-127.901,52.259],[-127.908,52.27],[-127.925,52.28],[-127.931,52.295],[-127.928,52.309],[-127.932,52.317],[-127.923,52.338],[-127.925,52.35],[-127.906,52.356],[-127.888,52.356],[-127.865,52.363],[-127.848,52.352],[-127.856,52.374],[-127.858,52.389],[-127.869,52.39],[-127.882,52.409],[-127.895,52.413],[-127.926,52.431],[-127.928,52.444],[-127.903,52.453],[-127.887,52.464],[-127.89,52.483],[-127.874,52.491],[-127.846,52.491],[-127.847,52.485],[-127.836,52.476],[-127.811,52.472],[-127.812,52.457],[-127.807,52.453],[-127.784,52.449],[-127.761,52.459],[-127.744,52.463],[-127.729,52.452],[-127.723,52.46],[-127.747,52.472],[-127.769,52.464],[-127.781,52.456],[-127.792,52.456],[-127.802,52.466],[-127.801,52.473],[-127.806,52.483],[-127.829,52.488],[-127.838,52.498],[-127.83,52.512],[-127.838,52.513],[-127.847,52.505],[-127.859,52.5],[-127.893,52.501],[-127.905,52.486],[-127.905,52.468],[-127.926,52.451],[-127.939,52.461],[-127.946,52.445],[-127.935,52.423],[-127.923,52.412],[-127.899,52.395],[-127.883,52.372],[-127.945,52.356],[-127.942,52.33],[-127.957,52.318],[-127.981,52.315],[-127.991,52.323],[-128.008,52.318],[-128.007,52.339],[-127.998,52.355],[-128.008,52.375],[-127.992,52.381],[-127.986,52.394],[-127.983,52.425],[-127.987,52.434],[-127.976,52.45],[-127.975,52.462],[-127.955,52.476],[-127.987,52.467],[-127.992,52.455],[-128.002,52.447],[-127.995,52.427],[-127.999,52.419],[-127.994,52.401],[-128.011,52.39],[-128.004,52.385],[-128.02,52.371],[-128.01,52.357],[-128.016,52.349],[-128.018,52.32],[-128.035,52.329],[-128.055,52.366],[-128.059,52.383],[-128.071,52.398],[-128.069,52.404],[-128.079,52.419],[-128.081,52.45],[-128.075,52.459],[-128.057,52.461],[-128.04,52.466],[-128.036,52.476],[-128.044,52.483],[-128.031,52.501],[-128.021,52.499],[-128.005,52.512],[-127.979,52.518],[-127.991,52.523],[-128.004,52.517],[-128.014,52.518],[-128.014,52.529],[-128.029,52.535],[-128.038,52.531],[-128.033,52.519],[-128.05,52.519],[-128.067,52.511],[-128.085,52.529],[-128.098,52.55],[-128.097,52.586],[-128.091,52.593],[-128.072,52.6],[-128.064,52.606],[-128.048,52.608],[-128.039,52.613],[-128.025,52.63],[-128.044,52.635],[-128.043,52.647],[-128.053,52.649],[-128.048,52.628],[-128.07,52.615],[-128.087,52.599],[-128.108,52.601],[-128.113,52.596],[-128.112,52.566],[-128.109,52.559],[-128.112,52.546],[-128.099,52.536],[-128.091,52.521],[-128.106,52.511],[-128.096,52.497],[-128.108,52.488],[-128.104,52.475],[-128.14,52.441],[-128.191,52.458],[-128.196,52.455],[-128.169,52.442],[-128.15,52.431],[-128.148,52.423],[-128.152,52.409],[-128.17,52.398],[-128.177,52.383],[-128.189,52.367],[-128.204,52.365],[-128.206,52.371],[-128.229,52.38],[-128.221,52.361],[-128.208,52.367],[-128.203,52.359],[-128.205,52.351],[-128.224,52.335],[-128.236,52.318],[-128.234,52.314],[-128.255,52.294],[-128.26,52.293],[-128.279,52.267],[-128.29,52.258],[-128.308,52.258],[-128.327,52.269],[-128.358,52.266],[-128.359,52.286],[-128.37,52.293],[-128.354,52.316],[-128.325,52.337],[-128.334,52.344],[-128.338,52.357],[-128.332,52.365],[-128.339,52.372],[-128.319,52.386],[-128.311,52.399],[-128.276,52.406],[-128.253,52.408],[-128.245,52.427],[-128.228,52.449],[-128.228,52.462],[-128.212,52.481],[-128.197,52.484],[-128.176,52.485],[-128.185,52.494],[-128.182,52.504],[-128.197,52.513],[-128.206,52.524],[-128.185,52.531],[-128.19,52.538],[-128.188,52.552],[-128.174,52.558],[-128.183,52.566],[-128.177,52.576],[-128.195,52.578],[-128.177,52.6],[-128.19,52.607],[-128.164,52.616],[-128.157,52.621],[-128.145,52.619],[-128.136,52.612],[-128.117,52.613],[-128.109,52.624],[-128.101,52.645],[-128.14,52.647],[-128.144,52.658],[-128.154,52.664],[-128.149,52.675],[-128.134,52.684],[-128.116,52.684],[-128.116,52.677],[-128.096,52.681],[-128.065,52.697],[-128.063,52.709],[-128.049,52.714],[-128.005,52.712],[-127.982,52.714],[-127.963,52.71],[-127.948,52.721],[-127.922,52.721],[-127.924,52.697],[-127.916,52.683],[-127.917,52.672],[-127.9,52.673],[-127.885,52.683],[-127.87,52.684],[-127.846,52.676],[-127.849,52.661],[-127.829,52.666],[-127.799,52.662],[-127.789,52.667],[-127.779,52.678],[-127.792,52.693],[-127.779,52.702],[-127.753,52.71],[-127.745,52.718],[-127.72,52.718],[-127.716,52.749],[-127.711,52.758],[-127.72,52.763],[-127.73,52.775],[-127.714,52.78],[-127.702,52.776],[-127.692,52.789],[-127.677,52.79],[-127.666,52.785],[-127.634,52.779],[-127.607,52.781],[-127.599,52.76],[-127.618,52.745],[-127.623,52.733],[-127.596,52.727],[-127.577,52.717],[-127.579,52.706],[-127.57,52.701],[-127.563,52.69],[-127.546,52.696],[-127.536,52.691],[-127.515,52.696],[-127.503,52.692],[-127.506,52.681],[-127.489,52.686],[-127.468,52.685],[-127.472,52.697],[-127.466,52.709],[-127.417,52.726],[-127.412,52.732],[-127.395,52.733],[-127.386,52.747],[-127.371,52.749],[-127.364,52.756],[-127.38,52.765],[-127.38,52.777],[-127.374,52.787],[-127.352,52.807],[-127.341,52.798],[-127.312,52.798],[-127.29,52.817],[-127.27,52.811],[-127.255,52.817],[-127.226,52.819],[-127.218,52.825],[-127.224,52.838],[-127.215,52.854],[-127.245,52.86],[-127.266,52.878],[-127.28,52.883],[-127.273,52.895],[-127.3,52.904],[-127.276,52.945],[-127.229,52.959],[-127.249,52.967],[-127.262,52.987],[-127.248,52.993],[-127.24,53.006],[-127.242,53.022],[-127.253,53.041],[-127.273,53.056],[-127.289,53.071],[-127.307,53.074],[-127.318,53.068],[-127.356,53.083],[-127.419,53.08],[-127.442,53.084],[-127.452,53.101],[-127.44,53.116],[-127.448,53.123],[-127.464,53.12],[-127.475,53.123],[-127.477,53.142],[-127.459,53.143],[-127.44,53.16],[-127.411,53.159],[-127.402,53.169],[-127.409,53.174],[-127.405,53.184],[-127.396,53.186],[-127.383,53.178],[-127.357,53.176],[-127.354,53.189],[-127.364,53.202],[-127.362,53.219],[-127.352,53.225],[-127.33,53.225],[-127.318,53.205],[-127.299,53.216],[-127.29,53.228],[-127.282,53.249],[-127.284,53.272],[-127.265,53.277],[-127.254,53.273],[-127.253,53.262],[-127.242,53.254],[-127.225,53.248],[-127.216,53.251],[-127.202,53.247],[-127.189,53.263],[-127.167,53.273],[-127.153,53.271],[-127.138,53.256],[-127.133,53.24],[-127.114,53.238],[-127.096,53.243],[-127.077,53.24],[-127.075,53.257],[-127.069,53.26],[-127.075,53.278],[-127.06,53.294],[-127.039,53.297],[-127.019,53.304],[-127.004,53.304],[-127,53.292],[-126.989,53.29],[-126.978,53.262],[-127.003,53.254],[-127.001,53.241],[-127.005,53.236],[-127.027,53.232],[-127.035,53.226],[-127.037,53.207],[-127.045,53.198],[-127.026,53.198],[-127.016,53.188],[-127.015,53.172],[-126.993,53.151],[-126.994,53.136],[-127.004,53.127],[-127.031,53.114],[-127.009,53.084],[-127.018,53.079],[-127.001,53.065],[-126.967,53.079],[-126.948,53.092],[-126.941,53.085],[-126.902,53.082],[-126.888,53.083],[-126.876,53.088],[-126.865,53.109],[-126.84,53.106],[-126.811,53.084],[-126.812,53.077],[-126.795,53.066],[-126.79,53.051],[-126.797,53.034],[-126.79,53.02],[-126.791,53.002],[-126.775,53.006],[-126.755,52.995],[-126.72,52.992],[-126.711,52.988],[-126.688,52.995],[-126.688,53.004],[-126.672,53.016],[-126.672,53.023],[-126.648,53.03],[-126.635,53.012],[-126.623,53],[-126.395,53],[-126.182,53],[-125.847,53],[-125.647,53],[-125.454,53],[-125.275,53],[-125,53]]],[[[-123.725,50.831],[-123.725,50.813],[-123.72,50.801],[-123.707,50.792],[-123.696,50.792],[-123.689,50.8],[-123.675,50.801],[-123.63,50.793],[-123.607,50.777],[-123.563,50.798],[-123.544,50.801],[-123.525,50.798],[-123.503,50.78],[-123.47,50.794],[-123.454,50.798],[-123.439,50.797],[-123.408,50.781],[-123.382,50.79],[-123.37,50.796],[-123.361,50.792],[-123.358,50.761],[-123.338,50.75],[-123.321,50.731],[-123.308,50.73],[-123.291,50.733],[-123.275,50.733],[-123.236,50.723],[-123.22,50.711],[-123.2,50.688],[-123.198,50.675],[-123.181,50.657],[-123.157,50.653],[-123.167,50.643],[-123.164,50.635],[-123.133,50.633],[-123.122,50.629],[-123.104,50.617],[-123.095,50.605],[-123.081,50.594],[-123.061,50.583],[-123.045,50.577],[-123.032,50.584],[-123.044,50.595],[-123.039,50.601],[-123.019,50.601],[-123.004,50.591],[-122.991,50.576],[-122.979,50.569],[-122.957,50.549],[-122.941,50.553],[-122.942,50.562],[-122.931,50.585],[-122.928,50.601],[-122.907,50.604],[-122.889,50.614],[-122.872,50.615],[-122.861,50.619],[-122.833,50.646],[-122.801,50.646],[-122.778,50.655],[-122.78,50.665],[-122.754,50.657],[-122.752,50.654],[-122.729,50.656],[-122.704,50.644],[-122.678,50.652],[-122.659,50.651],[-122.629,50.653],[-122.619,50.639],[-122.609,50.634],[-122.613,50.616],[-122.61,50.6],[-122.585,50.593],[-122.55,50.58],[-122.537,50.58],[-122.504,50.567],[-122.478,50.567],[-122.478,50.578],[-122.467,50.578],[-122.467,50.591],[-122.458,50.602],[-122.45,50.602],[-122.448,50.619],[-122.431,50.616],[-122.429,50.602],[-122.409,50.591],[-122.427,50.574],[-122.446,50.564],[-122.45,50.558],[-122.419,50.553],[-122.407,50.546],[-122.361,50.524],[-122.338,50.521],[-122.324,50.508],[-122.315,50.508],[-122.312,50.495],[-122.29,50.481],[-122.287,50.475],[-122.304,50.463],[-122.306,50.455],[-122.303,50.441],[-122.304,50.431],[-122.315,50.424],[-122.336,50.416],[-122.371,50.411],[-122.397,50.411],[-122.414,50.399],[-122.446,50.43],[-122.485,50.443],[-122.505,50.441],[-122.494,50.426],[-122.505,50.417],[-122.517,50.42],[-122.525,50.415],[-122.523,50.4],[-122.528,50.39],[-122.517,50.388],[-122.499,50.393],[-122.487,50.391],[-122.477,50.383],[-122.471,50.359],[-122.439,50.335],[-122.408,50.333],[-122.385,50.319],[-122.366,50.312],[-122.358,50.287],[-122.371,50.271],[-122.374,50.262],[-122.347,50.251],[-122.358,50.235],[-122.353,50.231],[-122.315,50.229],[-122.303,50.23],[-122.288,50.224],[-122.274,50.224],[-122.279,50.214],[-122.277,50.206],[-122.296,50.202],[-122.303,50.193],[-122.318,50.187],[-122.317,50.178],[-122.299,50.171],[-122.293,50.158],[-122.274,50.147],[-122.278,50.138],[-122.26,50.123],[-122.258,50.123],[-122.574,50.124],[-122.583,50.124],[-122.639,50.124],[-122.657,50.132],[-122.667,50.148],[-122.689,50.144],[-122.718,50.148],[-122.743,50.146],[-122.743,50.14],[-122.76,50.137],[-122.767,50.14],[-122.79,50.141],[-122.795,50.134],[-122.783,50.123],[-122.783,50.116],[-122.799,50.095],[-122.805,50.094],[-122.801,50.074],[-122.8,50.057],[-122.786,50.049],[-122.792,50.041],[-122.764,50.034],[-122.764,50.024],[-122.742,50.017],[-122.72,50.024],[-122.705,50.02],[-122.682,50.024],[-122.68,50.009],[-122.688,50.003],[-122.686,49.995],[-122.673,49.98],[-122.707,49.961],[-122.714,49.95],[-122.73,49.954],[-122.755,49.945],[-122.769,49.945],[-122.768,49.938],[-122.775,49.929],[-122.792,49.931],[-122.802,49.918],[-122.814,49.916],[-122.856,49.919],[-122.864,49.906],[-122.882,49.894],[-122.901,49.897],[-122.908,49.91],[-122.93,49.917],[-122.95,49.908],[-122.952,49.902],[-122.964,49.899],[-122.968,49.885],[-122.977,49.88],[-122.989,49.883],[-122.989,49.867],[-123.006,49.85],[-123.008,49.842],[-122.99,49.833],[-122.976,49.836],[-122.954,49.834],[-122.937,49.83],[-122.916,49.831],[-122.901,49.823],[-122.881,49.827],[-122.871,49.823],[-122.874,49.815],[-122.87,49.787],[-122.851,49.775],[-122.859,49.769],[-122.859,49.759],[-122.844,49.747],[-122.852,49.744],[-122.829,49.728],[-122.823,49.715],[-122.806,49.709],[-122.815,49.697],[-122.812,49.691],[-122.841,49.679],[-122.853,49.666],[-122.831,49.658],[-122.821,49.646],[-122.825,49.641],[-122.819,49.629],[-122.804,49.622],[-122.821,49.612],[-122.846,49.614],[-122.847,49.607],[-122.825,49.596],[-122.83,49.591],[-122.804,49.57],[-122.94,49.57],[-122.939,49.565],[-122.922,49.553],[-122.912,49.542],[-122.897,49.516],[-122.903,49.51],[-122.893,49.501],[-122.892,49.492],[-122.884,49.488],[-122.883,49.471],[-122.887,49.458],[-122.877,49.447],[-122.873,49.432],[-122.875,49.422],[-122.885,49.41],[-122.887,49.397],[-122.88,49.381],[-122.892,49.375],[-122.894,49.36],[-122.906,49.356],[-122.91,49.349],[-122.948,49.326],[-122.937,49.322],[-122.949,49.314],[-122.949,49.305],[-122.956,49.301],[-122.986,49.308],[-123.013,49.298],[-123.039,49.298],[-123.056,49.305],[-123.07,49.305],[-123.087,49.312],[-123.102,49.313],[-123.115,49.309],[-123.148,49.322],[-123.154,49.327],[-123.171,49.328],[-123.177,49.332],[-123.206,49.34],[-123.219,49.338],[-123.228,49.341],[-123.245,49.341],[-123.265,49.33],[-123.27,49.34],[-123.269,49.354],[-123.282,49.358],[-123.288,49.375],[-123.267,49.381],[-123.245,49.403],[-123.234,49.418],[-123.233,49.425],[-123.239,49.439],[-123.241,49.469],[-123.25,49.489],[-123.249,49.502],[-123.261,49.508],[-123.263,49.519],[-123.252,49.538],[-123.237,49.557],[-123.222,49.589],[-123.225,49.594],[-123.217,49.611],[-123.206,49.62],[-123.208,49.629],[-123.225,49.647],[-123.212,49.658],[-123.19,49.657],[-123.169,49.666],[-123.157,49.68],[-123.183,49.685],[-123.219,49.677],[-123.25,49.667],[-123.259,49.66],[-123.259,49.637],[-123.253,49.63],[-123.249,49.611],[-123.256,49.61],[-123.265,49.589],[-123.279,49.582],[-123.309,49.584],[-123.324,49.58],[-123.333,49.572],[-123.346,49.569],[-123.351,49.556],[-123.358,49.554],[-123.392,49.561],[-123.402,49.553],[-123.414,49.55],[-123.429,49.543],[-123.446,49.54],[-123.478,49.528],[-123.482,49.521],[-123.492,49.519],[-123.496,49.501],[-123.471,49.487],[-123.483,49.481],[-123.487,49.474],[-123.468,49.449],[-123.479,49.428],[-123.482,49.416],[-123.495,49.412],[-123.504,49.402],[-123.5,49.394],[-123.514,49.388],[-123.538,49.384],[-123.558,49.391],[-123.569,49.402],[-123.585,49.403],[-123.602,49.41],[-123.635,49.419],[-123.645,49.419],[-123.666,49.429],[-123.684,49.436],[-123.713,49.436],[-123.723,49.438],[-123.743,49.464],[-123.743,49.469],[-123.773,49.47],[-123.789,49.466],[-123.817,49.467],[-123.841,49.472],[-123.871,49.468],[-123.902,49.48],[-123.912,49.499],[-123.908,49.508],[-123.925,49.513],[-123.951,49.504],[-123.966,49.513],[-123.958,49.532],[-123.967,49.538],[-123.978,49.537],[-124.002,49.555],[-124.002,49.566],[-124.016,49.586],[-124.029,49.617],[-124.03,49.628],[-124.039,49.633],[-124.057,49.631],[-124.062,49.638],[-124.075,49.642],[-124.07,49.65],[-124.074,49.662],[-124.066,49.669],[-124.064,49.689],[-124.067,49.694],[-124.047,49.711],[-124.045,49.718],[-124.036,49.723],[-124.037,49.737],[-124.033,49.742],[-123.99,49.758],[-123.972,49.767],[-123.949,49.762],[-123.93,49.754],[-123.894,49.734],[-123.887,49.726],[-123.89,49.72],[-123.89,49.7],[-123.864,49.676],[-123.862,49.659],[-123.857,49.647],[-123.848,49.639],[-123.842,49.62],[-123.828,49.603],[-123.815,49.594],[-123.818,49.588],[-123.81,49.575],[-123.809,49.565],[-123.794,49.547],[-123.8,49.541],[-123.793,49.534],[-123.799,49.519],[-123.793,49.508],[-123.785,49.508],[-123.765,49.493],[-123.767,49.485],[-123.756,49.481],[-123.747,49.503],[-123.777,49.52],[-123.764,49.535],[-123.763,49.551],[-123.784,49.569],[-123.783,49.589],[-123.788,49.603],[-123.773,49.607],[-123.76,49.618],[-123.736,49.623],[-123.724,49.629],[-123.719,49.637],[-123.688,49.641],[-123.668,49.637],[-123.646,49.643],[-123.631,49.654],[-123.618,49.654],[-123.591,49.661],[-123.587,49.667],[-123.561,49.673],[-123.545,49.682],[-123.543,49.688],[-123.528,49.699],[-123.533,49.704],[-123.548,49.696],[-123.559,49.683],[-123.575,49.678],[-123.591,49.677],[-123.613,49.67],[-123.63,49.662],[-123.651,49.664],[-123.664,49.649],[-123.687,49.653],[-123.717,49.648],[-123.729,49.649],[-123.751,49.641],[-123.771,49.641],[-123.806,49.63],[-123.825,49.635],[-123.84,49.659],[-123.83,49.664],[-123.823,49.676],[-123.801,49.682],[-123.793,49.687],[-123.774,49.712],[-123.761,49.713],[-123.742,49.721],[-123.728,49.735],[-123.717,49.762],[-123.716,49.771],[-123.728,49.772],[-123.728,49.761],[-123.737,49.747],[-123.737,49.739],[-123.751,49.724],[-123.79,49.71],[-123.804,49.694],[-123.841,49.686],[-123.859,49.709],[-123.864,49.711],[-123.868,49.726],[-123.888,49.735],[-123.893,49.749],[-123.917,49.757],[-123.936,49.766],[-123.947,49.776],[-123.92,49.785],[-123.923,49.799],[-123.913,49.801],[-123.896,49.813],[-123.889,49.827],[-123.873,49.846],[-123.879,49.858],[-123.868,49.88],[-123.881,49.896],[-123.885,49.908],[-123.867,49.916],[-123.875,49.925],[-123.902,49.915],[-123.925,49.917],[-123.937,49.921],[-123.961,49.939],[-123.976,49.961],[-123.974,49.981],[-123.956,49.998],[-123.907,50.004],[-123.898,50.013],[-123.865,50.029],[-123.842,50.034],[-123.824,50.034],[-123.79,50.046],[-123.784,50.053],[-123.793,50.059],[-123.787,50.068],[-123.768,50.076],[-123.755,50.085],[-123.743,50.087],[-123.747,50.097],[-123.763,50.101],[-123.764,50.106],[-123.794,50.117],[-123.8,50.131],[-123.813,50.142],[-123.827,50.148],[-123.851,50.163],[-123.828,50.175],[-123.82,50.174],[-123.789,50.182],[-123.77,50.191],[-123.765,50.201],[-123.77,50.206],[-123.785,50.194],[-123.8,50.187],[-123.807,50.19],[-123.821,50.185],[-123.825,50.179],[-123.837,50.179],[-123.856,50.162],[-123.873,50.169],[-123.903,50.178],[-123.941,50.191],[-123.956,50.198],[-123.979,50.214],[-123.988,50.207],[-123.978,50.198],[-123.979,50.192],[-123.967,50.183],[-123.952,50.178],[-123.948,50.173],[-123.92,50.158],[-123.88,50.147],[-123.852,50.134],[-123.853,50.13],[-123.832,50.104],[-123.818,50.102],[-123.803,50.092],[-123.822,50.08],[-123.848,50.057],[-123.905,50.032],[-123.923,50.027],[-123.937,50.019],[-123.961,50.021],[-123.975,50.017],[-123.99,50.002],[-124.008,49.998],[-124.01,49.968],[-123.987,49.942],[-123.979,49.921],[-123.961,49.905],[-123.94,49.899],[-123.911,49.887],[-123.904,49.879],[-123.912,49.868],[-123.92,49.849],[-123.931,49.838],[-123.946,49.838],[-123.96,49.827],[-123.966,49.815],[-123.959,49.808],[-123.969,49.805],[-124,49.812],[-124.005,49.817],[-124.004,49.833],[-123.996,49.842],[-124.016,49.87],[-124.033,49.875],[-124.031,49.893],[-124.019,49.907],[-124.02,49.917],[-124.033,49.917],[-124.05,49.909],[-124.051,49.9],[-124.065,49.883],[-124.067,49.875],[-124.077,49.866],[-124.064,49.86],[-124.048,49.841],[-124.066,49.834],[-124.085,49.843],[-124.091,49.838],[-124.096,49.812],[-124.081,49.802],[-124.102,49.798],[-124.13,49.782],[-124.17,49.779],[-124.18,49.781],[-124.206,49.776],[-124.216,49.782],[-124.28,49.773],[-124.26,49.75],[-124.276,49.743],[-124.287,49.757],[-124.297,49.763],[-124.331,49.772],[-124.346,49.772],[-124.352,49.777],[-124.383,49.773],[-124.397,49.766],[-124.42,49.769],[-124.45,49.778],[-124.472,49.795],[-124.498,49.796],[-124.527,49.804],[-124.525,49.822],[-124.53,49.846],[-124.549,49.861],[-124.556,49.872],[-124.578,49.879],[-124.592,49.889],[-124.608,49.896],[-124.619,49.895],[-124.633,49.91],[-124.65,49.917],[-124.691,49.936],[-124.7,49.937],[-124.723,49.95],[-124.73,49.957],[-124.752,49.963],[-124.76,49.97],[-124.763,49.983],[-124.774,49.985],[-124.791,50.003],[-124.803,50.008],[-124.822,50.029],[-124.818,50.036],[-124.838,50.052],[-124.83,50.065],[-124.809,50.064],[-124.802,50.057],[-124.771,50.04],[-124.755,50.028],[-124.737,50.027],[-124.724,50.016],[-124.719,49.995],[-124.702,49.986],[-124.685,49.967],[-124.679,49.974],[-124.689,49.988],[-124.706,49.999],[-124.705,50.007],[-124.719,50.031],[-124.708,50.044],[-124.71,50.054],[-124.692,50.065],[-124.677,50.069],[-124.654,50.08],[-124.664,50.083],[-124.695,50.067],[-124.711,50.083],[-124.724,50.082],[-124.718,50.073],[-124.725,50.058],[-124.725,50.043],[-124.744,50.037],[-124.756,50.049],[-124.763,50.042],[-124.775,50.051],[-124.776,50.058],[-124.792,50.061],[-124.806,50.073],[-124.8,50.077],[-124.783,50.068],[-124.768,50.076],[-124.745,50.086],[-124.725,50.088],[-124.701,50.099],[-124.708,50.104],[-124.696,50.121],[-124.707,50.128],[-124.711,50.117],[-124.729,50.12],[-124.724,50.128],[-124.701,50.138],[-124.679,50.141],[-124.667,50.146],[-124.659,50.155],[-124.644,50.155],[-124.632,50.161],[-124.625,50.174],[-124.608,50.193],[-124.606,50.202],[-124.616,50.203],[-124.614,50.235],[-124.596,50.235],[-124.591,50.247],[-124.616,50.258],[-124.624,50.267],[-124.622,50.276],[-124.633,50.285],[-124.633,50.293],[-124.665,50.307],[-124.666,50.317],[-124.685,50.313],[-124.709,50.321],[-124.734,50.323],[-124.697,50.341],[-124.676,50.369],[-124.667,50.39],[-124.644,50.403],[-124.636,50.4],[-124.586,50.398],[-124.561,50.4],[-124.546,50.396],[-124.522,50.398],[-124.508,50.417],[-124.499,50.423],[-124.478,50.423],[-124.446,50.431],[-124.439,50.439],[-124.418,50.438],[-124.403,50.448],[-124.38,50.459],[-124.382,50.471],[-124.373,50.482],[-124.364,50.485],[-124.373,50.494],[-124.385,50.494],[-124.392,50.49],[-124.412,50.467],[-124.43,50.46],[-124.463,50.454],[-124.494,50.443],[-124.529,50.436],[-124.542,50.422],[-124.556,50.42],[-124.58,50.42],[-124.581,50.457],[-124.567,50.464],[-124.562,50.476],[-124.549,50.484],[-124.528,50.482],[-124.515,50.486],[-124.518,50.494],[-124.517,50.512],[-124.519,50.523],[-124.53,50.526],[-124.536,50.538],[-124.554,50.54],[-124.561,50.559],[-124.581,50.571],[-124.579,50.577],[-124.587,50.591],[-124.568,50.604],[-124.572,50.614],[-124.583,50.622],[-124.58,50.63],[-124.603,50.638],[-124.6,50.652],[-124.603,50.661],[-124.591,50.663],[-124.58,50.66],[-124.56,50.667],[-124.558,50.671],[-124.538,50.675],[-124.524,50.69],[-124.5,50.698],[-124.494,50.683],[-124.496,50.674],[-124.476,50.661],[-124.447,50.672],[-124.443,50.682],[-124.417,50.699],[-124.416,50.706],[-124.404,50.716],[-124.384,50.72],[-124.369,50.738],[-124.347,50.749],[-124.36,50.765],[-124.382,50.773],[-124.38,50.78],[-124.352,50.79],[-124.36,50.8],[-124.348,50.81],[-124.327,50.819],[-124.334,50.837],[-124.322,50.843],[-124.314,50.85],[-124.303,50.851],[-124.286,50.859],[-124.265,50.864],[-124.26,50.855],[-124.263,50.845],[-124.256,50.838],[-124.262,50.824],[-124.244,50.816],[-124.22,50.824],[-124.208,50.821],[-124.199,50.808],[-124.175,50.8],[-124.163,50.799],[-124.142,50.791],[-124.131,50.794],[-124.131,50.804],[-124.123,50.81],[-124.13,50.817],[-124.125,50.832],[-124.112,50.833],[-124.077,50.824],[-124.067,50.836],[-124.042,50.837],[-124.033,50.833],[-124.037,50.818],[-124.031,50.811],[-124.009,50.808],[-123.981,50.807],[-123.97,50.8],[-123.98,50.786],[-123.962,50.779],[-123.957,50.774],[-123.953,50.757],[-123.936,50.752],[-123.923,50.754],[-123.922,50.739],[-123.897,50.727],[-123.892,50.721],[-123.874,50.721],[-123.862,50.71],[-123.832,50.714],[-123.824,50.722],[-123.842,50.736],[-123.833,50.743],[-123.843,50.755],[-123.841,50.769],[-123.824,50.779],[-123.814,50.792],[-123.797,50.798],[-123.806,50.806],[-123.811,50.817],[-123.828,50.821],[-123.831,50.83],[-123.816,50.835],[-123.793,50.831],[-123.767,50.839],[-123.733,50.841],[-123.725,50.831]]],[[[-129.029,53.307],[-129.003,53.301],[-128.994,53.295],[-128.968,53.285],[-128.941,53.29],[-128.922,53.289],[-128.921,53.295],[-128.907,53.298],[-128.898,53.291],[-128.887,53.272],[-128.87,53.259],[-128.844,53.249],[-128.815,53.228],[-128.748,53.195],[-128.714,53.177],[-128.698,53.166],[-128.66,53.159],[-128.638,53.157],[-128.605,53.129],[-128.596,53.112],[-128.587,53.108],[-128.576,53.094],[-128.563,53.057],[-128.539,53.028],[-128.532,53.007],[-128.532,52.985],[-128.524,52.965],[-128.522,52.943],[-128.526,52.913],[-128.522,52.906],[-128.526,52.891],[-128.542,52.877],[-128.543,52.86],[-128.541,52.841],[-128.546,52.826],[-128.545,52.805],[-128.555,52.783],[-128.555,52.773],[-128.561,52.763],[-128.566,52.734],[-128.588,52.73],[-128.579,52.715],[-128.576,52.699],[-128.57,52.686],[-128.591,52.671],[-128.599,52.674],[-128.63,52.656],[-128.633,52.639],[-128.62,52.645],[-128.625,52.652],[-128.61,52.658],[-128.598,52.669],[-128.574,52.665],[-128.579,52.649],[-128.589,52.644],[-128.586,52.635],[-128.594,52.627],[-128.593,52.609],[-128.606,52.605],[-128.625,52.608],[-128.633,52.612],[-128.683,52.61],[-128.701,52.607],[-128.716,52.609],[-128.732,52.603],[-128.755,52.6],[-128.76,52.607],[-128.757,52.63],[-128.751,52.643],[-128.754,52.654],[-128.739,52.655],[-128.745,52.663],[-128.738,52.673],[-128.746,52.692],[-128.743,52.703],[-128.757,52.726],[-128.76,52.75],[-128.756,52.766],[-128.744,52.772],[-128.732,52.793],[-128.728,52.811],[-128.732,52.821],[-128.707,52.863],[-128.674,52.887],[-128.664,52.889],[-128.656,52.901],[-128.656,52.92],[-128.651,52.929],[-128.654,52.959],[-128.661,52.97],[-128.682,52.969],[-128.687,52.961],[-128.683,52.955],[-128.683,52.94],[-128.674,52.925],[-128.678,52.908],[-128.698,52.893],[-128.719,52.895],[-128.726,52.865],[-128.735,52.85],[-128.749,52.837],[-128.755,52.817],[-128.773,52.802],[-128.776,52.774],[-128.781,52.77],[-128.791,52.734],[-128.765,52.704],[-128.762,52.671],[-128.791,52.664],[-128.782,52.675],[-128.797,52.684],[-128.799,52.695],[-128.811,52.689],[-128.816,52.673],[-128.826,52.68],[-128.851,52.673],[-128.847,52.656],[-128.86,52.656],[-128.871,52.663],[-128.894,52.655],[-128.915,52.659],[-128.929,52.664],[-128.927,52.67],[-128.946,52.68],[-128.974,52.688],[-129.007,52.702],[-129.003,52.712],[-128.991,52.721],[-128.981,52.719],[-128.976,52.736],[-128.996,52.724],[-129.008,52.711],[-129.042,52.724],[-129.063,52.738],[-129.067,52.757],[-129.065,52.766],[-129.079,52.765],[-129.103,52.786],[-129.113,52.799],[-129.124,52.824],[-129.137,52.848],[-129.128,52.852],[-129.129,52.864],[-129.125,52.882],[-129.115,52.882],[-129.071,52.869],[-129.067,52.863],[-129.052,52.862],[-129.032,52.853],[-129.037,52.867],[-129.055,52.869],[-129.07,52.878],[-129.091,52.883],[-129.095,52.889],[-129.048,52.905],[-129.036,52.907],[-129.01,52.926],[-128.981,52.932],[-128.977,52.94],[-128.983,52.947],[-128.971,52.965],[-128.974,52.981],[-128.967,52.988],[-128.931,53.014],[-128.928,53.021],[-128.91,53.022],[-128.901,53.031],[-128.921,53.033],[-128.937,53.025],[-128.944,53.012],[-128.975,52.995],[-128.987,52.973],[-128.987,52.959],[-129.004,52.944],[-129.031,52.924],[-129.05,52.915],[-129.075,52.906],[-129.107,52.898],[-129.126,52.9],[-129.132,52.916],[-129.128,52.922],[-129.136,52.941],[-129.138,52.957],[-129.146,52.959],[-129.148,52.944],[-129.139,52.936],[-129.137,52.926],[-129.162,52.924],[-129.186,52.939],[-129.197,52.95],[-129.2,52.964],[-129.196,52.972],[-129.201,52.998],[-129.198,53.011],[-129.186,53.033],[-129.175,53.041],[-129.168,53.053],[-129.183,53.067],[-129.169,53.072],[-129.15,53.073],[-129.125,53.078],[-129.119,53.069],[-129.1,53.066],[-129.094,53.089],[-129.082,53.097],[-129.089,53.115],[-129.083,53.133],[-129.087,53.158],[-129.091,53.171],[-129.092,53.191],[-129.067,53.198],[-129.049,53.209],[-129.038,53.199],[-129.019,53.195],[-128.995,53.175],[-128.986,53.154],[-128.988,53.146],[-128.974,53.142],[-128.986,53.172],[-128.965,53.17],[-128.946,53.158],[-128.939,53.165],[-128.966,53.174],[-128.982,53.184],[-128.99,53.185],[-128.999,53.196],[-129.041,53.206],[-129.052,53.213],[-129.063,53.226],[-129.068,53.243],[-129.074,53.245],[-129.09,53.269],[-129.074,53.273],[-129.092,53.281],[-129.096,53.288],[-129.085,53.293],[-129.036,53.308],[-129.029,53.307]]],[[[-127.267,52.433],[-127.257,52.426],[-127.231,52.419],[-127.25,52.391],[-127.25,52.383],[-127.234,52.366],[-127.206,52.361],[-127.196,52.354],[-127.21,52.346],[-127.214,52.339],[-127.212,52.324],[-127.221,52.318],[-127.234,52.317],[-127.242,52.304],[-127.265,52.287],[-127.283,52.29],[-127.295,52.274],[-127.306,52.274],[-127.317,52.262],[-127.348,52.265],[-127.359,52.263],[-127.363,52.252],[-127.377,52.248],[-127.406,52.252],[-127.418,52.245],[-127.438,52.242],[-127.457,52.217],[-127.471,52.213],[-127.493,52.213],[-127.501,52.206],[-127.516,52.199],[-127.512,52.193],[-127.517,52.184],[-127.568,52.185],[-127.575,52.181],[-127.58,52.17],[-127.572,52.154],[-127.595,52.145],[-127.608,52.147],[-127.615,52.14],[-127.626,52.142],[-127.641,52.134],[-127.659,52.116],[-127.668,52.097],[-127.663,52.089],[-127.67,52.071],[-127.68,52.064],[-127.679,52.058],[-127.696,52.038],[-127.692,52.03],[-127.695,52.012],[-127.692,52.002],[-127.696,51.988],[-127.706,51.979],[-127.714,51.965],[-127.744,51.969],[-127.773,51.966],[-127.786,51.957],[-127.801,51.957],[-127.818,51.952],[-127.844,51.938],[-127.859,51.941],[-127.875,51.934],[-127.885,51.94],[-127.899,51.935],[-127.892,51.951],[-127.878,51.967],[-127.89,51.971],[-127.899,51.979],[-127.894,51.989],[-127.902,52.003],[-127.893,52.027],[-127.895,52.04],[-127.89,52.046],[-127.868,52.053],[-127.867,52.047],[-127.845,52.054],[-127.846,52.06],[-127.859,52.071],[-127.874,52.061],[-127.89,52.065],[-127.879,52.081],[-127.884,52.093],[-127.878,52.098],[-127.852,52.095],[-127.83,52.1],[-127.812,52.1],[-127.793,52.104],[-127.758,52.106],[-127.777,52.112],[-127.795,52.11],[-127.823,52.104],[-127.836,52.108],[-127.858,52.122],[-127.86,52.14],[-127.844,52.168],[-127.826,52.179],[-127.817,52.195],[-127.8,52.204],[-127.795,52.211],[-127.778,52.225],[-127.777,52.232],[-127.765,52.246],[-127.716,52.249],[-127.702,52.253],[-127.668,52.267],[-127.656,52.269],[-127.638,52.266],[-127.621,52.257],[-127.616,52.247],[-127.604,52.237],[-127.597,52.242],[-127.606,52.251],[-127.614,52.267],[-127.572,52.287],[-127.566,52.298],[-127.554,52.297],[-127.534,52.305],[-127.532,52.309],[-127.505,52.314],[-127.493,52.311],[-127.47,52.32],[-127.461,52.33],[-127.45,52.333],[-127.442,52.377],[-127.424,52.386],[-127.407,52.384],[-127.39,52.387],[-127.374,52.406],[-127.356,52.4],[-127.325,52.403],[-127.306,52.412],[-127.296,52.411],[-127.288,52.424],[-127.267,52.433]]],[[[-129.275,52.827],[-129.236,52.811],[-129.215,52.801],[-129.155,52.76],[-129.139,52.752],[-129.113,52.743],[-129.09,52.719],[-129.077,52.714],[-129.058,52.696],[-129.058,52.691],[-129.04,52.681],[-129.026,52.678],[-129.006,52.67],[-128.992,52.65],[-128.979,52.645],[-128.955,52.627],[-128.944,52.622],[-128.928,52.606],[-128.929,52.595],[-128.936,52.572],[-128.943,52.564],[-128.935,52.546],[-128.935,52.519],[-128.942,52.505],[-128.941,52.492],[-128.955,52.469],[-128.968,52.464],[-128.972,52.456],[-128.987,52.454],[-128.999,52.461],[-129.002,52.47],[-128.994,52.484],[-129.001,52.488],[-128.999,52.5],[-129.014,52.511],[-129.023,52.53],[-129.047,52.515],[-129.06,52.521],[-129.07,52.518],[-129.082,52.523],[-129.087,52.536],[-129.102,52.545],[-129.116,52.546],[-129.136,52.558],[-129.148,52.581],[-129.131,52.603],[-129.154,52.599],[-129.158,52.604],[-129.177,52.606],[-129.18,52.615],[-129.208,52.629],[-129.205,52.636],[-129.212,52.644],[-129.228,52.65],[-129.233,52.667],[-129.228,52.672],[-129.235,52.679],[-129.233,52.689],[-129.25,52.704],[-129.271,52.71],[-129.279,52.716],[-129.285,52.727],[-129.275,52.736],[-129.303,52.756],[-129.299,52.769],[-129.301,52.78],[-129.286,52.782],[-129.279,52.792],[-129.292,52.805],[-129.292,52.821],[-129.275,52.827]]],[[[-127.994,52.076],[-127.951,52.064],[-127.96,52.025],[-127.949,52.013],[-127.947,52.002],[-127.955,51.977],[-127.959,51.955],[-127.968,51.938],[-127.973,51.917],[-127.982,51.914],[-127.994,51.901],[-128.001,51.902],[-128.011,51.883],[-128.011,51.871],[-128.018,51.862],[-128.017,51.849],[-128.026,51.846],[-128.033,51.837],[-128.03,51.825],[-128.049,51.826],[-128.056,51.813],[-128.052,51.804],[-128.062,51.794],[-128.08,51.788],[-128.101,51.787],[-128.109,51.79],[-128.098,51.811],[-128.134,51.808],[-128.133,51.819],[-128.122,51.821],[-128.112,51.828],[-128.11,51.839],[-128.127,51.857],[-128.117,51.858],[-128.11,51.871],[-128.113,51.88],[-128.088,51.905],[-128.091,51.913],[-128.087,51.923],[-128.079,51.929],[-128.057,51.929],[-128.042,51.934],[-128.031,51.934],[-128.04,51.95],[-128.053,51.932],[-128.074,51.934],[-128.077,51.949],[-128.099,51.952],[-128.108,51.958],[-128.122,51.957],[-128.129,51.948],[-128.113,51.947],[-128.098,51.934],[-128.101,51.923],[-128.094,51.903],[-128.108,51.891],[-128.14,51.873],[-128.153,51.874],[-128.163,51.87],[-128.162,51.852],[-128.176,51.855],[-128.172,51.864],[-128.185,51.865],[-128.201,51.86],[-128.211,51.866],[-128.215,51.861],[-128.233,51.863],[-128.231,51.875],[-128.244,51.88],[-128.245,51.888],[-128.23,51.896],[-128.213,51.896],[-128.192,51.913],[-128.189,51.925],[-128.16,51.935],[-128.191,51.934],[-128.203,51.947],[-128.199,51.955],[-128.205,51.964],[-128.182,51.991],[-128.167,51.996],[-128.166,52.023],[-128.154,52.04],[-128.132,52.05],[-128.107,52.068],[-128.09,52.059],[-128.089,52.047],[-128.072,52.053],[-128.049,52.065],[-128.029,52.061],[-128.016,52.072],[-127.994,52.076]]],[[[-128.093,51.688],[-128.092,51.675],[-128.098,51.656],[-128.084,51.649],[-128.057,51.652],[-128,51.649],[-127.967,51.646],[-127.956,51.647],[-127.949,51.635],[-127.927,51.616],[-127.915,51.609],[-127.907,51.593],[-127.902,51.576],[-127.895,51.57],[-127.899,51.549],[-127.908,51.542],[-127.912,51.526],[-127.904,51.52],[-127.886,51.495],[-127.881,51.476],[-127.876,51.468],[-127.876,51.449],[-127.894,51.433],[-127.899,51.42],[-127.909,51.424],[-127.934,51.425],[-127.947,51.433],[-127.952,51.453],[-127.966,51.461],[-127.981,51.458],[-127.986,51.467],[-127.997,51.47],[-128.004,51.478],[-128.016,51.475],[-128.017,51.466],[-128.037,51.463],[-128.045,51.471],[-128.063,51.471],[-128.07,51.476],[-128.086,51.48],[-128.092,51.49],[-128.093,51.506],[-128.111,51.527],[-128.108,51.534],[-128.115,51.549],[-128.115,51.562],[-128.123,51.579],[-128.138,51.586],[-128.151,51.604],[-128.146,51.614],[-128.15,51.629],[-128.144,51.634],[-128.151,51.642],[-128.139,51.656],[-128.15,51.664],[-128.128,51.664],[-128.117,51.668],[-128.114,51.68],[-128.093,51.688]]],[[[-124.603,49.803],[-124.589,49.78],[-124.574,49.772],[-124.555,49.758],[-124.534,49.757],[-124.514,49.749],[-124.512,49.744],[-124.493,49.736],[-124.46,49.733],[-124.444,49.728],[-124.419,49.727],[-124.413,49.722],[-124.4,49.722],[-124.385,49.715],[-124.372,49.714],[-124.356,49.708],[-124.353,49.7],[-124.334,49.68],[-124.326,49.668],[-124.308,49.651],[-124.262,49.613],[-124.246,49.6],[-124.223,49.591],[-124.211,49.58],[-124.19,49.568],[-124.184,49.561],[-124.168,49.555],[-124.148,49.537],[-124.14,49.528],[-124.14,49.52],[-124.124,49.495],[-124.141,49.489],[-124.16,49.5],[-124.169,49.501],[-124.195,49.522],[-124.211,49.529],[-124.227,49.528],[-124.235,49.538],[-124.252,49.542],[-124.258,49.548],[-124.28,49.548],[-124.295,49.564],[-124.307,49.57],[-124.33,49.575],[-124.353,49.589],[-124.399,49.604],[-124.409,49.614],[-124.436,49.62],[-124.438,49.638],[-124.464,49.654],[-124.477,49.678],[-124.499,49.672],[-124.513,49.681],[-124.521,49.691],[-124.568,49.707],[-124.576,49.707],[-124.601,49.715],[-124.608,49.721],[-124.62,49.722],[-124.624,49.729],[-124.634,49.734],[-124.639,49.747],[-124.631,49.753],[-124.623,49.767],[-124.63,49.778],[-124.629,49.792],[-124.637,49.799],[-124.613,49.798],[-124.603,49.803]]],[[[-128.548,52.676],[-128.54,52.663],[-128.538,52.642],[-128.523,52.605],[-128.521,52.589],[-128.515,52.583],[-128.518,52.572],[-128.509,52.563],[-128.494,52.54],[-128.496,52.53],[-128.478,52.502],[-128.473,52.484],[-128.466,52.477],[-128.471,52.464],[-128.482,52.453],[-128.481,52.447],[-128.506,52.43],[-128.521,52.432],[-128.548,52.44],[-128.565,52.453],[-128.576,52.452],[-128.604,52.46],[-128.63,52.471],[-128.639,52.478],[-128.673,52.492],[-128.679,52.497],[-128.695,52.497],[-128.702,52.505],[-128.692,52.509],[-128.691,52.516],[-128.714,52.515],[-128.704,52.497],[-128.709,52.482],[-128.721,52.485],[-128.733,52.495],[-128.747,52.487],[-128.764,52.485],[-128.772,52.497],[-128.784,52.491],[-128.799,52.498],[-128.796,52.509],[-128.825,52.524],[-128.823,52.539],[-128.815,52.552],[-128.807,52.552],[-128.779,52.533],[-128.741,52.514],[-128.71,52.536],[-128.729,52.54],[-128.728,52.549],[-128.702,52.551],[-128.711,52.562],[-128.703,52.567],[-128.707,52.578],[-128.722,52.578],[-128.713,52.563],[-128.715,52.553],[-128.738,52.562],[-128.752,52.561],[-128.75,52.596],[-128.715,52.598],[-128.694,52.603],[-128.668,52.607],[-128.608,52.604],[-128.583,52.599],[-128.578,52.612],[-128.58,52.628],[-128.576,52.637],[-128.567,52.644],[-128.562,52.668],[-128.548,52.676]]],[[[-123.023,49.293],[-123.023,49.276],[-123.023,49.234],[-123.023,49.232],[-123.024,49.223],[-123.024,49.222],[-123.023,49.2],[-123.005,49.193],[-122.987,49.183],[-122.97,49.182],[-122.957,49.19],[-122.957,49.175],[-122.966,49.168],[-122.984,49.163],[-122.989,49.156],[-123.034,49.147],[-123.054,49.133],[-123.086,49.118],[-123.087,49.112],[-123.102,49.09],[-123.109,49.087],[-123.13,49.088],[-123.181,49.115],[-123.191,49.117],[-123.196,49.127],[-123.194,49.144],[-123.197,49.168],[-123.194,49.178],[-123.212,49.184],[-123.209,49.2],[-123.203,49.207],[-123.202,49.224],[-123.21,49.231],[-123.253,49.251],[-123.264,49.264],[-123.262,49.271],[-123.244,49.28],[-123.202,49.277],[-123.196,49.273],[-123.173,49.272],[-123.14,49.28],[-123.144,49.288],[-123.154,49.298],[-123.156,49.309],[-123.141,49.314],[-123.127,49.291],[-123.109,49.286],[-123.099,49.29],[-123.085,49.286],[-123.064,49.288],[-123.05,49.294],[-123.032,49.29],[-123.023,49.293]]],[[[-128.685,52.485],[-128.657,52.477],[-128.651,52.47],[-128.626,52.46],[-128.62,52.446],[-128.63,52.426],[-128.631,52.415],[-128.622,52.403],[-128.626,52.384],[-128.616,52.365],[-128.621,52.342],[-128.616,52.333],[-128.624,52.323],[-128.631,52.306],[-128.637,52.309],[-128.66,52.295],[-128.66,52.285],[-128.666,52.279],[-128.691,52.286],[-128.699,52.3],[-128.715,52.309],[-128.733,52.314],[-128.728,52.321],[-128.735,52.34],[-128.74,52.345],[-128.735,52.356],[-128.745,52.369],[-128.757,52.376],[-128.754,52.397],[-128.763,52.403],[-128.772,52.418],[-128.771,52.445],[-128.762,52.463],[-128.766,52.473],[-128.755,52.476],[-128.737,52.472],[-128.685,52.485]]],[[[-128.174,52.213],[-128.172,52.204],[-128.156,52.208],[-128.149,52.193],[-128.136,52.197],[-128.121,52.178],[-128.144,52.175],[-128.145,52.158],[-128.141,52.144],[-128.146,52.137],[-128.134,52.132],[-128.146,52.117],[-128.134,52.087],[-128.153,52.08],[-128.153,52.073],[-128.167,52.063],[-128.191,52.058],[-128.191,52.048],[-128.182,52.042],[-128.181,52.034],[-128.187,52.01],[-128.209,52.019],[-128.225,52.015],[-128.238,52.018],[-128.238,52.026],[-128.252,52.031],[-128.252,52.042],[-128.241,52.049],[-128.24,52.058],[-128.248,52.071],[-128.25,52.088],[-128.272,52.099],[-128.279,52.105],[-128.267,52.109],[-128.254,52.121],[-128.249,52.13],[-128.236,52.123],[-128.235,52.137],[-128.258,52.138],[-128.265,52.132],[-128.269,52.117],[-128.283,52.113],[-128.29,52.118],[-128.269,52.131],[-128.268,52.14],[-128.254,52.151],[-128.246,52.178],[-128.24,52.183],[-128.223,52.186],[-128.206,52.193],[-128.179,52.19],[-128.168,52.199],[-128.189,52.21],[-128.174,52.213]]],[[[-127.885,52.186],[-127.888,52.165],[-127.884,52.158],[-127.889,52.129],[-127.9,52.129],[-127.918,52.12],[-127.934,52.086],[-127.942,52.076],[-127.966,52.075],[-127.996,52.086],[-128.012,52.082],[-128.019,52.085],[-128.036,52.08],[-128.061,52.081],[-128.102,52.09],[-128.117,52.104],[-128.11,52.121],[-128.122,52.121],[-128.135,52.148],[-128.112,52.161],[-128.105,52.16],[-128.086,52.144],[-128.075,52.142],[-128.068,52.149],[-128.073,52.156],[-128.047,52.157],[-128.042,52.161],[-128.004,52.17],[-127.974,52.166],[-127.926,52.157],[-127.904,52.162],[-127.905,52.172],[-127.885,52.186]]],[[[-127.967,52.305],[-127.944,52.286],[-127.946,52.282],[-127.935,52.266],[-127.929,52.265],[-127.916,52.25],[-127.907,52.2],[-127.911,52.194],[-127.894,52.189],[-127.916,52.165],[-127.935,52.163],[-127.962,52.167],[-127.987,52.176],[-127.997,52.174],[-128.036,52.175],[-128.053,52.18],[-128.063,52.187],[-128.077,52.189],[-128.092,52.208],[-128.06,52.229],[-128.028,52.237],[-128.005,52.266],[-128.005,52.278],[-127.991,52.291],[-127.986,52.301],[-127.967,52.305]]],[[[-124.015,49.783],[-123.995,49.776],[-124,49.767],[-124.024,49.761],[-124.031,49.752],[-124.06,49.741],[-124.051,49.722],[-124.063,49.716],[-124.07,49.703],[-124.082,49.694],[-124.086,49.653],[-124.091,49.646],[-124.106,49.655],[-124.128,49.651],[-124.124,49.66],[-124.134,49.666],[-124.162,49.662],[-124.179,49.673],[-124.205,49.672],[-124.198,49.682],[-124.198,49.698],[-124.166,49.707],[-124.172,49.711],[-124.192,49.7],[-124.202,49.703],[-124.203,49.712],[-124.173,49.72],[-124.16,49.731],[-124.151,49.746],[-124.152,49.753],[-124.141,49.76],[-124.118,49.761],[-124.114,49.752],[-124.098,49.75],[-124.086,49.753],[-124.093,49.773],[-124.056,49.775],[-124.05,49.779],[-124.015,49.783]]],[[[-128.102,52.439],[-128.089,52.42],[-128.079,52.413],[-128.065,52.372],[-128.068,52.364],[-128.06,52.358],[-128.047,52.321],[-128.077,52.316],[-128.094,52.304],[-128.119,52.3],[-128.126,52.284],[-128.161,52.273],[-128.188,52.274],[-128.203,52.281],[-128.205,52.299],[-128.202,52.305],[-128.173,52.3],[-128.192,52.316],[-128.174,52.329],[-128.174,52.338],[-128.164,52.346],[-128.155,52.368],[-128.119,52.407],[-128.113,52.427],[-128.114,52.436],[-128.102,52.439]]],[[[-128.286,52.479],[-128.273,52.473],[-128.267,52.455],[-128.283,52.457],[-128.282,52.442],[-128.297,52.443],[-128.287,52.425],[-128.288,52.417],[-128.3,52.413],[-128.331,52.41],[-128.339,52.393],[-128.348,52.389],[-128.361,52.373],[-128.376,52.372],[-128.377,52.364],[-128.394,52.362],[-128.402,52.365],[-128.442,52.364],[-128.454,52.362],[-128.46,52.373],[-128.453,52.385],[-128.469,52.386],[-128.479,52.396],[-128.462,52.4],[-128.456,52.405],[-128.444,52.403],[-128.429,52.406],[-128.418,52.428],[-128.415,52.445],[-128.402,52.457],[-128.375,52.466],[-128.332,52.474],[-128.316,52.468],[-128.286,52.479]]],[[[-128.499,52.869],[-128.495,52.863],[-128.473,52.851],[-128.466,52.844],[-128.469,52.825],[-128.453,52.809],[-128.456,52.79],[-128.472,52.769],[-128.482,52.772],[-128.49,52.763],[-128.485,52.757],[-128.485,52.738],[-128.477,52.716],[-128.476,52.703],[-128.496,52.674],[-128.506,52.642],[-128.527,52.649],[-128.538,52.688],[-128.549,52.693],[-128.552,52.704],[-128.545,52.71],[-128.542,52.752],[-128.537,52.779],[-128.528,52.79],[-128.523,52.802],[-128.526,52.81],[-128.518,52.847],[-128.522,52.852],[-128.518,52.869],[-128.512,52.882],[-128.499,52.869]]],[[[-123.377,49.533],[-123.355,49.526],[-123.358,49.518],[-123.343,49.505],[-123.329,49.496],[-123.335,49.491],[-123.319,49.475],[-123.315,49.463],[-123.316,49.448],[-123.334,49.445],[-123.354,49.438],[-123.361,49.431],[-123.371,49.431],[-123.375,49.439],[-123.365,49.448],[-123.382,49.461],[-123.373,49.467],[-123.371,49.475],[-123.384,49.478],[-123.389,49.471],[-123.39,49.456],[-123.407,49.458],[-123.399,49.465],[-123.41,49.469],[-123.423,49.457],[-123.425,49.447],[-123.436,49.435],[-123.447,49.44],[-123.439,49.448],[-123.448,49.454],[-123.447,49.461],[-123.457,49.466],[-123.443,49.487],[-123.451,49.502],[-123.434,49.52],[-123.425,49.527],[-123.407,49.526],[-123.377,49.533]]],[[[-123.314,49.418],[-123.311,49.404],[-123.323,49.396],[-123.319,49.387],[-123.333,49.37],[-123.332,49.362],[-123.346,49.347],[-123.356,49.339],[-123.376,49.334],[-123.417,49.335],[-123.432,49.34],[-123.43,49.347],[-123.419,49.352],[-123.43,49.367],[-123.409,49.384],[-123.401,49.388],[-123.385,49.401],[-123.364,49.407],[-123.361,49.413],[-123.345,49.415],[-123.324,49.414],[-123.314,49.418]]],[[[-128.045,52.309],[-128.013,52.303],[-128.003,52.287],[-128.034,52.272],[-128.043,52.273],[-128.053,52.252],[-128.08,52.231],[-128.096,52.233],[-128.105,52.226],[-128.118,52.226],[-128.154,52.242],[-128.165,52.238],[-128.184,52.238],[-128.176,52.248],[-128.149,52.247],[-128.154,52.255],[-128.139,52.268],[-128.106,52.273],[-128.083,52.271],[-128.087,52.279],[-128.1,52.283],[-128.089,52.297],[-128.066,52.301],[-128.045,52.309]]],[[[-128.01,51.729],[-127.994,51.728],[-127.981,51.686],[-127.968,51.672],[-127.963,51.661],[-127.966,51.655],[-127.989,51.654],[-128.003,51.658],[-128.017,51.656],[-128.064,51.658],[-128.075,51.659],[-128.083,51.671],[-128.079,51.674],[-128.078,51.689],[-128.064,51.697],[-128.044,51.715],[-128.01,51.729]]],[[[-128.424,52.239],[-128.404,52.239],[-128.377,52.236],[-128.388,52.221],[-128.39,52.207],[-128.398,52.203],[-128.397,52.19],[-128.388,52.186],[-128.382,52.176],[-128.394,52.162],[-128.423,52.155],[-128.436,52.16],[-128.45,52.158],[-128.466,52.162],[-128.482,52.151],[-128.491,52.159],[-128.496,52.172],[-128.477,52.187],[-128.471,52.204],[-128.453,52.21],[-128.451,52.221],[-128.422,52.22],[-128.435,52.23],[-128.435,52.238],[-128.424,52.239]]],[[[-128.368,52.236],[-128.342,52.237],[-128.31,52.234],[-128.276,52.238],[-128.264,52.231],[-128.265,52.225],[-128.279,52.214],[-128.294,52.206],[-128.306,52.205],[-128.325,52.182],[-128.339,52.176],[-128.349,52.166],[-128.375,52.153],[-128.38,52.17],[-128.373,52.204],[-128.39,52.209],[-128.377,52.228],[-128.368,52.236]]],[[[-127.528,51.31],[-127.506,51.306],[-127.489,51.305],[-127.474,51.301],[-127.442,51.304],[-127.414,51.302],[-127.386,51.297],[-127.386,51.293],[-127.432,51.288],[-127.464,51.283],[-127.488,51.275],[-127.532,51.276],[-127.534,51.273],[-127.583,51.27],[-127.559,51.287],[-127.558,51.293],[-127.585,51.283],[-127.609,51.29],[-127.608,51.298],[-127.591,51.305],[-127.577,51.301],[-127.562,51.307],[-127.545,51.306],[-127.538,51.297],[-127.528,51.31]]],[[[-128.244,52.225],[-128.221,52.217],[-128.207,52.218],[-128.208,52.209],[-128.225,52.202],[-128.253,52.194],[-128.264,52.183],[-128.287,52.148],[-128.302,52.132],[-128.316,52.13],[-128.325,52.141],[-128.328,52.157],[-128.305,52.201],[-128.288,52.208],[-128.272,52.218],[-128.257,52.211],[-128.253,52.222],[-128.244,52.225]]],[[[-127.58,51.574],[-127.568,51.565],[-127.565,51.554],[-127.564,51.534],[-127.569,51.526],[-127.591,51.512],[-127.604,51.506],[-127.595,51.494],[-127.615,51.484],[-127.623,51.489],[-127.623,51.497],[-127.631,51.495],[-127.639,51.49],[-127.683,51.494],[-127.684,51.506],[-127.644,51.51],[-127.627,51.538],[-127.603,51.558],[-127.589,51.56],[-127.58,51.574]]],[[[-128.421,52.005],[-128.409,51.995],[-128.41,51.985],[-128.419,51.969],[-128.417,51.955],[-128.428,51.94],[-128.445,51.936],[-128.464,51.929],[-128.467,51.947],[-128.478,51.953],[-128.465,51.964],[-128.45,51.971],[-128.439,51.985],[-128.429,51.988],[-128.437,52.001],[-128.421,52.005]]],[[[-128.386,52.36],[-128.394,52.348],[-128.388,52.342],[-128.396,52.323],[-128.408,52.323],[-128.423,52.314],[-128.445,52.318],[-128.461,52.348],[-128.446,52.347],[-128.436,52.354],[-128.412,52.358],[-128.386,52.36]]],[[[-129.351,52.858],[-129.345,52.849],[-129.328,52.849],[-129.314,52.835],[-129.323,52.819],[-129.32,52.806],[-129.324,52.801],[-129.348,52.804],[-129.354,52.813],[-129.373,52.821],[-129.361,52.833],[-129.362,52.845],[-129.351,52.858]]],[[[-128.007,51.799],[-128,51.782],[-128.009,51.755],[-128.025,51.747],[-128.053,51.752],[-128.058,51.76],[-128.048,51.779],[-128.027,51.788],[-128.015,51.789],[-128.007,51.799]]],[[[-128.087,51.786],[-128.077,51.783],[-128.08,51.763],[-128.086,51.748],[-128.1,51.743],[-128.124,51.739],[-128.131,51.751],[-128.128,51.763],[-128.116,51.77],[-128.117,51.779],[-128.087,51.786]]],[[[-127.725,51.508],[-127.696,51.508],[-127.706,51.496],[-127.708,51.486],[-127.702,51.48],[-127.722,51.466],[-127.727,51.474],[-127.738,51.472],[-127.747,51.488],[-127.76,51.495],[-127.734,51.51],[-127.725,51.508]]],[[[-128.332,52.119],[-128.323,52.095],[-128.331,52.087],[-128.341,52.102],[-128.352,52.097],[-128.351,52.089],[-128.359,52.084],[-128.369,52.087],[-128.381,52.098],[-128.379,52.104],[-128.357,52.115],[-128.344,52.125],[-128.332,52.119]]],[[[-124.941,50],[-124.929,49.995],[-124.905,49.993],[-124.888,49.988],[-124.9,49.977],[-124.906,49.963],[-124.915,49.962],[-124.922,49.969],[-124.946,49.985],[-124.941,50]]],[[[-123.308,49.551],[-123.295,49.547],[-123.29,49.522],[-123.301,49.513],[-123.32,49.52],[-123.328,49.534],[-123.319,49.544],[-123.324,49.554],[-123.308,49.551]]],[[[-127.627,51.494],[-127.626,51.48],[-127.622,51.479],[-127.632,51.461],[-127.664,51.462],[-127.678,51.471],[-127.666,51.483],[-127.651,51.489],[-127.64,51.488],[-127.627,51.494]]],[[[-124.658,49.842],[-124.668,49.839],[-124.673,49.859],[-124.659,49.876],[-124.652,49.881],[-124.639,49.874],[-124.63,49.864],[-124.638,49.852],[-124.658,49.842]]],[[[-124.156,49.753],[-124.162,49.744],[-124.191,49.738],[-124.204,49.73],[-124.227,49.727],[-124.219,49.735],[-124.227,49.748],[-124.209,49.749],[-124.204,49.744],[-124.171,49.752],[-124.156,49.753]]],[[[-123.98,49.508],[-123.969,49.504],[-123.954,49.492],[-123.952,49.481],[-123.963,49.467],[-123.978,49.472],[-123.983,49.496],[-123.98,49.508]]],[[[-128.762,52.659],[-128.758,52.658],[-128.757,52.634],[-128.761,52.621],[-128.774,52.624],[-128.787,52.644],[-128.785,52.657],[-128.762,52.659]]],[[[-128.358,52.319],[-128.368,52.299],[-128.387,52.287],[-128.406,52.289],[-128.399,52.305],[-128.385,52.313],[-128.358,52.319]]],[[[-123.455,49.41],[-123.432,49.404],[-123.434,49.394],[-123.456,49.391],[-123.472,49.393],[-123.464,49.41],[-123.455,49.41]]],[[[-128.266,52.094],[-128.265,52.088],[-128.251,52.084],[-128.265,52.073],[-128.26,52.067],[-128.266,52.06],[-128.279,52.068],[-128.29,52.066],[-128.299,52.079],[-128.287,52.079],[-128.266,52.09],[-128.266,52.094]]],[[[-128.397,52.154],[-128.403,52.143],[-128.426,52.132],[-128.433,52.126],[-128.45,52.127],[-128.451,52.132],[-128.438,52.145],[-128.422,52.153],[-128.405,52.157],[-128.397,52.154]]],[[[-128.34,52.164],[-128.343,52.152],[-128.336,52.148],[-128.346,52.14],[-128.347,52.129],[-128.355,52.118],[-128.378,52.107],[-128.381,52.114],[-128.368,52.117],[-128.366,52.125],[-128.354,52.146],[-128.34,52.164]]],[[[-124.775,49.942],[-124.796,49.936],[-124.815,49.934],[-124.827,49.937],[-124.855,49.935],[-124.852,49.941],[-124.837,49.939],[-124.812,49.944],[-124.775,49.942]]],[[[-128.518,52.608],[-128.506,52.598],[-128.494,52.576],[-128.489,52.556],[-128.503,52.563],[-128.511,52.576],[-128.52,52.604],[-128.518,52.608]]],[[[-128.183,51.86],[-128.176,51.843],[-128.211,51.843],[-128.217,51.849],[-128.207,51.861],[-128.192,51.859],[-128.183,51.86]]],[[[-128.255,51.862],[-128.247,51.861],[-128.238,51.849],[-128.237,51.837],[-128.253,51.835],[-128.275,51.841],[-128.268,51.854],[-128.255,51.862]]],[[[-129.195,53.075],[-129.201,53.069],[-129.198,53.053],[-129.218,53.054],[-129.23,53.061],[-129.223,53.07],[-129.195,53.075]]],[[[-128.035,52.504],[-128.037,52.494],[-128.064,52.484],[-128.073,52.493],[-128.046,52.503],[-128.035,52.504]]],[[[-128.347,52.365],[-128.339,52.349],[-128.357,52.345],[-128.366,52.338],[-128.376,52.351],[-128.347,52.365]]]]}}]}