{"type":"FeatureCollection","features":[{"type":"Feature","properties":{"ENGNAME":"Central"},"geometry":{"type":"Polygon","coordinates":[[[-62.086,44.892],[-62.104,44.88],[-62.188,44.842],[-62.212,44.831],[-62.249,44.814],[-62.281,44.799],[-62.339,44.772],[-62.385,44.771],[-62.42,44.771],[-62.474,44.771],[-62.517,44.758],[-62.556,44.747],[-62.601,44.734],[-62.665,44.716],[-62.775,44.684],[-62.779,44.683],[-62.779,44.68],[-62.781,44.671],[-62.792,44.66],[-62.817,44.654],[-62.856,44.653],[-62.91,44.654],[-62.986,44.657],[-62.992,44.657],[-63.004,44.658],[-63.017,44.658],[-63.027,44.657],[-63.054,44.657],[-63.077,44.658],[-63.157,44.663],[-63.189,44.667],[-63.192,44.662],[-63.225,44.634],[-63.241,44.625],[-63.267,44.619],[-63.269,44.619],[-63.278,44.615],[-63.288,44.619],[-63.303,44.625],[-63.31,44.629],[-63.314,44.628],[-63.329,44.626],[-63.345,44.626],[-63.376,44.627],[-63.403,44.63],[-63.404,44.626],[-63.407,44.621],[-63.409,44.616],[-63.414,44.609],[-63.419,44.607],[-63.44,44.577],[-63.49,44.577],[-63.529,44.578],[-63.503,44.542],[-63.484,44.506],[-63.49,44.472],[-63.515,44.445],[-63.539,44.418],[-63.592,44.418],[-63.633,44.418],[-63.666,44.419],[-63.666,44.417],[-63.704,44.417],[-63.749,44.417],[-63.802,44.417],[-63.846,44.451],[-63.855,44.458],[-63.908,44.458],[-63.947,44.475],[-63.969,44.5],[-63.983,44.528],[-63.994,44.56],[-63.999,44.583],[-63.999,44.625],[-64,44.649],[-64,44.651],[-64.001,44.647],[-64.004,44.644],[-64.005,44.643],[-64.009,44.643],[-64.012,44.643],[-64.013,44.643],[-64.014,44.642],[-64.015,44.64],[-64.017,44.639],[-64.019,44.638],[-64.021,44.637],[-64.026,44.635],[-64.027,44.635],[-64.028,44.636],[-64.029,44.637],[-64.03,44.638],[-64.032,44.639],[-64.038,44.642],[-64.04,44.642],[-64.041,44.643],[-64.044,44.644],[-64.047,44.644],[-64.048,44.644],[-64.05,44.644],[-64.051,44.643],[-64.053,44.642],[-64.054,44.642],[-64.054,44.643],[-64.055,44.642],[-64.059,44.64],[-64.061,44.639],[-64.063,44.638],[-64.064,44.638],[-64.067,44.638],[-64.072,44.641],[-64.076,44.645],[-64.081,44.648],[-64.107,44.667],[-64.141,44.692],[-64.159,44.704],[-64.203,44.736],[-64.237,44.761],[-64.241,44.763],[-64.261,44.778],[-64.287,44.796],[-64.302,44.807],[-64.329,44.826],[-64.349,44.841],[-64.382,44.864],[-64.416,44.888],[-64.432,44.899],[-64.424,44.905],[-64.41,44.914],[-64.408,44.915],[-64.406,44.917],[-64.404,44.919],[-64.395,44.924],[-64.389,44.929],[-64.359,44.949],[-64.354,44.952],[-64.335,44.965],[-64.327,44.971],[-64.322,44.974],[-64.31,44.982],[-64.296,44.992],[-64.286,44.998],[-64.281,45.002],[-64.268,45.011],[-64.264,45.013],[-64.261,45.016],[-64.257,45.018],[-64.25,45.023],[-64.244,45.028],[-64.237,45.032],[-64.233,45.035],[-64.23,45.036],[-64.229,45.038],[-64.227,45.039],[-64.226,45.04],[-64.224,45.041],[-64.209,45.051],[-64.204,45.055],[-64.202,45.056],[-64.199,45.058],[-64.208,45.064],[-64.211,45.065],[-64.221,45.07],[-64.221,45.071],[-64.228,45.074],[-64.23,45.075],[-64.231,45.076],[-64.233,45.079],[-64.238,45.086],[-64.239,45.086],[-64.237,45.088],[-64.238,45.089],[-64.238,45.091],[-64.238,45.092],[-64.237,45.093],[-64.237,45.094],[-64.237,45.095],[-64.237,45.096],[-64.239,45.097],[-64.24,45.098],[-64.242,45.1],[-64.242,45.101],[-64.243,45.102],[-64.247,45.107],[-64.252,45.104],[-64.254,45.103],[-64.257,45.103],[-64.257,45.102],[-64.257,45.101],[-64.258,45.1],[-64.26,45.1],[-64.264,45.1],[-64.27,45.101],[-64.27,45.102],[-64.27,45.104],[-64.269,45.105],[-64.269,45.106],[-64.27,45.107],[-64.273,45.106],[-64.275,45.105],[-64.277,45.106],[-64.276,45.108],[-64.274,45.11],[-64.274,45.111],[-64.275,45.115],[-64.276,45.12],[-64.278,45.133],[-64.282,45.142],[-64.28,45.142],[-64.279,45.144],[-64.278,45.146],[-64.277,45.147],[-64.276,45.148],[-64.275,45.149],[-64.273,45.15],[-64.269,45.15],[-64.267,45.15],[-64.264,45.15],[-64.261,45.15],[-64.259,45.149],[-64.258,45.149],[-64.256,45.148],[-64.254,45.147],[-64.253,45.146],[-64.253,45.144],[-64.253,45.142],[-64.253,45.141],[-64.254,45.139],[-64.256,45.137],[-64.257,45.134],[-64.257,45.132],[-64.257,45.131],[-64.257,45.13],[-64.256,45.128],[-64.255,45.126],[-64.254,45.126],[-64.252,45.125],[-64.251,45.124],[-64.249,45.124],[-64.247,45.123],[-64.246,45.122],[-64.244,45.121],[-64.243,45.12],[-64.242,45.119],[-64.241,45.118],[-64.24,45.116],[-64.239,45.115],[-64.238,45.114],[-64.236,45.114],[-64.234,45.113],[-64.233,45.113],[-64.23,45.113],[-64.227,45.113],[-64.225,45.113],[-64.221,45.112],[-64.22,45.112],[-64.217,45.11],[-64.215,45.109],[-64.213,45.107],[-64.212,45.105],[-64.21,45.103],[-64.209,45.101],[-64.207,45.099],[-64.205,45.097],[-64.204,45.096],[-64.201,45.094],[-64.2,45.093],[-64.199,45.092],[-64.197,45.09],[-64.196,45.089],[-64.194,45.088],[-64.192,45.087],[-64.19,45.085],[-64.186,45.083],[-64.182,45.081],[-64.179,45.08],[-64.176,45.078],[-64.174,45.077],[-64.171,45.075],[-64.17,45.074],[-64.166,45.071],[-64.165,45.07],[-64.164,45.069],[-64.164,45.067],[-64.164,45.065],[-64.164,45.064],[-64.164,45.063],[-64.162,45.061],[-64.159,45.059],[-64.157,45.057],[-64.156,45.057],[-64.154,45.056],[-64.152,45.055],[-64.149,45.054],[-64.147,45.053],[-64.145,45.051],[-64.143,45.05],[-64.141,45.048],[-64.14,45.046],[-64.139,45.044],[-64.139,45.042],[-64.139,45.04],[-64.139,45.038],[-64.143,45.027],[-64.145,45.023],[-64.146,45.02],[-64.147,45.017],[-64.149,45.014],[-64.149,45.012],[-64.15,45.011],[-64.15,45.009],[-64.15,45.008],[-64.149,45.007],[-64.149,45.005],[-64.148,45.003],[-64.146,45.002],[-64.145,45.002],[-64.143,45.002],[-64.142,45.002],[-64.14,45.003],[-64.139,45.005],[-64.139,45.006],[-64.14,45.008],[-64.14,45.01],[-64.14,45.011],[-64.139,45.015],[-64.138,45.019],[-64.138,45.022],[-64.137,45.025],[-64.136,45.027],[-64.135,45.028],[-64.134,45.03],[-64.132,45.033],[-64.131,45.035],[-64.131,45.036],[-64.13,45.039],[-64.129,45.041],[-64.129,45.043],[-64.129,45.045],[-64.13,45.047],[-64.13,45.049],[-64.131,45.049],[-64.132,45.05],[-64.135,45.052],[-64.138,45.054],[-64.14,45.056],[-64.143,45.059],[-64.149,45.068],[-64.152,45.071],[-64.154,45.075],[-64.159,45.08],[-64.16,45.081],[-64.162,45.083],[-64.164,45.084],[-64.166,45.085],[-64.169,45.087],[-64.178,45.092],[-64.181,45.093],[-64.184,45.094],[-64.186,45.095],[-64.188,45.097],[-64.191,45.099],[-64.193,45.101],[-64.196,45.102],[-64.197,45.103],[-64.198,45.104],[-64.199,45.105],[-64.2,45.107],[-64.2,45.11],[-64.201,45.112],[-64.201,45.113],[-64.202,45.115],[-64.203,45.116],[-64.204,45.117],[-64.205,45.12],[-64.206,45.121],[-64.206,45.124],[-64.207,45.129],[-64.207,45.131],[-64.206,45.133],[-64.206,45.134],[-64.204,45.136],[-64.203,45.139],[-64.203,45.141],[-64.202,45.143],[-64.202,45.145],[-64.203,45.147],[-64.203,45.148],[-64.202,45.149],[-64.201,45.15],[-64.2,45.151],[-64.195,45.156],[-64.194,45.157],[-64.193,45.158],[-64.191,45.159],[-64.189,45.159],[-64.187,45.159],[-64.185,45.159],[-64.184,45.159],[-64.182,45.16],[-64.179,45.161],[-64.176,45.163],[-64.174,45.163],[-64.173,45.164],[-64.172,45.165],[-64.172,45.167],[-64.172,45.169],[-64.172,45.171],[-64.172,45.172],[-64.172,45.174],[-64.171,45.175],[-64.172,45.177],[-64.172,45.178],[-64.176,45.182],[-64.178,45.185],[-64.178,45.186],[-64.178,45.187],[-64.178,45.188],[-64.176,45.189],[-64.175,45.19],[-64.173,45.191],[-64.17,45.192],[-64.168,45.193],[-64.164,45.194],[-64.161,45.195],[-64.16,45.195],[-64.16,45.196],[-64.159,45.197],[-64.158,45.198],[-64.157,45.199],[-64.155,45.2],[-64.154,45.201],[-64.152,45.201],[-64.15,45.202],[-64.148,45.202],[-64.145,45.202],[-64.144,45.203],[-64.142,45.204],[-64.141,45.205],[-64.138,45.206],[-64.135,45.207],[-64.133,45.207],[-64.132,45.208],[-64.13,45.21],[-64.128,45.21],[-64.127,45.211],[-64.125,45.211],[-64.124,45.211],[-64.122,45.211],[-64.121,45.211],[-64.119,45.212],[-64.117,45.213],[-64.116,45.214],[-64.115,45.214],[-64.113,45.216],[-64.112,45.217],[-64.111,45.218],[-64.109,45.218],[-64.107,45.219],[-64.105,45.219],[-64.102,45.219],[-64.097,45.219],[-64.095,45.219],[-64.092,45.22],[-64.087,45.221],[-64.085,45.221],[-64.083,45.221],[-64.082,45.222],[-64.079,45.222],[-64.076,45.223],[-64.075,45.223],[-64.075,45.225],[-64.075,45.227],[-64.075,45.228],[-64.075,45.229],[-64.074,45.23],[-64.07,45.231],[-64.067,45.232],[-64.066,45.232],[-64.062,45.234],[-64.06,45.236],[-64.059,45.236],[-64.057,45.237],[-64.054,45.237],[-64.052,45.236],[-64.05,45.236],[-64.047,45.237],[-64.044,45.237],[-64.042,45.238],[-64.038,45.238],[-64.035,45.238],[-64.033,45.238],[-64.03,45.238],[-64.027,45.238],[-64.024,45.237],[-64.023,45.236],[-64.02,45.236],[-64.018,45.236],[-64.01,45.23],[-64.006,45.228],[-64.004,45.227],[-64.004,45.226],[-64.002,45.224],[-64.001,45.224],[-64,45.224],[-63.999,45.224],[-63.999,45.223],[-63.999,45.222],[-63.998,45.222],[-63.997,45.222],[-63.997,45.223],[-63.996,45.224],[-63.995,45.224],[-63.994,45.223],[-63.993,45.22],[-63.992,45.22],[-63.988,45.219],[-63.986,45.219],[-63.986,45.22],[-63.985,45.22],[-63.983,45.216],[-63.977,45.2],[-63.971,45.187],[-63.968,45.18],[-63.955,45.152],[-63.946,45.129],[-63.935,45.103],[-63.932,45.093],[-63.93,45.088],[-63.929,45.085],[-63.925,45.073],[-63.921,45.064],[-63.919,45.058],[-63.913,45.039],[-63.912,45.037],[-63.907,45.021],[-63.907,45.02],[-63.904,45.011],[-63.898,44.997],[-63.886,44.963],[-63.881,44.951],[-63.878,44.943],[-63.882,44.938],[-63.89,44.928],[-63.895,44.923],[-63.891,44.923],[-63.889,44.922],[-63.885,44.923],[-63.884,44.923],[-63.883,44.924],[-63.881,44.925],[-63.88,44.925],[-63.878,44.926],[-63.877,44.926],[-63.875,44.926],[-63.874,44.927],[-63.872,44.927],[-63.871,44.926],[-63.87,44.926],[-63.87,44.927],[-63.869,44.929],[-63.868,44.93],[-63.867,44.931],[-63.866,44.931],[-63.867,44.933],[-63.864,44.936],[-63.865,44.937],[-63.864,44.94],[-63.861,44.943],[-63.859,44.945],[-63.856,44.945],[-63.854,44.945],[-63.849,44.944],[-63.847,44.945],[-63.846,44.947],[-63.844,44.947],[-63.842,44.947],[-63.841,44.948],[-63.84,44.947],[-63.839,44.948],[-63.838,44.947],[-63.836,44.947],[-63.834,44.947],[-63.831,44.947],[-63.831,44.948],[-63.828,44.948],[-63.828,44.949],[-63.827,44.949],[-63.826,44.949],[-63.824,44.949],[-63.822,44.951],[-63.818,44.953],[-63.816,44.953],[-63.814,44.954],[-63.809,44.958],[-63.808,44.958],[-63.805,44.962],[-63.803,44.966],[-63.792,44.963],[-63.769,44.958],[-63.764,44.957],[-63.762,44.957],[-63.754,44.962],[-63.753,44.961],[-63.752,44.96],[-63.749,44.959],[-63.747,44.958],[-63.745,44.958],[-63.744,44.957],[-63.741,44.956],[-63.737,44.954],[-63.735,44.953],[-63.731,44.952],[-63.729,44.95],[-63.728,44.95],[-63.724,44.95],[-63.724,44.948],[-63.723,44.947],[-63.72,44.946],[-63.719,44.944],[-63.719,44.941],[-63.718,44.94],[-63.718,44.939],[-63.718,44.937],[-63.717,44.934],[-63.716,44.931],[-63.715,44.929],[-63.714,44.925],[-63.715,44.924],[-63.715,44.923],[-63.714,44.921],[-63.714,44.918],[-63.714,44.917],[-63.713,44.915],[-63.71,44.916],[-63.699,44.921],[-63.679,44.93],[-63.667,44.935],[-63.663,44.937],[-63.631,44.943],[-63.616,44.945],[-63.603,44.948],[-63.596,44.949],[-63.592,44.95],[-63.59,44.944],[-63.58,44.934],[-63.571,44.925],[-63.572,44.926],[-63.574,44.926],[-63.574,44.923],[-63.574,44.922],[-63.574,44.921],[-63.574,44.919],[-63.575,44.919],[-63.576,44.917],[-63.577,44.917],[-63.578,44.919],[-63.579,44.919],[-63.579,44.92],[-63.58,44.921],[-63.581,44.921],[-63.583,44.922],[-63.583,44.924],[-63.584,44.925],[-63.585,44.923],[-63.588,44.922],[-63.588,44.92],[-63.588,44.919],[-63.588,44.918],[-63.588,44.917],[-63.59,44.915],[-63.59,44.914],[-63.59,44.91],[-63.589,44.906],[-63.59,44.905],[-63.59,44.904],[-63.589,44.903],[-63.587,44.902],[-63.587,44.9],[-63.588,44.899],[-63.589,44.899],[-63.589,44.898],[-63.589,44.897],[-63.59,44.896],[-63.592,44.894],[-63.594,44.893],[-63.595,44.892],[-63.596,44.892],[-63.594,44.891],[-63.595,44.89],[-63.594,44.887],[-63.594,44.886],[-63.593,44.885],[-63.594,44.887],[-63.594,44.889],[-63.594,44.89],[-63.594,44.891],[-63.592,44.892],[-63.59,44.893],[-63.588,44.893],[-63.588,44.895],[-63.586,44.896],[-63.584,44.895],[-63.583,44.897],[-63.582,44.897],[-63.579,44.899],[-63.576,44.901],[-63.573,44.904],[-63.572,44.905],[-63.569,44.906],[-63.566,44.908],[-63.564,44.908],[-63.563,44.909],[-63.56,44.91],[-63.558,44.911],[-63.558,44.912],[-63.556,44.914],[-63.556,44.915],[-63.554,44.916],[-63.553,44.917],[-63.549,44.922],[-63.548,44.924],[-63.546,44.924],[-63.545,44.924],[-63.543,44.924],[-63.541,44.924],[-63.54,44.924],[-63.54,44.925],[-63.542,44.929],[-63.545,44.938],[-63.544,44.939],[-63.543,44.938],[-63.543,44.937],[-63.541,44.937],[-63.538,44.936],[-63.537,44.932],[-63.536,44.931],[-63.535,44.932],[-63.535,44.931],[-63.536,44.929],[-63.535,44.928],[-63.533,44.928],[-63.533,44.926],[-63.534,44.926],[-63.534,44.925],[-63.536,44.924],[-63.537,44.925],[-63.538,44.925],[-63.538,44.923],[-63.537,44.916],[-63.537,44.915],[-63.536,44.912],[-63.536,44.911],[-63.533,44.907],[-63.528,44.9],[-63.527,44.899],[-63.527,44.897],[-63.526,44.896],[-63.527,44.893],[-63.53,44.883],[-63.531,44.88],[-63.531,44.879],[-63.53,44.878],[-63.53,44.877],[-63.532,44.876],[-63.533,44.875],[-63.533,44.874],[-63.535,44.872],[-63.536,44.87],[-63.538,44.869],[-63.551,44.858],[-63.553,44.856],[-63.554,44.854],[-63.556,44.853],[-63.561,44.851],[-63.57,44.846],[-63.566,44.839],[-63.567,44.838],[-63.568,44.838],[-63.568,44.837],[-63.569,44.836],[-63.57,44.835],[-63.57,44.833],[-63.571,44.833],[-63.57,44.832],[-63.57,44.831],[-63.569,44.83],[-63.57,44.829],[-63.569,44.828],[-63.569,44.827],[-63.57,44.827],[-63.571,44.826],[-63.569,44.825],[-63.569,44.826],[-63.569,44.827],[-63.567,44.826],[-63.566,44.827],[-63.566,44.825],[-63.565,44.822],[-63.564,44.821],[-63.563,44.821],[-63.563,44.82],[-63.564,44.82],[-63.563,44.819],[-63.563,44.818],[-63.564,44.817],[-63.565,44.817],[-63.566,44.816],[-63.567,44.815],[-63.568,44.814],[-63.568,44.812],[-63.567,44.811],[-63.566,44.809],[-63.565,44.808],[-63.258,44.902],[-63.256,44.903],[-63.256,44.902],[-63.255,44.902],[-63.254,44.903],[-63.254,44.905],[-63.252,44.905],[-63.249,44.904],[-63.248,44.905],[-63.247,44.905],[-63.246,44.906],[-63.245,44.908],[-63.245,44.91],[-63.244,44.91],[-63.244,44.911],[-63.242,44.912],[-63.244,44.912],[-63.245,44.912],[-63.244,44.913],[-63.245,44.914],[-63.244,44.915],[-63.243,44.915],[-63.243,44.917],[-63.244,44.917],[-63.243,44.919],[-63.243,44.921],[-63.241,44.923],[-63.242,44.925],[-63.243,44.924],[-63.244,44.924],[-63.245,44.924],[-63.246,44.925],[-63.245,44.926],[-63.245,44.927],[-63.244,44.928],[-63.244,44.929],[-63.246,44.928],[-63.247,44.928],[-63.247,44.929],[-63.246,44.929],[-63.245,44.93],[-63.246,44.931],[-63.245,44.932],[-63.244,44.934],[-63.244,44.935],[-63.245,44.935],[-63.246,44.934],[-63.247,44.935],[-63.246,44.936],[-63.245,44.936],[-63.245,44.937],[-63.246,44.938],[-63.248,44.939],[-63.246,44.939],[-63.245,44.94],[-63.246,44.941],[-63.247,44.941],[-63.248,44.942],[-63.249,44.94],[-63.251,44.94],[-63.252,44.94],[-63.255,44.94],[-63.256,44.94],[-63.258,44.941],[-63.259,44.942],[-63.26,44.943],[-63.261,44.943],[-63.262,44.942],[-63.263,44.941],[-63.264,44.941],[-63.265,44.941],[-63.267,44.944],[-63.269,44.945],[-63.27,44.946],[-63.272,44.946],[-63.273,44.946],[-63.274,44.945],[-63.276,44.943],[-63.277,44.942],[-63.278,44.942],[-63.28,44.942],[-63.281,44.943],[-63.285,44.946],[-63.287,44.946],[-63.287,44.947],[-63.287,44.949],[-63.286,44.95],[-63.285,44.951],[-63.282,44.952],[-63.281,44.952],[-63.279,44.952],[-63.278,44.951],[-63.277,44.952],[-63.275,44.953],[-63.272,44.954],[-63.27,44.955],[-63.269,44.956],[-63.267,44.956],[-63.265,44.956],[-63.264,44.957],[-63.264,44.958],[-63.264,44.959],[-63.262,44.959],[-63.259,44.96],[-63.258,44.96],[-63.256,44.96],[-63.254,44.961],[-63.251,44.964],[-63.249,44.966],[-63.248,44.967],[-63.246,44.968],[-63.244,44.967],[-63.241,44.967],[-63.238,44.967],[-63.235,44.968],[-63.233,44.967],[-63.232,44.968],[-63.233,44.972],[-63.235,44.971],[-63.238,44.97],[-63.24,44.97],[-63.242,44.971],[-63.245,44.971],[-63.247,44.971],[-63.252,44.971],[-63.253,44.971],[-63.255,44.972],[-63.257,44.971],[-63.258,44.972],[-63.259,44.971],[-63.26,44.97],[-63.261,44.971],[-63.263,44.97],[-63.267,44.97],[-63.272,44.97],[-63.275,44.97],[-63.276,44.97],[-63.278,44.97],[-63.28,44.97],[-63.282,44.97],[-63.284,44.969],[-63.286,44.968],[-63.287,44.968],[-63.293,44.966],[-63.295,44.965],[-63.296,44.964],[-63.297,44.963],[-63.299,44.961],[-63.3,44.961],[-63.302,44.959],[-63.304,44.958],[-63.305,44.96],[-63.306,44.961],[-63.308,44.961],[-63.311,44.962],[-63.313,44.962],[-63.315,44.962],[-63.324,44.962],[-63.326,44.962],[-63.328,44.963],[-63.33,44.964],[-63.331,44.964],[-63.334,44.964],[-63.336,44.963],[-63.337,44.963],[-63.341,44.963],[-63.345,44.964],[-63.349,44.963],[-63.35,44.963],[-63.352,44.964],[-63.353,44.964],[-63.355,44.964],[-63.356,44.964],[-63.358,44.963],[-63.361,44.961],[-63.362,44.961],[-63.365,44.962],[-63.366,44.962],[-63.368,44.961],[-63.369,44.96],[-63.37,44.96],[-63.37,44.959],[-63.371,44.958],[-63.372,44.958],[-63.373,44.957],[-63.374,44.959],[-63.374,44.96],[-63.375,44.962],[-63.376,44.962],[-63.376,44.964],[-63.376,44.965],[-63.377,44.967],[-63.377,44.968],[-63.378,44.968],[-63.38,44.969],[-63.382,44.969],[-63.383,44.97],[-63.383,44.971],[-63.383,44.974],[-63.382,44.976],[-63.383,44.977],[-63.383,44.979],[-63.384,44.983],[-63.385,44.983],[-63.387,44.986],[-63.388,44.988],[-63.388,44.989],[-63.387,44.99],[-63.386,44.991],[-63.386,44.993],[-63.386,44.995],[-63.385,44.997],[-63.385,45],[-63.385,45.003],[-63.384,45.005],[-63.384,45.006],[-63.383,45.009],[-63.382,45.01],[-63.382,45.013],[-63.382,45.014],[-63.383,45.017],[-63.384,45.017],[-63.385,45.019],[-63.387,45.021],[-63.387,45.022],[-63.388,45.023],[-63.388,45.024],[-63.39,45.025],[-63.39,45.027],[-63.389,45.029],[-63.389,45.03],[-63.39,45.032],[-63.389,45.032],[-63.389,45.033],[-63.387,45.034],[-63.385,45.035],[-63.383,45.035],[-63.382,45.034],[-63.38,45.033],[-63.378,45.034],[-63.377,45.034],[-63.376,45.035],[-63.375,45.036],[-63.376,45.036],[-63.376,45.037],[-63.374,45.039],[-63.374,45.04],[-63.373,45.04],[-63.372,45.04],[-63.369,45.038],[-63.368,45.036],[-63.367,45.035],[-63.366,45.035],[-63.363,45.035],[-63.362,45.034],[-63.362,45.032],[-63.362,45.031],[-63.361,45.03],[-63.36,45.03],[-63.359,45.03],[-63.357,45.03],[-63.356,45.029],[-63.355,45.03],[-63.356,45.031],[-63.356,45.032],[-63.351,45.033],[-63.349,45.035],[-63.347,45.034],[-63.346,45.035],[-63.345,45.035],[-63.343,45.035],[-63.343,45.034],[-63.342,45.035],[-63.341,45.034],[-63.341,45.035],[-63.337,45.035],[-63.336,45.036],[-63.336,45.037],[-63.291,45.053],[-63.258,45.065],[-63.227,45.075],[-63.215,45.08],[-63.171,45.095],[-63.169,45.096],[-63.168,45.096],[-63.167,45.096],[-63.167,45.097],[-63.165,45.097],[-63.164,45.098],[-63.156,45.101],[-63.114,45.115],[-63.098,45.121],[-63.079,45.128],[-63.064,45.133],[-63.042,45.141],[-63.021,45.149],[-63.014,45.152],[-63.006,45.154],[-62.999,45.156],[-62.997,45.158],[-62.992,45.161],[-62.984,45.164],[-62.971,45.169],[-62.958,45.174],[-62.956,45.174],[-62.954,45.175],[-62.947,45.177],[-62.938,45.181],[-62.936,45.182],[-62.926,45.186],[-62.915,45.19],[-62.912,45.191],[-62.904,45.193],[-62.899,45.195],[-62.897,45.195],[-62.889,45.199],[-62.886,45.202],[-62.882,45.204],[-62.878,45.206],[-62.874,45.207],[-62.869,45.209],[-62.862,45.212],[-62.86,45.213],[-62.856,45.215],[-62.855,45.216],[-62.852,45.218],[-62.848,45.221],[-62.844,45.223],[-62.84,45.225],[-62.838,45.226],[-62.833,45.229],[-62.831,45.23],[-62.83,45.232],[-62.827,45.233],[-62.825,45.235],[-62.824,45.237],[-62.819,45.239],[-62.815,45.244],[-62.81,45.246],[-62.805,45.247],[-62.798,45.247],[-62.792,45.248],[-62.787,45.25],[-62.786,45.251],[-62.783,45.252],[-62.782,45.253],[-62.779,45.254],[-62.777,45.254],[-62.772,45.255],[-62.769,45.256],[-62.765,45.257],[-62.761,45.257],[-62.76,45.258],[-62.759,45.259],[-62.758,45.26],[-62.756,45.261],[-62.751,45.263],[-62.748,45.263],[-62.745,45.264],[-62.741,45.265],[-62.74,45.266],[-62.739,45.266],[-62.739,45.267],[-62.737,45.268],[-62.736,45.269],[-62.734,45.269],[-62.732,45.269],[-62.73,45.269],[-62.729,45.269],[-62.725,45.271],[-62.725,45.272],[-62.724,45.272],[-62.723,45.273],[-62.721,45.273],[-62.717,45.275],[-62.716,45.276],[-62.714,45.276],[-62.707,45.272],[-62.7,45.269],[-62.691,45.265],[-62.681,45.26],[-62.671,45.255],[-62.669,45.255],[-62.658,45.25],[-62.652,45.246],[-62.644,45.241],[-62.636,45.237],[-62.599,45.216],[-62.561,45.195],[-62.537,45.182],[-62.515,45.171],[-62.488,45.156],[-62.481,45.152],[-62.473,45.147],[-62.472,45.147],[-62.471,45.146],[-62.468,45.146],[-62.463,45.144],[-62.457,45.14],[-62.452,45.136],[-62.448,45.134],[-62.441,45.131],[-62.434,45.126],[-62.43,45.124],[-62.425,45.12],[-62.415,45.115],[-62.414,45.114],[-62.413,45.112],[-62.412,45.111],[-62.406,45.109],[-62.404,45.108],[-62.398,45.104],[-62.395,45.102],[-62.391,45.1],[-62.389,45.099],[-62.386,45.098],[-62.383,45.097],[-62.381,45.097],[-62.38,45.095],[-62.379,45.095],[-62.377,45.095],[-62.375,45.095],[-62.37,45.094],[-62.366,45.093],[-62.363,45.092],[-62.36,45.092],[-62.356,45.09],[-62.353,45.09],[-62.349,45.089],[-62.348,45.088],[-62.348,45.086],[-62.346,45.085],[-62.344,45.083],[-62.343,45.081],[-62.343,45.077],[-62.341,45.075],[-62.338,45.076],[-62.336,45.076],[-62.335,45.074],[-62.335,45.073],[-62.315,45.062],[-62.298,45.053],[-62.28,45.044],[-62.26,45.033],[-62.24,45.022],[-62.229,45.016],[-62.207,45.004],[-62.195,44.997],[-62.185,44.993],[-62.176,44.988],[-62.175,44.987],[-62.174,44.984],[-62.17,44.981],[-62.171,44.98],[-62.167,44.979],[-62.166,44.977],[-62.166,44.976],[-62.162,44.97],[-62.14,44.938],[-62.086,44.892]]]}},{"type":"Feature","properties":{"ENGNAME":"Eastern"},"geometry":{"type":"Polygon","coordinates":[[[-62.175,45.58],[-62.177,45.584],[-62.178,45.586],[-62.181,45.595],[-62.186,45.605],[-62.186,45.606],[-62.192,45.619],[-62.202,45.644],[-62.209,45.66],[-62.211,45.666],[-62.213,45.67],[-62.218,45.682],[-62.22,45.686],[-62.224,45.697],[-62.229,45.707],[-62.233,45.718],[-62.235,45.722],[-62.237,45.728],[-62.233,45.729],[-62.232,45.729],[-62.229,45.731],[-62.222,45.736],[-62.219,45.739],[-62.215,45.742],[-62.21,45.745],[-62.205,45.748],[-62.202,45.749],[-62.198,45.751],[-62.194,45.752],[-62.191,45.753],[-62.188,45.754],[-62.187,45.755],[-62.185,45.756],[-62.183,45.758],[-62.181,45.76],[-62.18,45.762],[-62.179,45.764],[-62.178,45.766],[-62.176,45.767],[-62.175,45.768],[-62.173,45.769],[-62.168,45.77],[-62.164,45.771],[-62.161,45.772],[-62.157,45.774],[-62.151,45.776],[-62.144,45.78],[-62.139,45.782],[-62.137,45.783],[-62.133,45.785],[-62.129,45.787],[-62.126,45.788],[-62.124,45.789],[-62.12,45.789],[-62.118,45.79],[-62.114,45.79],[-62.111,45.79],[-62.108,45.79],[-62.101,45.79],[-62.097,45.79],[-62.095,45.79],[-62.094,45.79],[-62.092,45.791],[-62.09,45.792],[-62.088,45.794],[-62.087,45.795],[-62.086,45.797],[-62.084,45.8],[-62.082,45.802],[-62.079,45.805],[-62.074,45.809],[-62.071,45.812],[-62.067,45.814],[-62.064,45.817],[-62.06,45.819],[-62.057,45.822],[-62.053,45.824],[-62.049,45.827],[-62.045,45.829],[-62.041,45.831],[-62.038,45.833],[-62.033,45.836],[-62.028,45.839],[-62.025,45.84],[-62.021,45.843],[-62.015,45.847],[-62.012,45.849],[-62.009,45.851],[-62.005,45.854],[-62,45.858],[-61.998,45.86],[-61.995,45.862],[-61.994,45.864],[-61.992,45.865],[-61.99,45.868],[-61.989,45.87],[-61.989,45.872],[-61.988,45.874],[-61.987,45.875],[-61.985,45.877],[-61.984,45.878],[-61.983,45.879],[-61.981,45.88],[-61.978,45.881],[-61.975,45.882],[-61.972,45.883],[-61.968,45.884],[-61.964,45.884],[-61.961,45.885],[-61.957,45.886],[-61.954,45.887],[-61.949,45.889],[-61.945,45.89],[-61.942,45.891],[-61.94,45.892],[-61.938,45.892],[-61.935,45.892],[-61.932,45.892],[-61.929,45.892],[-61.924,45.891],[-61.922,45.891],[-61.917,45.89],[-61.913,45.889],[-61.908,45.887],[-61.905,45.886],[-61.902,45.885],[-61.897,45.882],[-61.894,45.88],[-61.892,45.878],[-61.89,45.876],[-61.889,45.875],[-61.888,45.874],[-61.888,45.872],[-61.888,45.87],[-61.889,45.869],[-61.89,45.867],[-61.891,45.866],[-61.892,45.864],[-61.895,45.862],[-61.897,45.861],[-61.9,45.86],[-61.91,45.857],[-61.912,45.856],[-61.913,45.855],[-61.915,45.854],[-61.916,45.852],[-61.916,45.851],[-61.916,45.845],[-61.916,45.843],[-61.915,45.84],[-61.915,45.837],[-61.914,45.834],[-61.913,45.832],[-61.911,45.826],[-61.909,45.822],[-61.908,45.818],[-61.908,45.815],[-61.907,45.813],[-61.906,45.809],[-61.904,45.807],[-61.903,45.804],[-61.902,45.802],[-61.901,45.799],[-61.901,45.795],[-61.901,45.792],[-61.902,45.79],[-61.902,45.788],[-61.902,45.786],[-61.901,45.781],[-61.901,45.778],[-61.902,45.776],[-61.903,45.773],[-61.903,45.771],[-61.902,45.77],[-61.902,45.769],[-61.9,45.767],[-61.899,45.766],[-61.898,45.766],[-61.894,45.764],[-61.892,45.763],[-61.89,45.762],[-61.889,45.76],[-61.888,45.759],[-61.887,45.758],[-61.887,45.756],[-61.887,45.755],[-61.887,45.753],[-61.888,45.751],[-61.888,45.75],[-61.888,45.748],[-61.888,45.747],[-61.887,45.746],[-61.886,45.745],[-61.884,45.743],[-61.883,45.742],[-61.883,45.74],[-61.882,45.738],[-61.882,45.737],[-61.882,45.735],[-61.882,45.734],[-61.883,45.733],[-61.885,45.729],[-61.887,45.726],[-61.887,45.725],[-61.888,45.721],[-61.889,45.718],[-61.89,45.717],[-61.89,45.713],[-61.89,45.711],[-61.89,45.708],[-61.89,45.706],[-61.889,45.704],[-61.888,45.702],[-61.887,45.701],[-61.886,45.7],[-61.884,45.698],[-61.882,45.696],[-61.879,45.695],[-61.876,45.693],[-61.873,45.691],[-61.87,45.69],[-61.867,45.689],[-61.862,45.687],[-61.858,45.686],[-61.856,45.686],[-61.852,45.685],[-61.847,45.684],[-61.844,45.684],[-61.841,45.683],[-61.838,45.682],[-61.834,45.681],[-61.831,45.68],[-61.828,45.679],[-61.826,45.677],[-61.823,45.676],[-61.821,45.674],[-61.819,45.673],[-61.817,45.671],[-61.815,45.669],[-61.814,45.666],[-61.813,45.664],[-61.812,45.663],[-61.812,45.661],[-61.812,45.66],[-61.812,45.659],[-61.812,45.657],[-61.811,45.656],[-61.81,45.655],[-61.808,45.654],[-61.805,45.653],[-61.803,45.652],[-61.799,45.651],[-61.796,45.651],[-61.793,45.65],[-61.789,45.65],[-61.784,45.65],[-61.78,45.65],[-61.779,45.651],[-61.776,45.651],[-61.774,45.652],[-61.772,45.653],[-61.77,45.653],[-61.767,45.653],[-61.766,45.653],[-61.764,45.653],[-61.763,45.653],[-61.761,45.653],[-61.759,45.655],[-61.759,45.656],[-61.758,45.658],[-61.757,45.66],[-61.756,45.661],[-61.755,45.662],[-61.753,45.663],[-61.751,45.663],[-61.748,45.663],[-61.746,45.663],[-61.744,45.663],[-61.743,45.662],[-61.742,45.662],[-61.74,45.661],[-61.739,45.659],[-61.738,45.657],[-61.738,45.655],[-61.737,45.651],[-61.736,45.649],[-61.734,45.647],[-61.732,45.644],[-61.731,45.642],[-61.729,45.641],[-61.727,45.64],[-61.725,45.639],[-61.723,45.639],[-61.72,45.639],[-61.718,45.639],[-61.717,45.639],[-61.715,45.64],[-61.712,45.641],[-61.71,45.642],[-61.707,45.643],[-61.704,45.643],[-61.701,45.643],[-61.7,45.643],[-61.697,45.643],[-61.693,45.642],[-61.692,45.642],[-61.689,45.642],[-61.687,45.642],[-61.685,45.642],[-61.683,45.643],[-61.681,45.643],[-61.679,45.644],[-61.677,45.646],[-61.675,45.648],[-61.675,45.649],[-61.674,45.651],[-61.674,45.652],[-61.675,45.654],[-61.674,45.655],[-61.674,45.656],[-61.673,45.657],[-61.671,45.658],[-61.669,45.657],[-61.667,45.656],[-61.665,45.655],[-61.661,45.654],[-61.657,45.652],[-61.656,45.652],[-61.653,45.651],[-61.651,45.651],[-61.649,45.652],[-61.648,45.652],[-61.645,45.653],[-61.643,45.654],[-61.639,45.654],[-61.637,45.655],[-61.633,45.654],[-61.629,45.654],[-61.627,45.653],[-61.624,45.653],[-61.621,45.654],[-61.618,45.654],[-61.615,45.655],[-61.614,45.655],[-61.608,45.658],[-61.604,45.659],[-61.602,45.659],[-61.601,45.66],[-61.599,45.662],[-61.598,45.663],[-61.598,45.664],[-61.598,45.665],[-61.598,45.666],[-61.6,45.668],[-61.6,45.67],[-61.601,45.672],[-61.6,45.673],[-61.6,45.675],[-61.599,45.676],[-61.598,45.678],[-61.596,45.679],[-61.595,45.68],[-61.593,45.681],[-61.591,45.682],[-61.589,45.682],[-61.586,45.683],[-61.584,45.683],[-61.582,45.684],[-61.581,45.685],[-61.58,45.686],[-61.579,45.687],[-61.578,45.688],[-61.577,45.69],[-61.577,45.694],[-61.576,45.695],[-61.575,45.696],[-61.574,45.697],[-61.573,45.697],[-61.57,45.697],[-61.568,45.697],[-61.566,45.697],[-61.56,45.695],[-61.557,45.694],[-61.554,45.693],[-61.552,45.693],[-61.55,45.693],[-61.548,45.693],[-61.546,45.694],[-61.542,45.694],[-61.54,45.695],[-61.537,45.696],[-61.534,45.697],[-61.53,45.698],[-61.526,45.698],[-61.522,45.699],[-61.516,45.699],[-61.51,45.699],[-61.505,45.699],[-61.499,45.699],[-61.493,45.698],[-61.489,45.698],[-61.487,45.697],[-61.485,45.697],[-61.483,45.696],[-61.48,45.695],[-61.477,45.692],[-61.474,45.691],[-61.472,45.69],[-61.469,45.688],[-61.466,45.687],[-61.463,45.685],[-61.46,45.683],[-61.459,45.682],[-61.457,45.68],[-61.455,45.678],[-61.454,45.676],[-61.452,45.674],[-61.451,45.672],[-61.449,45.671],[-61.447,45.669],[-61.445,45.667],[-61.442,45.666],[-61.439,45.663],[-61.437,45.662],[-61.435,45.66],[-61.433,45.658],[-61.434,45.661],[-61.437,45.667],[-61.439,45.67],[-61.441,45.672],[-61.442,45.674],[-61.443,45.676],[-61.444,45.678],[-61.445,45.681],[-61.446,45.684],[-61.446,45.685],[-61.447,45.687],[-61.448,45.689],[-61.449,45.689],[-61.451,45.691],[-61.454,45.693],[-61.456,45.694],[-61.458,45.695],[-61.459,45.697],[-61.461,45.698],[-61.463,45.701],[-61.464,45.703],[-61.464,45.704],[-61.464,45.706],[-61.465,45.708],[-61.467,45.71],[-61.468,45.712],[-61.47,45.714],[-61.471,45.716],[-61.472,45.718],[-61.472,45.72],[-61.472,45.722],[-61.472,45.724],[-61.471,45.725],[-61.469,45.727],[-61.469,45.729],[-61.469,45.731],[-61.469,45.735],[-61.469,45.737],[-61.469,45.739],[-61.469,45.74],[-61.469,45.742],[-61.47,45.744],[-61.471,45.745],[-61.472,45.746],[-61.473,45.748],[-61.474,45.749],[-61.474,45.751],[-61.474,45.753],[-61.474,45.755],[-61.475,45.756],[-61.475,45.758],[-61.477,45.762],[-61.478,45.764],[-61.479,45.768],[-61.48,45.77],[-61.481,45.776],[-61.481,45.778],[-61.481,45.779],[-61.482,45.781],[-61.483,45.783],[-61.484,45.784],[-61.487,45.787],[-61.489,45.789],[-61.49,45.791],[-61.492,45.793],[-61.494,45.795],[-61.496,45.796],[-61.498,45.798],[-61.5,45.799],[-61.501,45.801],[-61.502,45.802],[-61.502,45.804],[-61.501,45.805],[-61.501,45.806],[-61.5,45.809],[-61.499,45.812],[-61.499,45.813],[-61.499,45.815],[-61.499,45.818],[-61.5,45.82],[-61.5,45.823],[-61.501,45.826],[-61.5,45.827],[-61.5,45.83],[-61.5,45.833],[-61.5,45.834],[-61.501,45.836],[-61.501,45.838],[-61.503,45.841],[-61.504,45.843],[-61.506,45.847],[-61.507,45.851],[-61.508,45.855],[-61.509,45.857],[-61.509,45.861],[-61.509,45.864],[-61.509,45.865],[-61.508,45.869],[-61.507,45.872],[-61.507,45.875],[-61.506,45.877],[-61.505,45.879],[-61.503,45.882],[-61.502,45.886],[-61.501,45.891],[-61.501,45.893],[-61.501,45.895],[-61.502,45.896],[-61.503,45.897],[-61.505,45.899],[-61.507,45.899],[-61.509,45.9],[-61.511,45.9],[-61.512,45.9],[-61.514,45.901],[-61.515,45.902],[-61.517,45.903],[-61.518,45.905],[-61.519,45.907],[-61.519,45.909],[-61.519,45.91],[-61.519,45.911],[-61.52,45.912],[-61.52,45.913],[-61.523,45.915],[-61.525,45.917],[-61.527,45.92],[-61.528,45.921],[-61.529,45.923],[-61.53,45.925],[-61.53,45.926],[-61.531,45.928],[-61.531,45.931],[-61.531,45.933],[-61.532,45.935],[-61.534,45.936],[-61.536,45.938],[-61.543,45.945],[-61.547,45.947],[-61.549,45.949],[-61.552,45.95],[-61.555,45.952],[-61.558,45.954],[-61.561,45.955],[-61.565,45.957],[-61.566,45.957],[-61.57,45.959],[-61.573,45.96],[-61.576,45.96],[-61.58,45.961],[-61.584,45.962],[-61.587,45.962],[-61.591,45.962],[-61.594,45.962],[-61.597,45.963],[-61.598,45.963],[-61.6,45.964],[-61.602,45.965],[-61.603,45.966],[-61.604,45.967],[-61.605,45.968],[-61.606,45.969],[-61.607,45.973],[-61.607,45.975],[-61.608,45.977],[-61.608,45.979],[-61.608,45.982],[-61.607,45.984],[-61.606,45.987],[-61.606,45.989],[-61.605,45.99],[-61.603,45.993],[-61.598,46.001],[-61.596,46.003],[-61.593,46.008],[-61.589,46.012],[-61.586,46.016],[-61.583,46.019],[-61.577,46.023],[-61.57,46.028],[-61.568,46.029],[-61.566,46.031],[-61.565,46.031],[-61.564,46.033],[-61.562,46.035],[-61.561,46.037],[-61.561,46.039],[-61.56,46.041],[-61.56,46.042],[-61.559,46.044],[-61.558,46.045],[-61.557,46.047],[-61.556,46.048],[-61.554,46.05],[-61.552,46.051],[-61.549,46.053],[-61.545,46.055],[-61.542,46.056],[-61.539,46.057],[-61.536,46.058],[-61.534,46.059],[-61.532,46.06],[-61.53,46.062],[-61.527,46.064],[-61.525,46.065],[-61.523,46.066],[-61.521,46.067],[-61.519,46.068],[-61.516,46.069],[-61.515,46.07],[-61.511,46.071],[-61.508,46.071],[-61.505,46.072],[-61.503,46.072],[-61.5,46.073],[-61.499,46.074],[-61.496,46.075],[-61.494,46.076],[-61.491,46.079],[-61.49,46.079],[-61.489,46.081],[-61.488,46.082],[-61.487,46.084],[-61.488,46.086],[-61.488,46.087],[-61.489,46.089],[-61.49,46.091],[-61.491,46.093],[-61.492,46.096],[-61.491,46.098],[-61.491,46.099],[-61.49,46.101],[-61.489,46.102],[-61.488,46.103],[-61.486,46.106],[-61.484,46.107],[-61.484,46.109],[-61.483,46.111],[-61.482,46.114],[-61.482,46.115],[-61.481,46.116],[-61.479,46.119],[-61.477,46.121],[-61.476,46.122],[-61.475,46.124],[-61.474,46.125],[-61.474,46.128],[-61.473,46.129],[-61.473,46.133],[-61.473,46.134],[-61.472,46.137],[-61.471,46.139],[-61.47,46.14],[-61.467,46.143],[-61.465,46.144],[-61.463,46.146],[-61.462,46.148],[-61.461,46.149],[-61.461,46.151],[-61.46,46.153],[-61.459,46.155],[-61.458,46.156],[-61.457,46.158],[-61.455,46.161],[-61.453,46.163],[-61.451,46.165],[-61.45,46.166],[-61.446,46.168],[-61.444,46.169],[-61.441,46.172],[-61.44,46.173],[-61.438,46.175],[-61.437,46.177],[-61.436,46.178],[-61.435,46.181],[-61.434,46.183],[-61.432,46.185],[-61.43,46.187],[-61.429,46.189],[-61.427,46.191],[-61.425,46.192],[-61.422,46.194],[-61.42,46.195],[-61.418,46.197],[-61.415,46.198],[-61.413,46.199],[-61.41,46.2],[-61.365,46.216],[-61.36,46.217],[-61.355,46.219],[-61.351,46.221],[-61.346,46.223],[-61.342,46.225],[-61.338,46.227],[-61.334,46.229],[-61.331,46.231],[-61.328,46.232],[-61.321,46.236],[-61.315,46.24],[-61.309,46.244],[-61.306,46.246],[-61.3,46.25],[-61.297,46.252],[-61.292,46.256],[-61.289,46.259],[-61.286,46.262],[-61.285,46.264],[-61.283,46.267],[-61.282,46.269],[-61.28,46.276],[-61.278,46.281],[-61.277,46.286],[-61.276,46.291],[-61.276,46.296],[-61.275,46.301],[-61.275,46.306],[-61.275,46.311],[-61.276,46.316],[-61.276,46.318],[-61.277,46.322],[-61.277,46.324],[-61.278,46.329],[-61.278,46.332],[-61.278,46.334],[-61.279,46.337],[-61.278,46.34],[-61.278,46.343],[-61.278,46.346],[-61.277,46.349],[-61.276,46.352],[-61.276,46.355],[-61.273,46.358],[-61.271,46.361],[-61.269,46.363],[-61.266,46.366],[-61.264,46.368],[-61.261,46.37],[-61.258,46.372],[-61.257,46.373],[-61.251,46.376],[-61.248,46.378],[-61.243,46.38],[-61.239,46.381],[-61.234,46.383],[-61.23,46.385],[-61.225,46.387],[-61.22,46.388],[-61.211,46.391],[-61.208,46.392],[-61.204,46.393],[-61.199,46.395],[-61.194,46.397],[-61.189,46.399],[-61.186,46.4],[-61.181,46.403],[-61.178,46.405],[-61.175,46.406],[-61.171,46.409],[-61.168,46.411],[-61.159,46.418],[-61.155,46.422],[-61.151,46.426],[-61.146,46.43],[-61.141,46.436],[-61.14,46.437],[-61.139,46.439],[-61.137,46.441],[-61.136,46.443],[-61.134,46.445],[-61.133,46.446],[-61.13,46.448],[-61.127,46.45],[-61.126,46.45],[-61.123,46.451],[-61.121,46.452],[-61.117,46.454],[-61.114,46.455],[-61.112,46.457],[-61.11,46.458],[-61.108,46.46],[-61.105,46.462],[-61.103,46.464],[-61.1,46.47],[-61.092,46.482],[-61.091,46.484],[-61.089,46.486],[-61.088,46.488],[-61.086,46.491],[-61.085,46.494],[-61.084,46.497],[-61.084,46.499],[-61.083,46.502],[-61.083,46.504],[-61.082,46.507],[-61.082,46.51],[-61.082,46.512],[-61.082,46.514],[-61.083,46.517],[-61.083,46.519],[-61.083,46.522],[-61.083,46.523],[-61.082,46.525],[-61.081,46.527],[-61.081,46.528],[-61.08,46.53],[-61.078,46.532],[-61.076,46.535],[-61.074,46.537],[-61.072,46.539],[-61.066,46.542],[-61.061,46.546],[-61.056,46.55],[-61.051,46.555],[-61.047,46.558],[-61.044,46.561],[-61.041,46.564],[-61.04,46.565],[-61.039,46.568],[-61.039,46.571],[-61.038,46.572],[-61.037,46.575],[-61.037,46.577],[-61.037,46.58],[-61.037,46.583],[-61.037,46.586],[-61.038,46.589],[-61.038,46.592],[-61.039,46.594],[-61.04,46.595],[-61.041,46.596],[-61.042,46.596],[-61.044,46.597],[-61.046,46.597],[-61.048,46.597],[-61.05,46.597],[-61.054,46.596],[-61.056,46.596],[-61.06,46.596],[-61.061,46.597],[-61.063,46.597],[-61.064,46.599],[-61.065,46.6],[-61.065,46.602],[-61.065,46.603],[-61.065,46.604],[-61.064,46.606],[-61.063,46.607],[-61.062,46.609],[-61.061,46.61],[-61.06,46.613],[-61.06,46.616],[-61.059,46.618],[-61.058,46.621],[-61.056,46.623],[-61.055,46.625],[-61.053,46.627],[-61.05,46.629],[-61.049,46.63],[-61.047,46.633],[-61.045,46.635],[-61.042,46.638],[-61.041,46.641],[-61.04,46.643],[-61.039,46.645],[-61.038,46.647],[-61.038,46.648],[-61.036,46.65],[-61.035,46.652],[-61.033,46.653],[-61.03,46.655],[-61.028,46.656],[-61.025,46.656],[-61.022,46.656],[-61.02,46.656],[-61.017,46.656],[-61.014,46.656],[-61.011,46.655],[-61.009,46.655],[-61.007,46.655],[-61.005,46.655],[-61.003,46.655],[-61.003,46.656],[-61,46.657],[-60.998,46.658],[-60.997,46.659],[-60.994,46.659],[-60.992,46.66],[-60.989,46.661],[-60.986,46.662],[-60.984,46.663],[-60.982,46.664],[-60.975,46.669],[-60.972,46.671],[-60.969,46.674],[-60.968,46.676],[-60.967,46.678],[-60.967,46.681],[-60.968,46.682],[-60.969,46.683],[-60.969,46.686],[-60.969,46.687],[-60.969,46.689],[-60.967,46.692],[-60.966,46.694],[-60.965,46.695],[-60.963,46.697],[-60.961,46.699],[-60.959,46.701],[-60.955,46.704],[-60.952,46.707],[-60.95,46.709],[-60.946,46.714],[-60.945,46.715],[-60.943,46.717],[-60.94,46.719],[-60.938,46.721],[-60.937,46.722],[-60.935,46.724],[-60.934,46.725],[-60.933,46.727],[-60.932,46.728],[-60.932,46.73],[-60.931,46.733],[-60.93,46.735],[-60.929,46.736],[-60.926,46.741],[-60.925,46.743],[-60.923,46.746],[-60.922,46.748],[-60.921,46.75],[-60.92,46.751],[-60.918,46.754],[-60.916,46.756],[-60.915,46.757],[-60.914,46.759],[-60.913,46.761],[-60.912,46.763],[-60.911,46.765],[-60.91,46.769],[-60.909,46.77],[-60.908,46.772],[-60.906,46.775],[-60.903,46.778],[-60.902,46.78],[-60.9,46.782],[-60.9,46.784],[-60.899,46.786],[-60.898,46.787],[-60.897,46.789],[-60.896,46.79],[-60.894,46.792],[-60.892,46.794],[-60.89,46.795],[-60.887,46.798],[-60.885,46.799],[-60.883,46.802],[-60.882,46.804],[-60.881,46.806],[-60.879,46.807],[-60.877,46.808],[-60.875,46.81],[-60.873,46.811],[-60.869,46.813],[-60.864,46.816],[-60.855,46.822],[-60.853,46.823],[-60.85,46.825],[-60.847,46.826],[-60.845,46.827],[-60.842,46.827],[-60.839,46.828],[-60.836,46.829],[-60.834,46.829],[-60.83,46.829],[-60.827,46.829],[-60.823,46.83],[-60.82,46.83],[-60.816,46.831],[-60.812,46.832],[-60.808,46.834],[-60.804,46.835],[-60.802,46.836],[-60.799,46.838],[-60.797,46.839],[-60.795,46.841],[-60.793,46.842],[-60.791,46.844],[-60.788,46.846],[-60.786,46.848],[-60.783,46.851],[-60.782,46.854],[-60.781,46.855],[-60.779,46.858],[-60.776,46.861],[-60.772,46.864],[-60.769,46.867],[-60.766,46.868],[-60.763,46.87],[-60.761,46.872],[-60.758,46.873],[-60.754,46.875],[-60.75,46.876],[-60.746,46.879],[-60.741,46.881],[-60.737,46.884],[-60.733,46.887],[-60.729,46.89],[-60.726,46.892],[-60.724,46.894],[-60.72,46.897],[-60.715,46.901],[-60.713,46.902],[-60.71,46.904],[-60.708,46.906],[-60.705,46.909],[-60.703,46.911],[-60.701,46.912],[-60.699,46.914],[-60.697,46.917],[-60.696,46.919],[-60.695,46.921],[-60.694,46.923],[-60.694,46.925],[-60.694,46.926],[-60.694,46.928],[-60.693,46.929],[-60.693,46.931],[-60.691,46.934],[-60.69,46.938],[-60.688,46.942],[-60.688,46.946],[-60.687,46.948],[-60.687,46.951],[-60.686,46.955],[-60.686,46.957],[-60.684,46.959],[-60.683,46.962],[-60.681,46.964],[-60.68,46.966],[-60.679,46.968],[-60.678,46.969],[-60.677,46.974],[-60.675,46.977],[-60.674,46.979],[-60.673,46.982],[-60.671,46.985],[-60.669,46.987],[-60.667,46.99],[-60.665,46.992],[-60.662,46.994],[-60.66,46.996],[-60.657,46.998],[-60.655,47],[-60.651,47.003],[-60.648,47.006],[-60.645,47.009],[-60.643,47.011],[-60.642,47.013],[-60.64,47.015],[-60.638,47.017],[-60.634,47.02],[-60.632,47.021],[-60.631,47.022],[-60.63,47.024],[-60.629,47.027],[-60.627,47.03],[-60.625,47.032],[-60.623,47.033],[-60.621,47.035],[-60.618,47.037],[-60.616,47.038],[-60.613,47.04],[-60.609,47.042],[-60.605,47.044],[-60.602,47.045],[-60.6,47.045],[-60.596,47.046],[-60.593,47.046],[-60.59,47.046],[-60.587,47.045],[-60.585,47.044],[-60.582,47.042],[-60.579,47.041],[-60.578,47.04],[-60.574,47.039],[-60.572,47.038],[-60.569,47.038],[-60.564,47.037],[-60.558,47.037],[-60.556,47.037],[-60.555,47.036],[-60.553,47.035],[-60.551,47.034],[-60.55,47.033],[-60.548,47.032],[-60.547,47.031],[-60.546,47.031],[-60.544,47.03],[-60.542,47.03],[-60.54,47.031],[-60.539,47.031],[-60.537,47.032],[-60.523,47.042],[-60.509,47.052],[-60.494,47.062],[-60.479,47.071],[-60.464,47.08],[-60.45,47.089],[-60.444,47.092],[-60.439,47.095],[-60.434,47.097],[-60.429,47.1],[-60.423,47.102],[-60.418,47.104],[-60.413,47.107],[-60.406,47.109],[-60.404,47.11],[-60.398,47.112],[-60.393,47.114],[-60.387,47.116],[-60.381,47.117],[-60.376,47.119],[-60.365,47.122],[-60.361,47.123],[-60.354,47.125],[-60.346,47.127],[-60.339,47.129],[-60.331,47.131],[-60.324,47.133],[-60.317,47.136],[-60.31,47.138],[-60.303,47.141],[-60.289,47.145],[-60.281,47.149],[-60.272,47.152],[-60.264,47.155],[-60.256,47.159],[-60.248,47.162],[-60.239,47.166],[-60.231,47.17],[-60.216,47.177],[-60.212,47.18],[-60.208,47.182],[-60.204,47.184],[-60.201,47.186],[-60.197,47.188],[-60.193,47.191],[-60.189,47.193],[-60.186,47.195],[-60.182,47.198],[-60.177,47.202],[-60.169,47.207],[-60.166,47.209],[-60.164,47.21],[-60.16,47.212],[-60.158,47.213],[-60.157,47.215],[-60.156,47.216],[-60.154,47.221],[-60.152,47.224],[-60.151,47.226],[-60.15,47.229],[-60.149,47.23],[-60.148,47.231],[-60.146,47.232],[-60.144,47.232],[-60.143,47.232],[-60.14,47.232],[-60.138,47.231],[-60.136,47.23],[-60.134,47.23],[-60.133,47.229],[-60.131,47.227],[-60.13,47.225],[-60.13,47.224],[-60.13,47.222],[-60.13,47.221],[-60.13,47.217],[-60.131,47.214],[-60.13,47.209],[-60.13,47.204],[-60.13,47.202],[-60.13,47.199],[-60.131,47.194],[-60.132,47.191],[-60.133,47.186],[-60.135,47.181],[-60.136,47.179],[-60.138,47.174],[-60.14,47.169],[-60.143,47.164],[-60.145,47.16],[-60.148,47.157],[-60.15,47.154],[-60.153,47.151],[-60.154,47.149],[-60.157,47.147],[-60.159,47.145],[-60.162,47.142],[-60.165,47.14],[-60.167,47.138],[-60.171,47.136],[-60.176,47.132],[-60.181,47.13],[-60.184,47.128],[-60.188,47.126],[-60.192,47.124],[-60.196,47.122],[-60.201,47.12],[-60.205,47.119],[-60.209,47.117],[-60.213,47.115],[-60.218,47.114],[-60.222,47.112],[-60.227,47.111],[-60.231,47.109],[-60.236,47.108],[-60.24,47.107],[-60.252,47.104],[-60.257,47.102],[-60.262,47.101],[-60.267,47.099],[-60.272,47.097],[-60.277,47.096],[-60.282,47.094],[-60.287,47.092],[-60.292,47.09],[-60.297,47.088],[-60.302,47.086],[-60.306,47.084],[-60.311,47.082],[-60.316,47.08],[-60.32,47.078],[-60.325,47.075],[-60.329,47.073],[-60.333,47.071],[-60.338,47.068],[-60.342,47.066],[-60.349,47.061],[-60.353,47.059],[-60.356,47.056],[-60.36,47.053],[-60.361,47.052],[-60.363,47.049],[-60.366,47.046],[-60.367,47.045],[-60.368,47.042],[-60.37,47.038],[-60.371,47.035],[-60.372,47.031],[-60.373,47.029],[-60.374,47.027],[-60.375,47.024],[-60.377,47.02],[-60.379,47.017],[-60.382,47.014],[-60.384,47.011],[-60.387,47.007],[-60.391,47.002],[-60.393,47.001],[-60.396,46.997],[-60.399,46.993],[-60.403,46.99],[-60.406,46.987],[-60.41,46.984],[-60.414,46.981],[-60.416,46.979],[-60.42,46.977],[-60.424,46.974],[-60.429,46.97],[-60.432,46.967],[-60.438,46.962],[-60.441,46.961],[-60.444,46.958],[-60.447,46.957],[-60.449,46.956],[-60.45,46.955],[-60.451,46.953],[-60.452,46.952],[-60.453,46.951],[-60.453,46.949],[-60.454,46.944],[-60.454,46.94],[-60.454,46.937],[-60.454,46.933],[-60.453,46.928],[-60.452,46.923],[-60.451,46.921],[-60.45,46.918],[-60.449,46.914],[-60.447,46.911],[-60.446,46.908],[-60.444,46.905],[-60.442,46.902],[-60.44,46.899],[-60.438,46.896],[-60.434,46.892],[-60.43,46.888],[-60.428,46.886],[-60.426,46.885],[-60.424,46.884],[-60.421,46.883],[-60.419,46.882],[-60.415,46.882],[-60.41,46.881],[-60.405,46.881],[-60.401,46.88],[-60.395,46.879],[-60.393,46.879],[-60.39,46.879],[-60.388,46.879],[-60.385,46.879],[-60.382,46.879],[-60.378,46.88],[-60.374,46.881],[-60.372,46.882],[-60.371,46.882],[-60.369,46.884],[-60.367,46.885],[-60.366,46.886],[-60.365,46.888],[-60.364,46.889],[-60.363,46.89],[-60.36,46.891],[-60.358,46.892],[-60.356,46.892],[-60.353,46.892],[-60.35,46.892],[-60.348,46.892],[-60.345,46.891],[-60.343,46.891],[-60.34,46.89],[-60.339,46.889],[-60.337,46.888],[-60.336,46.886],[-60.335,46.885],[-60.333,46.882],[-60.332,46.88],[-60.331,46.878],[-60.329,46.876],[-60.326,46.875],[-60.324,46.873],[-60.322,46.872],[-60.319,46.871],[-60.317,46.87],[-60.315,46.868],[-60.313,46.867],[-60.311,46.865],[-60.309,46.863],[-60.307,46.861],[-60.304,46.859],[-60.301,46.857],[-60.3,46.856],[-60.298,46.854],[-60.297,46.853],[-60.297,46.851],[-60.296,46.85],[-60.296,46.848],[-60.296,46.847],[-60.297,46.843],[-60.297,46.841],[-60.299,46.837],[-60.3,46.833],[-60.302,46.83],[-60.304,46.826],[-60.305,46.824],[-60.307,46.821],[-60.308,46.819],[-60.309,46.817],[-60.309,46.816],[-60.31,46.812],[-60.31,46.806],[-60.311,46.804],[-60.311,46.803],[-60.312,46.801],[-60.313,46.799],[-60.313,46.798],[-60.314,46.797],[-60.313,46.795],[-60.313,46.793],[-60.312,46.791],[-60.312,46.79],[-60.311,46.787],[-60.311,46.784],[-60.311,46.782],[-60.311,46.78],[-60.313,46.778],[-60.315,46.776],[-60.316,46.776],[-60.317,46.775],[-60.317,46.774],[-60.318,46.772],[-60.317,46.771],[-60.317,46.77],[-60.316,46.769],[-60.315,46.767],[-60.314,46.764],[-60.314,46.762],[-60.315,46.757],[-60.315,46.754],[-60.316,46.751],[-60.316,46.749],[-60.317,46.746],[-60.318,46.744],[-60.319,46.742],[-60.32,46.74],[-60.321,46.737],[-60.323,46.735],[-60.324,46.733],[-60.326,46.731],[-60.329,46.728],[-60.33,46.727],[-60.333,46.724],[-60.334,46.723],[-60.336,46.722],[-60.342,46.719],[-60.343,46.718],[-60.344,46.716],[-60.345,46.714],[-60.345,46.713],[-60.344,46.71],[-60.343,46.708],[-60.341,46.706],[-60.34,46.705],[-60.338,46.703],[-60.337,46.702],[-60.333,46.7],[-60.33,46.699],[-60.329,46.698],[-60.328,46.696],[-60.326,46.694],[-60.325,46.691],[-60.324,46.688],[-60.324,46.686],[-60.324,46.682],[-60.324,46.679],[-60.324,46.676],[-60.324,46.673],[-60.325,46.669],[-60.327,46.666],[-60.328,46.664],[-60.33,46.661],[-60.332,46.659],[-60.334,46.657],[-60.336,46.654],[-60.338,46.651],[-60.339,46.649],[-60.34,46.646],[-60.341,46.643],[-60.342,46.641],[-60.343,46.638],[-60.343,46.635],[-60.344,46.633],[-60.344,46.629],[-60.344,46.628],[-60.344,46.624],[-60.344,46.622],[-60.344,46.619],[-60.344,46.616],[-60.345,46.613],[-60.346,46.611],[-60.347,46.61],[-60.349,46.608],[-60.35,46.607],[-60.352,46.605],[-60.355,46.603],[-60.356,46.602],[-60.359,46.601],[-60.36,46.6],[-60.361,46.599],[-60.362,46.598],[-60.363,46.596],[-60.365,46.593],[-60.367,46.592],[-60.368,46.591],[-60.37,46.59],[-60.371,46.589],[-60.372,46.587],[-60.373,46.585],[-60.375,46.582],[-60.376,46.579],[-60.378,46.578],[-60.381,46.574],[-60.383,46.572],[-60.386,46.567],[-60.389,46.564],[-60.396,46.556],[-60.397,46.554],[-60.399,46.552],[-60.4,46.551],[-60.402,46.549],[-60.402,46.548],[-60.404,46.545],[-60.405,46.543],[-60.405,46.54],[-60.405,46.536],[-60.406,46.534],[-60.407,46.533],[-60.408,46.53],[-60.41,46.528],[-60.41,46.526],[-60.41,46.524],[-60.41,46.522],[-60.411,46.521],[-60.411,46.519],[-60.412,46.518],[-60.412,46.516],[-60.414,46.515],[-60.417,46.511],[-60.422,46.507],[-60.425,46.504],[-60.426,46.504],[-60.428,46.501],[-60.429,46.499],[-60.429,46.498],[-60.429,46.495],[-60.43,46.491],[-60.43,46.488],[-60.431,46.485],[-60.433,46.481],[-60.434,46.48],[-60.435,46.478],[-60.437,46.477],[-60.439,46.476],[-60.44,46.475],[-60.441,46.474],[-60.442,46.472],[-60.443,46.471],[-60.444,46.467],[-60.445,46.465],[-60.447,46.461],[-60.448,46.46],[-60.449,46.456],[-60.45,46.455],[-60.451,46.453],[-60.452,46.452],[-60.452,46.45],[-60.453,46.448],[-60.453,46.446],[-60.452,46.444],[-60.452,46.441],[-60.451,46.438],[-60.451,46.435],[-60.451,46.433],[-60.451,46.43],[-60.452,46.427],[-60.453,46.425],[-60.454,46.423],[-60.455,46.421],[-60.457,46.419],[-60.459,46.416],[-60.461,46.414],[-60.464,46.411],[-60.466,46.41],[-60.468,46.41],[-60.469,46.408],[-60.475,46.402],[-60.479,46.398],[-60.483,46.394],[-60.499,46.383],[-60.502,46.382],[-60.506,46.38],[-60.509,46.378],[-60.511,46.376],[-60.512,46.376],[-60.514,46.374],[-60.515,46.372],[-60.515,46.37],[-60.516,46.369],[-60.516,46.367],[-60.516,46.366],[-60.514,46.36],[-60.512,46.353],[-60.512,46.352],[-60.512,46.351],[-60.512,46.349],[-60.512,46.347],[-60.514,46.344],[-60.517,46.34],[-60.52,46.336],[-60.522,46.334],[-60.525,46.331],[-60.527,46.328],[-60.528,46.327],[-60.531,46.325],[-60.533,46.323],[-60.535,46.321],[-60.536,46.319],[-60.537,46.317],[-60.538,46.316],[-60.538,46.314],[-60.538,46.313],[-60.539,46.311],[-60.538,46.308],[-60.538,46.306],[-60.537,46.305],[-60.535,46.304],[-60.533,46.303],[-60.532,46.303],[-60.531,46.303],[-60.529,46.303],[-60.527,46.303],[-60.524,46.305],[-60.523,46.306],[-60.521,46.307],[-60.518,46.309],[-60.517,46.31],[-60.515,46.311],[-60.513,46.312],[-60.511,46.313],[-60.505,46.315],[-60.501,46.317],[-60.499,46.318],[-60.496,46.319],[-60.494,46.321],[-60.492,46.322],[-60.489,46.325],[-60.488,46.327],[-60.484,46.331],[-60.481,46.333],[-60.477,46.336],[-60.473,46.34],[-60.468,46.343],[-60.465,46.345],[-60.461,46.347],[-60.458,46.348],[-60.456,46.349],[-60.453,46.349],[-60.451,46.35],[-60.448,46.35],[-60.444,46.35],[-60.44,46.35],[-60.437,46.35],[-60.435,46.35],[-60.433,46.35],[-60.43,46.351],[-60.427,46.352],[-60.425,46.353],[-60.423,46.354],[-60.419,46.357],[-60.414,46.36],[-60.409,46.364],[-60.405,46.368],[-60.4,46.372],[-60.395,46.376],[-60.391,46.38],[-60.387,46.384],[-60.38,46.39],[-60.378,46.392],[-60.377,46.392],[-60.375,46.393],[-60.373,46.393],[-60.37,46.393],[-60.368,46.393],[-60.367,46.392],[-60.364,46.392],[-60.363,46.391],[-60.362,46.39],[-60.36,46.388],[-60.359,46.387],[-60.357,46.385],[-60.356,46.383],[-60.356,46.381],[-60.356,46.379],[-60.356,46.376],[-60.356,46.371],[-60.355,46.365],[-60.355,46.36],[-60.354,46.355],[-60.353,46.352],[-60.352,46.349],[-60.351,46.347],[-60.349,46.345],[-60.347,46.342],[-60.344,46.34],[-60.342,46.339],[-60.339,46.338],[-60.336,46.337],[-60.334,46.337],[-60.331,46.336],[-60.328,46.336],[-60.324,46.335],[-60.322,46.335],[-60.32,46.335],[-60.318,46.335],[-60.315,46.335],[-60.313,46.336],[-60.31,46.337],[-60.308,46.337],[-60.304,46.339],[-60.302,46.34],[-60.3,46.341],[-60.298,46.343],[-60.296,46.345],[-60.293,46.346],[-60.291,46.347],[-60.289,46.347],[-60.287,46.346],[-60.286,46.346],[-60.285,46.344],[-60.284,46.344],[-60.282,46.34],[-60.281,46.337],[-60.28,46.333],[-60.279,46.329],[-60.279,46.324],[-60.278,46.322],[-60.278,46.321],[-60.276,46.32],[-60.274,46.319],[-60.272,46.318],[-60.269,46.317],[-60.265,46.316],[-60.263,46.316],[-60.26,46.314],[-60.258,46.313],[-60.256,46.311],[-60.255,46.309],[-60.254,46.306],[-60.254,46.305],[-60.254,46.303],[-60.254,46.301],[-60.255,46.3],[-60.256,46.297],[-60.257,46.296],[-60.256,46.294],[-60.256,46.292],[-60.255,46.291],[-60.254,46.29],[-60.252,46.289],[-60.25,46.288],[-60.249,46.287],[-60.248,46.286],[-60.247,46.284],[-60.245,46.282],[-60.245,46.281],[-60.244,46.278],[-60.243,46.276],[-60.242,46.275],[-60.241,46.274],[-60.239,46.273],[-60.238,46.272],[-60.236,46.271],[-60.233,46.271],[-60.229,46.27],[-60.227,46.269],[-60.225,46.269],[-60.223,46.269],[-60.219,46.269],[-60.211,46.269],[-60.208,46.268],[-60.206,46.268],[-60.203,46.267],[-60.201,46.266],[-60.2,46.264],[-60.199,46.263],[-60.198,46.262],[-60.198,46.26],[-60.197,46.258],[-60.197,46.256],[-60.197,46.254],[-60.197,46.252],[-60.198,46.249],[-60.199,46.247],[-60.2,46.245],[-60.201,46.242],[-60.203,46.24],[-60.204,46.239],[-60.206,46.237],[-60.207,46.235],[-60.208,46.233],[-60.209,46.232],[-60.209,46.231],[-60.208,46.229],[-60.207,46.228],[-60.207,46.227],[-60.205,46.226],[-60.203,46.225],[-60.201,46.225],[-60.198,46.225],[-60.196,46.225],[-60.194,46.226],[-60.193,46.226],[-60.191,46.227],[-60.19,46.228],[-60.189,46.23],[-60.187,46.233],[-60.186,46.235],[-60.183,46.238],[-60.182,46.24],[-60.179,46.242],[-60.178,46.244],[-60.174,46.247],[-60.171,46.249],[-60.169,46.25],[-60.165,46.252],[-60.163,46.253],[-60.157,46.255],[-60.154,46.256],[-60.151,46.257],[-60.149,46.258],[-60.148,46.258],[-60.147,46.26],[-60.145,46.261],[-60.144,46.262],[-60.142,46.264],[-60.141,46.266],[-60.14,46.267],[-60.138,46.268],[-60.136,46.27],[-60.134,46.271],[-60.132,46.271],[-60.13,46.272],[-60.127,46.272],[-60.126,46.272],[-60.123,46.271],[-60.122,46.271],[-60.12,46.27],[-60.118,46.269],[-60.116,46.267],[-60.114,46.267],[-60.113,46.266],[-60.11,46.266],[-60.106,46.266],[-60.104,46.266],[-60.1,46.266],[-60.098,46.266],[-60.094,46.266],[-60.091,46.265],[-60.089,46.265],[-60.087,46.264],[-60.085,46.263],[-60.081,46.262],[-60.078,46.26],[-60.076,46.26],[-60.074,46.259],[-60.071,46.259],[-60.069,46.259],[-60.065,46.258],[-60.061,46.258],[-60.058,46.258],[-60.052,46.257],[-60.046,46.256],[-60.043,46.255],[-60.039,46.254],[-60.036,46.253],[-60.032,46.251],[-60.029,46.25],[-60.025,46.248],[-60.023,46.247],[-60.022,46.247],[-60.021,46.245],[-60.02,46.244],[-60.02,46.242],[-60.02,46.24],[-60.021,46.239],[-60.022,46.238],[-60.025,46.236],[-60.026,46.234],[-60.027,46.232],[-60.028,46.231],[-60.028,46.23],[-60.028,46.229],[-60.028,46.228],[-60.027,46.226],[-60.025,46.225],[-60.023,46.224],[-60.02,46.224],[-60.017,46.224],[-60.016,46.224],[-60.014,46.225],[-60.011,46.226],[-60.008,46.227],[-60.007,46.227],[-60.005,46.227],[-60.003,46.226],[-60.002,46.226],[-59.999,46.224],[-59.998,46.224],[-59.996,46.223],[-59.995,46.223],[-59.992,46.223],[-59.991,46.223],[-59.989,46.223],[-59.985,46.225],[-59.984,46.225],[-59.98,46.226],[-59.977,46.227],[-59.974,46.227],[-59.97,46.227],[-59.968,46.227],[-59.965,46.226],[-59.962,46.226],[-59.958,46.225],[-59.956,46.225],[-59.953,46.224],[-59.952,46.223],[-59.95,46.222],[-59.949,46.221],[-59.947,46.219],[-59.946,46.218],[-59.945,46.216],[-59.945,46.213],[-59.944,46.21],[-59.944,46.207],[-59.943,46.205],[-59.942,46.204],[-59.941,46.203],[-59.937,46.202],[-59.935,46.201],[-59.934,46.199],[-59.933,46.198],[-59.932,46.196],[-59.931,46.194],[-59.929,46.192],[-59.928,46.191],[-59.927,46.19],[-59.926,46.189],[-59.923,46.188],[-59.921,46.187],[-59.919,46.187],[-59.917,46.186],[-59.915,46.186],[-59.913,46.187],[-59.91,46.188],[-59.909,46.188],[-59.907,46.189],[-59.905,46.192],[-59.903,46.193],[-59.901,46.194],[-59.899,46.194],[-59.896,46.194],[-59.892,46.195],[-59.889,46.195],[-59.886,46.196],[-59.881,46.197],[-59.878,46.197],[-59.875,46.198],[-59.871,46.197],[-59.869,46.197],[-59.865,46.197],[-59.861,46.196],[-59.858,46.195],[-59.857,46.194],[-59.854,46.193],[-59.853,46.192],[-59.85,46.19],[-59.848,46.188],[-59.846,46.187],[-59.844,46.187],[-59.842,46.186],[-59.841,46.186],[-59.839,46.186],[-59.837,46.187],[-59.834,46.188],[-59.831,46.188],[-59.828,46.188],[-59.825,46.189],[-59.822,46.188],[-59.819,46.188],[-59.813,46.186],[-59.809,46.186],[-59.806,46.185],[-59.802,46.185],[-59.8,46.185],[-59.772,46.186],[-59.771,46.186],[-59.769,46.186],[-59.767,46.186],[-59.766,46.185],[-59.764,46.185],[-59.763,46.184],[-59.762,46.183],[-59.761,46.181],[-59.761,46.18],[-59.761,46.179],[-59.761,46.178],[-59.762,46.176],[-59.763,46.176],[-59.765,46.174],[-59.766,46.174],[-59.768,46.173],[-59.77,46.173],[-59.776,46.173],[-59.78,46.173],[-59.782,46.173],[-59.787,46.172],[-59.79,46.171],[-59.793,46.171],[-59.796,46.17],[-59.8,46.169],[-59.804,46.167],[-59.806,46.166],[-59.811,46.165],[-59.814,46.164],[-59.816,46.164],[-59.82,46.163],[-59.823,46.163],[-59.829,46.163],[-59.834,46.162],[-59.838,46.161],[-59.841,46.161],[-59.843,46.16],[-59.844,46.159],[-59.845,46.158],[-59.845,46.156],[-59.845,46.155],[-59.846,46.153],[-59.847,46.151],[-59.848,46.15],[-59.85,46.149],[-59.853,46.147],[-59.854,46.146],[-59.855,46.145],[-59.856,46.144],[-59.856,46.143],[-59.856,46.14],[-59.856,46.139],[-59.857,46.137],[-59.858,46.136],[-59.86,46.134],[-59.861,46.133],[-59.861,46.132],[-59.861,46.131],[-59.861,46.129],[-59.862,46.128],[-59.862,46.126],[-59.863,46.125],[-59.864,46.124],[-59.866,46.123],[-59.867,46.121],[-59.867,46.12],[-59.867,46.119],[-59.866,46.118],[-59.866,46.117],[-59.865,46.117],[-59.864,46.117],[-59.859,46.116],[-59.856,46.116],[-59.852,46.116],[-59.847,46.117],[-59.844,46.117],[-59.841,46.118],[-59.838,46.119],[-59.837,46.119],[-59.835,46.121],[-59.834,46.122],[-59.833,46.124],[-59.832,46.126],[-59.832,46.127],[-59.83,46.129],[-59.829,46.129],[-59.828,46.131],[-59.826,46.131],[-59.825,46.132],[-59.822,46.133],[-59.818,46.133],[-59.815,46.134],[-59.811,46.134],[-59.807,46.135],[-59.801,46.135],[-59.799,46.135],[-59.797,46.134],[-59.795,46.134],[-59.793,46.132],[-59.792,46.131],[-59.791,46.129],[-59.791,46.128],[-59.791,46.126],[-59.791,46.124],[-59.792,46.123],[-59.793,46.121],[-59.794,46.12],[-59.796,46.119],[-59.798,46.118],[-59.802,46.118],[-59.804,46.117],[-59.806,46.116],[-59.808,46.115],[-59.809,46.114],[-59.811,46.112],[-59.813,46.109],[-59.816,46.106],[-59.82,46.102],[-59.823,46.099],[-59.826,46.096],[-59.832,46.091],[-59.836,46.087],[-59.837,46.086],[-59.839,46.085],[-59.841,46.084],[-59.843,46.083],[-59.846,46.082],[-59.848,46.081],[-59.85,46.08],[-59.852,46.079],[-59.854,46.076],[-59.854,46.075],[-59.856,46.073],[-59.858,46.071],[-59.86,46.071],[-59.862,46.069],[-59.863,46.069],[-59.867,46.068],[-59.87,46.067],[-59.873,46.067],[-59.875,46.067],[-59.877,46.066],[-59.879,46.065],[-59.881,46.063],[-59.882,46.061],[-59.882,46.059],[-59.883,46.057],[-59.883,46.056],[-59.885,46.054],[-59.886,46.053],[-59.888,46.052],[-59.889,46.051],[-59.892,46.05],[-59.893,46.05],[-59.898,46.049],[-59.901,46.048],[-59.903,46.048],[-59.907,46.047],[-59.91,46.046],[-59.912,46.045],[-59.915,46.044],[-59.917,46.042],[-59.92,46.042],[-59.922,46.041],[-59.924,46.041],[-59.926,46.041],[-59.928,46.041],[-59.93,46.041],[-59.933,46.042],[-59.936,46.043],[-59.937,46.043],[-59.941,46.044],[-59.943,46.044],[-59.946,46.043],[-59.949,46.043],[-59.952,46.042],[-59.954,46.041],[-59.956,46.039],[-59.957,46.038],[-59.958,46.037],[-59.959,46.035],[-59.96,46.034],[-59.96,46.032],[-59.96,46.03],[-59.96,46.028],[-59.959,46.028],[-59.958,46.026],[-59.956,46.024],[-59.955,46.023],[-59.954,46.022],[-59.952,46.021],[-59.95,46.021],[-59.948,46.02],[-59.946,46.019],[-59.942,46.019],[-59.94,46.018],[-59.938,46.018],[-59.936,46.017],[-59.934,46.016],[-59.932,46.015],[-59.93,46.014],[-59.928,46.013],[-59.926,46.012],[-59.924,46.012],[-59.92,46.013],[-59.917,46.013],[-59.914,46.013],[-59.912,46.013],[-59.909,46.013],[-59.905,46.012],[-59.9,46.01],[-59.897,46.01],[-59.896,46.01],[-59.894,46.01],[-59.891,46.01],[-59.89,46.011],[-59.883,46.013],[-59.881,46.014],[-59.875,46.016],[-59.869,46.018],[-59.864,46.019],[-59.858,46.02],[-59.854,46.021],[-59.85,46.021],[-59.844,46.022],[-59.841,46.022],[-59.838,46.022],[-59.835,46.022],[-59.831,46.021],[-59.829,46.021],[-59.826,46.02],[-59.821,46.018],[-59.819,46.017],[-59.815,46.016],[-59.813,46.015],[-59.809,46.014],[-59.805,46.014],[-59.801,46.014],[-59.799,46.014],[-59.795,46.014],[-59.792,46.015],[-59.79,46.015],[-59.784,46.016],[-59.779,46.017],[-59.776,46.018],[-59.771,46.019],[-59.769,46.02],[-59.765,46.02],[-59.759,46.021],[-59.757,46.021],[-59.752,46.021],[-59.748,46.021],[-59.745,46.022],[-59.743,46.023],[-59.741,46.024],[-59.74,46.026],[-59.739,46.027],[-59.738,46.029],[-59.736,46.03],[-59.734,46.032],[-59.731,46.033],[-59.729,46.034],[-59.726,46.035],[-59.723,46.036],[-59.721,46.037],[-59.718,46.037],[-59.716,46.037],[-59.712,46.038],[-59.705,46.038],[-59.698,46.039],[-59.694,46.039],[-59.686,46.04],[-59.677,46.041],[-59.671,46.042],[-59.667,46.042],[-59.66,46.043],[-59.658,46.043],[-59.656,46.043],[-59.655,46.042],[-59.653,46.042],[-59.652,46.041],[-59.651,46.04],[-59.65,46.038],[-59.65,46.037],[-59.65,46.036],[-59.651,46.034],[-59.652,46.033],[-59.662,46.027],[-59.671,46.022],[-59.674,46.02],[-59.676,46.018],[-59.678,46.015],[-59.681,46.012],[-59.682,46.01],[-59.684,46.008],[-59.685,46.005],[-59.687,46.001],[-59.689,45.992],[-59.69,45.991],[-59.692,45.989],[-59.694,45.988],[-59.696,45.987],[-59.697,45.986],[-59.699,45.986],[-59.702,45.985],[-59.707,45.985],[-59.71,45.984],[-59.715,45.983],[-59.72,45.983],[-59.723,45.982],[-59.726,45.981],[-59.73,45.98],[-59.735,45.978],[-59.738,45.977],[-59.74,45.976],[-59.743,45.975],[-59.747,45.973],[-59.75,45.972],[-59.752,45.97],[-59.755,45.969],[-59.757,45.967],[-59.76,45.965],[-59.763,45.963],[-59.765,45.961],[-59.768,45.958],[-59.77,45.957],[-59.772,45.955],[-59.773,45.953],[-59.775,45.951],[-59.776,45.949],[-59.777,45.946],[-59.778,45.945],[-59.779,45.943],[-59.779,45.942],[-59.78,45.939],[-59.78,45.938],[-59.781,45.936],[-59.783,45.934],[-59.785,45.933],[-59.788,45.932],[-59.79,45.932],[-59.793,45.932],[-59.796,45.933],[-59.8,45.933],[-59.807,45.934],[-59.811,45.935],[-59.818,45.935],[-59.821,45.935],[-59.823,45.935],[-59.826,45.936],[-59.829,45.936],[-59.833,45.937],[-59.836,45.938],[-59.84,45.939],[-59.842,45.941],[-59.846,45.944],[-59.848,45.944],[-59.849,45.944],[-59.85,45.944],[-59.851,45.944],[-59.854,45.941],[-59.857,45.939],[-59.861,45.937],[-59.862,45.937],[-59.866,45.935],[-59.869,45.934],[-59.871,45.933],[-59.875,45.932],[-59.88,45.931],[-59.883,45.931],[-59.886,45.931],[-59.889,45.931],[-59.893,45.931],[-59.897,45.931],[-59.899,45.931],[-59.901,45.93],[-59.902,45.929],[-59.905,45.927],[-59.906,45.926],[-59.909,45.924],[-59.91,45.924],[-59.911,45.923],[-59.911,45.922],[-59.911,45.921],[-59.911,45.92],[-59.911,45.918],[-59.911,45.917],[-59.913,45.915],[-59.914,45.914],[-59.915,45.913],[-59.917,45.912],[-59.921,45.911],[-59.923,45.91],[-59.925,45.909],[-59.927,45.909],[-59.931,45.909],[-59.934,45.909],[-59.936,45.908],[-59.938,45.908],[-59.941,45.907],[-59.942,45.906],[-59.943,45.905],[-59.944,45.904],[-59.946,45.902],[-59.947,45.9],[-59.948,45.898],[-59.949,45.896],[-59.952,45.892],[-59.955,45.889],[-59.957,45.887],[-59.96,45.884],[-59.964,45.881],[-59.968,45.878],[-59.971,45.876],[-59.975,45.875],[-59.978,45.873],[-59.98,45.872],[-59.983,45.871],[-59.986,45.87],[-59.988,45.87],[-59.992,45.869],[-59.995,45.869],[-59.997,45.869],[-60.001,45.869],[-60.005,45.869],[-60.01,45.869],[-60.013,45.869],[-60.017,45.868],[-60.021,45.868],[-60.026,45.866],[-60.055,45.859],[-60.057,45.859],[-60.059,45.859],[-60.061,45.859],[-60.064,45.859],[-60.066,45.859],[-60.067,45.86],[-60.069,45.861],[-60.071,45.862],[-60.073,45.864],[-60.074,45.865],[-60.076,45.866],[-60.079,45.867],[-60.081,45.868],[-60.083,45.869],[-60.086,45.869],[-60.088,45.87],[-60.092,45.87],[-60.095,45.87],[-60.113,45.87],[-60.122,45.871],[-60.126,45.871],[-60.127,45.871],[-60.129,45.871],[-60.13,45.871],[-60.132,45.87],[-60.133,45.869],[-60.135,45.868],[-60.137,45.866],[-60.138,45.865],[-60.138,45.863],[-60.139,45.862],[-60.139,45.86],[-60.138,45.859],[-60.138,45.857],[-60.137,45.855],[-60.136,45.854],[-60.135,45.853],[-60.134,45.851],[-60.132,45.851],[-60.129,45.849],[-60.126,45.847],[-60.124,45.845],[-60.122,45.843],[-60.121,45.842],[-60.12,45.839],[-60.119,45.837],[-60.117,45.835],[-60.117,45.834],[-60.115,45.832],[-60.112,45.83],[-60.109,45.829],[-60.107,45.828],[-60.104,45.827],[-60.102,45.827],[-60.1,45.826],[-60.092,45.826],[-60.088,45.826],[-60.085,45.826],[-60.081,45.826],[-60.079,45.826],[-60.076,45.826],[-60.074,45.827],[-60.072,45.827],[-60.069,45.826],[-60.066,45.826],[-60.064,45.825],[-60.062,45.824],[-60.061,45.823],[-60.059,45.821],[-60.057,45.82],[-60.056,45.818],[-60.055,45.816],[-60.055,45.815],[-60.054,45.813],[-60.054,45.808],[-60.054,45.805],[-60.055,45.803],[-60.055,45.801],[-60.056,45.798],[-60.058,45.796],[-60.06,45.793],[-60.061,45.792],[-60.063,45.79],[-60.065,45.789],[-60.069,45.786],[-60.073,45.785],[-60.076,45.783],[-60.079,45.781],[-60.082,45.779],[-60.086,45.775],[-60.088,45.773],[-60.091,45.77],[-60.093,45.768],[-60.095,45.767],[-60.096,45.765],[-60.1,45.763],[-60.102,45.761],[-60.104,45.76],[-60.109,45.758],[-60.112,45.756],[-60.114,45.755],[-60.117,45.754],[-60.12,45.753],[-60.125,45.751],[-60.129,45.749],[-60.133,45.749],[-60.136,45.748],[-60.141,45.747],[-60.144,45.747],[-60.148,45.747],[-60.153,45.747],[-60.155,45.747],[-60.159,45.747],[-60.162,45.747],[-60.164,45.746],[-60.167,45.745],[-60.169,45.745],[-60.171,45.744],[-60.173,45.743],[-60.174,45.742],[-60.177,45.74],[-60.179,45.738],[-60.181,45.735],[-60.182,45.734],[-60.183,45.733],[-60.185,45.731],[-60.187,45.729],[-60.19,45.728],[-60.193,45.726],[-60.195,45.726],[-60.199,45.724],[-60.2,45.723],[-60.203,45.721],[-60.206,45.72],[-60.208,45.719],[-60.211,45.718],[-60.213,45.718],[-60.216,45.717],[-60.219,45.716],[-60.221,45.715],[-60.224,45.714],[-60.227,45.713],[-60.228,45.712],[-60.231,45.711],[-60.234,45.711],[-60.237,45.71],[-60.24,45.71],[-60.242,45.709],[-60.244,45.709],[-60.246,45.708],[-60.249,45.706],[-60.252,45.705],[-60.254,45.704],[-60.256,45.704],[-60.261,45.703],[-60.262,45.703],[-60.268,45.701],[-60.271,45.7],[-60.274,45.699],[-60.275,45.699],[-60.277,45.699],[-60.279,45.699],[-60.281,45.699],[-60.283,45.699],[-60.288,45.7],[-60.296,45.701],[-60.303,45.702],[-60.307,45.703],[-60.311,45.703],[-60.312,45.702],[-60.314,45.701],[-60.314,45.7],[-60.315,45.698],[-60.316,45.694],[-60.317,45.692],[-60.318,45.69],[-60.32,45.688],[-60.321,45.687],[-60.322,45.685],[-60.324,45.684],[-60.326,45.683],[-60.331,45.68],[-60.338,45.676],[-60.345,45.673],[-60.349,45.671],[-60.352,45.67],[-60.354,45.669],[-60.358,45.669],[-60.36,45.668],[-60.361,45.668],[-60.364,45.666],[-60.368,45.664],[-60.371,45.663],[-60.374,45.661],[-60.376,45.66],[-60.377,45.658],[-60.378,45.657],[-60.379,45.657],[-60.381,45.656],[-60.383,45.655],[-60.386,45.654],[-60.388,45.653],[-60.39,45.652],[-60.392,45.65],[-60.394,45.649],[-60.395,45.648],[-60.397,45.648],[-60.399,45.648],[-60.402,45.648],[-60.406,45.649],[-60.408,45.649],[-60.41,45.648],[-60.412,45.647],[-60.413,45.645],[-60.414,45.644],[-60.415,45.642],[-60.416,45.642],[-60.417,45.641],[-60.419,45.64],[-60.42,45.64],[-60.424,45.639],[-60.426,45.639],[-60.429,45.638],[-60.43,45.638],[-60.432,45.638],[-60.435,45.636],[-60.436,45.636],[-60.439,45.636],[-60.441,45.636],[-60.443,45.636],[-60.445,45.636],[-60.447,45.636],[-60.451,45.636],[-60.453,45.636],[-60.47,45.636],[-60.472,45.636],[-60.474,45.635],[-60.477,45.634],[-60.479,45.632],[-60.481,45.63],[-60.482,45.628],[-60.483,45.626],[-60.483,45.624],[-60.483,45.621],[-60.484,45.62],[-60.485,45.618],[-60.486,45.617],[-60.487,45.617],[-60.489,45.617],[-60.492,45.616],[-60.494,45.616],[-60.495,45.616],[-60.497,45.617],[-60.498,45.618],[-60.499,45.619],[-60.5,45.62],[-60.502,45.621],[-60.504,45.621],[-60.514,45.622],[-60.516,45.622],[-60.519,45.623],[-60.521,45.623],[-60.522,45.624],[-60.525,45.626],[-60.527,45.627],[-60.53,45.627],[-60.533,45.627],[-60.536,45.627],[-60.538,45.627],[-60.539,45.627],[-60.545,45.625],[-60.559,45.622],[-60.563,45.62],[-60.566,45.619],[-60.568,45.618],[-60.57,45.618],[-60.572,45.617],[-60.576,45.617],[-60.578,45.617],[-60.581,45.616],[-60.583,45.615],[-60.585,45.614],[-60.586,45.613],[-60.588,45.611],[-60.589,45.609],[-60.59,45.608],[-60.591,45.607],[-60.592,45.606],[-60.593,45.606],[-60.596,45.605],[-60.597,45.605],[-60.598,45.605],[-60.6,45.606],[-60.601,45.607],[-60.603,45.608],[-60.604,45.609],[-60.606,45.61],[-60.608,45.611],[-60.611,45.611],[-60.612,45.611],[-60.615,45.61],[-60.616,45.609],[-60.617,45.608],[-60.618,45.607],[-60.619,45.605],[-60.62,45.603],[-60.621,45.601],[-60.621,45.598],[-60.622,45.595],[-60.623,45.593],[-60.624,45.591],[-60.625,45.588],[-60.627,45.586],[-60.63,45.583],[-60.631,45.582],[-60.633,45.58],[-60.637,45.578],[-60.64,45.576],[-60.642,45.575],[-60.645,45.574],[-60.648,45.573],[-60.653,45.571],[-60.659,45.57],[-60.662,45.569],[-60.668,45.567],[-60.672,45.567],[-60.675,45.566],[-60.677,45.566],[-60.679,45.566],[-60.681,45.564],[-60.682,45.563],[-60.683,45.562],[-60.685,45.558],[-60.687,45.556],[-60.689,45.556],[-60.69,45.555],[-60.692,45.554],[-60.695,45.553],[-60.698,45.553],[-60.703,45.553],[-60.712,45.553],[-60.726,45.553],[-60.728,45.553],[-60.73,45.553],[-60.732,45.553],[-60.736,45.554],[-60.738,45.555],[-60.74,45.556],[-60.742,45.557],[-60.743,45.558],[-60.745,45.559],[-60.746,45.561],[-60.748,45.563],[-60.749,45.565],[-60.75,45.567],[-60.75,45.569],[-60.751,45.573],[-60.752,45.575],[-60.752,45.577],[-60.751,45.579],[-60.75,45.58],[-60.748,45.582],[-60.747,45.583],[-60.747,45.585],[-60.747,45.586],[-60.747,45.587],[-60.748,45.589],[-60.75,45.591],[-60.75,45.592],[-60.752,45.594],[-60.756,45.596],[-60.758,45.596],[-60.761,45.597],[-60.764,45.597],[-60.768,45.597],[-60.77,45.596],[-60.771,45.596],[-60.773,45.596],[-60.774,45.596],[-60.777,45.597],[-60.779,45.597],[-60.781,45.597],[-60.784,45.597],[-60.787,45.597],[-60.788,45.596],[-60.791,45.595],[-60.794,45.594],[-60.796,45.593],[-60.799,45.592],[-60.801,45.591],[-60.804,45.591],[-60.806,45.591],[-60.809,45.59],[-60.811,45.59],[-60.815,45.591],[-60.819,45.591],[-60.822,45.592],[-60.825,45.592],[-60.828,45.594],[-60.829,45.595],[-60.83,45.596],[-60.831,45.597],[-60.832,45.6],[-60.834,45.603],[-60.835,45.604],[-60.837,45.606],[-60.839,45.608],[-60.841,45.609],[-60.843,45.61],[-60.846,45.612],[-60.849,45.612],[-60.852,45.612],[-60.853,45.612],[-60.856,45.612],[-60.858,45.613],[-60.861,45.614],[-60.863,45.614],[-60.865,45.615],[-60.867,45.615],[-60.869,45.615],[-60.872,45.615],[-60.873,45.615],[-60.876,45.615],[-60.878,45.616],[-60.879,45.617],[-60.879,45.618],[-60.879,45.621],[-60.879,45.622],[-60.878,45.624],[-60.877,45.626],[-60.877,45.627],[-60.876,45.628],[-60.876,45.63],[-60.876,45.631],[-60.876,45.632],[-60.877,45.633],[-60.879,45.635],[-60.881,45.635],[-60.883,45.636],[-60.886,45.636],[-60.887,45.636],[-60.889,45.635],[-60.891,45.634],[-60.894,45.631],[-60.897,45.629],[-60.901,45.627],[-60.905,45.625],[-60.908,45.624],[-60.91,45.623],[-60.913,45.621],[-60.916,45.619],[-60.918,45.618],[-60.921,45.617],[-60.924,45.616],[-60.926,45.616],[-60.929,45.616],[-60.933,45.616],[-60.937,45.615],[-60.939,45.615],[-60.942,45.614],[-60.945,45.613],[-60.946,45.612],[-60.948,45.612],[-60.949,45.611],[-60.95,45.61],[-60.951,45.608],[-60.951,45.607],[-60.952,45.604],[-60.952,45.603],[-60.951,45.602],[-60.951,45.601],[-60.95,45.6],[-60.947,45.598],[-60.945,45.597],[-60.942,45.596],[-60.94,45.595],[-60.937,45.595],[-60.935,45.594],[-60.933,45.594],[-60.93,45.595],[-60.927,45.596],[-60.925,45.596],[-60.923,45.596],[-60.921,45.596],[-60.919,45.595],[-60.917,45.595],[-60.915,45.594],[-60.913,45.593],[-60.911,45.591],[-60.909,45.588],[-60.908,45.587],[-60.907,45.587],[-60.905,45.586],[-60.903,45.586],[-60.902,45.586],[-60.899,45.586],[-60.898,45.586],[-60.895,45.585],[-60.893,45.583],[-60.892,45.583],[-60.89,45.582],[-60.886,45.581],[-60.885,45.581],[-60.884,45.58],[-60.883,45.578],[-60.883,45.577],[-60.883,45.576],[-60.884,45.575],[-60.885,45.575],[-60.887,45.574],[-60.889,45.573],[-60.89,45.572],[-60.89,45.571],[-60.891,45.569],[-60.891,45.568],[-60.891,45.567],[-60.891,45.565],[-60.89,45.563],[-60.89,45.561],[-60.89,45.559],[-60.89,45.558],[-60.891,45.556],[-60.892,45.555],[-60.894,45.554],[-60.895,45.553],[-60.897,45.553],[-60.898,45.553],[-60.9,45.554],[-60.902,45.555],[-60.903,45.556],[-60.904,45.556],[-60.906,45.557],[-60.909,45.557],[-60.911,45.556],[-60.914,45.556],[-60.916,45.555],[-60.919,45.555],[-60.921,45.555],[-60.924,45.555],[-60.928,45.555],[-60.931,45.555],[-60.934,45.555],[-60.935,45.554],[-60.938,45.554],[-60.939,45.553],[-60.941,45.552],[-60.942,45.552],[-60.944,45.551],[-60.945,45.55],[-60.948,45.549],[-60.949,45.548],[-60.952,45.547],[-60.954,45.547],[-60.955,45.546],[-60.956,45.545],[-60.956,45.544],[-60.956,45.542],[-60.955,45.54],[-60.954,45.539],[-60.952,45.537],[-60.951,45.536],[-60.95,45.535],[-60.95,45.532],[-60.951,45.531],[-60.951,45.53],[-60.952,45.528],[-60.953,45.527],[-60.953,45.526],[-60.953,45.525],[-60.952,45.524],[-60.951,45.524],[-60.945,45.523],[-60.943,45.523],[-60.94,45.523],[-60.937,45.522],[-60.932,45.521],[-60.929,45.521],[-60.925,45.521],[-60.923,45.521],[-60.918,45.521],[-60.914,45.52],[-60.91,45.519],[-60.908,45.518],[-60.907,45.517],[-60.906,45.516],[-60.906,45.515],[-60.906,45.513],[-60.904,45.51],[-60.904,45.509],[-60.904,45.508],[-60.905,45.507],[-60.906,45.506],[-60.907,45.505],[-60.908,45.505],[-60.911,45.504],[-60.914,45.504],[-60.917,45.503],[-60.92,45.503],[-60.922,45.503],[-60.923,45.503],[-60.924,45.501],[-60.924,45.5],[-60.925,45.499],[-60.924,45.498],[-60.924,45.497],[-60.922,45.496],[-60.921,45.495],[-60.92,45.494],[-60.919,45.492],[-60.917,45.489],[-60.915,45.486],[-60.913,45.485],[-60.912,45.484],[-60.91,45.483],[-60.906,45.483],[-60.901,45.483],[-60.896,45.483],[-60.892,45.483],[-60.89,45.483],[-60.889,45.483],[-60.888,45.482],[-60.887,45.481],[-60.887,45.48],[-60.886,45.478],[-60.887,45.476],[-60.887,45.475],[-60.888,45.475],[-60.889,45.474],[-60.891,45.473],[-60.892,45.473],[-60.895,45.472],[-60.899,45.472],[-60.902,45.472],[-60.905,45.473],[-60.91,45.473],[-60.915,45.473],[-60.92,45.474],[-60.922,45.475],[-60.927,45.476],[-60.932,45.477],[-60.933,45.478],[-60.936,45.478],[-60.939,45.478],[-60.941,45.477],[-60.944,45.476],[-60.947,45.475],[-60.949,45.475],[-60.951,45.475],[-60.954,45.475],[-60.955,45.476],[-60.957,45.476],[-60.959,45.477],[-60.961,45.478],[-60.962,45.48],[-60.965,45.482],[-60.966,45.483],[-60.967,45.485],[-60.969,45.486],[-60.971,45.486],[-60.973,45.486],[-60.974,45.486],[-60.976,45.484],[-60.98,45.483],[-60.984,45.481],[-60.985,45.48],[-60.988,45.478],[-60.989,45.477],[-60.99,45.474],[-60.991,45.473],[-60.991,45.47],[-60.991,45.469],[-60.992,45.468],[-60.993,45.467],[-60.994,45.466],[-60.995,45.466],[-60.998,45.465],[-61.001,45.464],[-61.003,45.464],[-61.005,45.463],[-61.008,45.463],[-61.013,45.463],[-61.017,45.464],[-61.02,45.464],[-61.025,45.465],[-61.028,45.466],[-61.031,45.466],[-61.032,45.468],[-61.033,45.469],[-61.034,45.47],[-61.034,45.472],[-61.034,45.473],[-61.035,45.475],[-61.036,45.476],[-61.039,45.478],[-61.04,45.479],[-61.041,45.481],[-61.042,45.483],[-61.043,45.485],[-61.046,45.487],[-61.048,45.489],[-61.049,45.489],[-61.052,45.49],[-61.055,45.49],[-61.057,45.49],[-61.059,45.49],[-61.062,45.49],[-61.064,45.491],[-61.065,45.492],[-61.067,45.493],[-61.068,45.493],[-61.069,45.495],[-61.069,45.497],[-61.069,45.498],[-61.069,45.501],[-61.069,45.502],[-61.071,45.503],[-61.072,45.504],[-61.073,45.504],[-61.075,45.504],[-61.079,45.503],[-61.083,45.503],[-61.086,45.502],[-61.088,45.501],[-61.09,45.501],[-61.093,45.501],[-61.095,45.501],[-61.098,45.501],[-61.102,45.502],[-61.104,45.502],[-61.105,45.503],[-61.107,45.504],[-61.108,45.504],[-61.109,45.506],[-61.109,45.507],[-61.11,45.508],[-61.109,45.511],[-61.109,45.513],[-61.11,45.515],[-61.111,45.516],[-61.113,45.518],[-61.115,45.52],[-61.118,45.521],[-61.12,45.522],[-61.123,45.524],[-61.125,45.524],[-61.126,45.525],[-61.126,45.526],[-61.127,45.527],[-61.128,45.528],[-61.13,45.528],[-61.132,45.528],[-61.139,45.526],[-61.14,45.526],[-61.142,45.525],[-61.144,45.524],[-61.145,45.522],[-61.146,45.52],[-61.147,45.519],[-61.15,45.518],[-61.152,45.518],[-61.154,45.518],[-61.158,45.518],[-61.162,45.518],[-61.165,45.518],[-61.167,45.517],[-61.17,45.517],[-61.172,45.516],[-61.174,45.515],[-61.177,45.514],[-61.179,45.513],[-61.181,45.512],[-61.183,45.512],[-61.184,45.511],[-61.186,45.511],[-61.188,45.511],[-61.189,45.511],[-61.191,45.512],[-61.193,45.513],[-61.194,45.513],[-61.197,45.516],[-61.2,45.517],[-61.202,45.519],[-61.206,45.521],[-61.207,45.522],[-61.208,45.523],[-61.209,45.524],[-61.209,45.525],[-61.209,45.526],[-61.209,45.527],[-61.208,45.529],[-61.206,45.53],[-61.204,45.53],[-61.202,45.532],[-61.201,45.533],[-61.2,45.534],[-61.2,45.535],[-61.201,45.536],[-61.202,45.537],[-61.203,45.538],[-61.205,45.539],[-61.206,45.539],[-61.206,45.541],[-61.207,45.543],[-61.206,45.545],[-61.206,45.546],[-61.206,45.548],[-61.206,45.549],[-61.206,45.55],[-61.207,45.552],[-61.208,45.553],[-61.21,45.553],[-61.211,45.554],[-61.213,45.555],[-61.214,45.555],[-61.216,45.555],[-61.219,45.555],[-61.22,45.555],[-61.223,45.555],[-61.224,45.556],[-61.226,45.556],[-61.229,45.558],[-61.232,45.559],[-61.233,45.561],[-61.234,45.562],[-61.235,45.563],[-61.237,45.567],[-61.239,45.57],[-61.24,45.572],[-61.241,45.575],[-61.242,45.577],[-61.243,45.578],[-61.244,45.579],[-61.246,45.58],[-61.249,45.581],[-61.251,45.581],[-61.252,45.581],[-61.254,45.58],[-61.256,45.579],[-61.258,45.578],[-61.261,45.576],[-61.264,45.574],[-61.266,45.573],[-61.268,45.572],[-61.27,45.571],[-61.27,45.57],[-61.27,45.569],[-61.27,45.568],[-61.268,45.566],[-61.268,45.563],[-61.267,45.561],[-61.268,45.559],[-61.268,45.558],[-61.269,45.556],[-61.27,45.555],[-61.271,45.552],[-61.273,45.55],[-61.275,45.548],[-61.276,45.546],[-61.279,45.544],[-61.282,45.543],[-61.283,45.542],[-61.285,45.541],[-61.288,45.541],[-61.289,45.54],[-61.292,45.54],[-61.293,45.54],[-61.293,45.539],[-61.293,45.538],[-61.293,45.537],[-61.289,45.534],[-61.287,45.533],[-61.285,45.532],[-61.283,45.531],[-61.28,45.53],[-61.278,45.529],[-61.274,45.528],[-61.271,45.527],[-61.267,45.527],[-61.263,45.527],[-61.26,45.527],[-61.255,45.527],[-61.252,45.527],[-61.251,45.528],[-61.248,45.527],[-61.247,45.527],[-61.245,45.526],[-61.243,45.524],[-61.242,45.523],[-61.24,45.521],[-61.237,45.518],[-61.236,45.517],[-61.235,45.516],[-61.234,45.514],[-61.233,45.512],[-61.232,45.51],[-61.233,45.507],[-61.233,45.505],[-61.234,45.503],[-61.235,45.501],[-61.235,45.5],[-61.235,45.498],[-61.235,45.497],[-61.234,45.496],[-61.233,45.494],[-61.232,45.493],[-61.228,45.491],[-61.227,45.49],[-61.225,45.488],[-61.223,45.487],[-61.222,45.485],[-61.222,45.484],[-61.222,45.482],[-61.223,45.48],[-61.224,45.479],[-61.226,45.478],[-61.227,45.478],[-61.228,45.478],[-61.231,45.478],[-61.233,45.478],[-61.234,45.478],[-61.235,45.477],[-61.236,45.476],[-61.237,45.474],[-61.237,45.473],[-61.238,45.472],[-61.238,45.471],[-61.239,45.47],[-61.242,45.468],[-61.245,45.467],[-61.246,45.466],[-61.247,45.465],[-61.248,45.464],[-61.248,45.462],[-61.248,45.458],[-61.248,45.456],[-61.248,45.455],[-61.25,45.453],[-61.251,45.451],[-61.253,45.45],[-61.255,45.449],[-61.256,45.449],[-61.258,45.448],[-61.261,45.448],[-61.265,45.448],[-61.267,45.449],[-61.271,45.449],[-61.273,45.449],[-61.275,45.449],[-61.276,45.448],[-61.277,45.447],[-61.278,45.446],[-61.279,45.443],[-61.28,45.442],[-61.282,45.44],[-61.284,45.439],[-61.286,45.438],[-61.289,45.436],[-61.292,45.436],[-61.295,45.435],[-61.301,45.435],[-61.304,45.434],[-61.306,45.434],[-61.308,45.433],[-61.31,45.432],[-61.312,45.431],[-61.315,45.428],[-61.316,45.428],[-61.318,45.427],[-61.319,45.427],[-61.32,45.426],[-61.323,45.426],[-61.324,45.427],[-61.327,45.428],[-61.329,45.428],[-61.33,45.428],[-61.332,45.428],[-61.333,45.427],[-61.335,45.425],[-61.336,45.424],[-61.338,45.423],[-61.34,45.423],[-61.342,45.423],[-61.344,45.422],[-61.346,45.422],[-61.348,45.422],[-61.351,45.422],[-61.353,45.422],[-61.355,45.422],[-61.357,45.421],[-61.36,45.42],[-61.361,45.419],[-61.364,45.418],[-61.365,45.416],[-61.368,45.413],[-61.369,45.411],[-61.372,45.409],[-61.374,45.407],[-61.376,45.406],[-61.379,45.405],[-61.381,45.404],[-61.383,45.404],[-61.385,45.404],[-61.387,45.405],[-61.389,45.406],[-61.39,45.407],[-61.392,45.409],[-61.392,45.411],[-61.394,45.413],[-61.394,45.414],[-61.395,45.415],[-61.397,45.416],[-61.398,45.416],[-61.4,45.417],[-61.402,45.417],[-61.404,45.416],[-61.408,45.415],[-61.412,45.414],[-61.414,45.413],[-61.416,45.412],[-61.418,45.41],[-61.42,45.409],[-61.421,45.408],[-61.422,45.406],[-61.425,45.403],[-61.426,45.401],[-61.428,45.4],[-61.431,45.398],[-61.433,45.397],[-61.435,45.397],[-61.439,45.396],[-61.442,45.396],[-61.445,45.395],[-61.451,45.395],[-61.454,45.395],[-61.457,45.394],[-61.459,45.394],[-61.462,45.393],[-61.465,45.391],[-61.467,45.39],[-61.472,45.387],[-61.475,45.385],[-61.477,45.383],[-61.479,45.38],[-61.48,45.379],[-61.48,45.378],[-61.48,45.376],[-61.48,45.375],[-61.479,45.374],[-61.478,45.374],[-61.477,45.373],[-61.475,45.372],[-61.474,45.372],[-61.472,45.371],[-61.471,45.37],[-61.468,45.368],[-61.466,45.366],[-61.465,45.365],[-61.464,45.363],[-61.464,45.361],[-61.463,45.36],[-61.463,45.359],[-61.461,45.357],[-61.46,45.357],[-61.458,45.356],[-61.452,45.355],[-61.45,45.355],[-61.442,45.354],[-61.439,45.353],[-61.436,45.353],[-61.432,45.354],[-61.429,45.354],[-61.424,45.355],[-61.417,45.355],[-61.414,45.355],[-61.408,45.356],[-61.402,45.356],[-61.392,45.355],[-61.389,45.355],[-61.387,45.355],[-61.383,45.355],[-61.381,45.354],[-61.378,45.353],[-61.377,45.353],[-61.375,45.352],[-61.372,45.352],[-61.37,45.353],[-61.369,45.353],[-61.365,45.354],[-61.363,45.355],[-61.359,45.355],[-61.357,45.355],[-61.353,45.355],[-61.351,45.355],[-61.347,45.355],[-61.346,45.355],[-61.343,45.356],[-61.34,45.357],[-61.337,45.357],[-61.333,45.358],[-61.33,45.358],[-61.327,45.358],[-61.324,45.358],[-61.321,45.358],[-61.316,45.357],[-61.313,45.357],[-61.31,45.356],[-61.308,45.356],[-61.304,45.356],[-61.301,45.356],[-61.3,45.356],[-61.298,45.356],[-61.295,45.355],[-61.293,45.355],[-61.29,45.354],[-61.287,45.354],[-61.285,45.354],[-61.28,45.353],[-61.278,45.354],[-61.274,45.354],[-61.271,45.354],[-61.266,45.355],[-61.261,45.356],[-61.25,45.358],[-61.245,45.359],[-61.241,45.359],[-61.239,45.36],[-61.237,45.359],[-61.235,45.359],[-61.231,45.359],[-61.228,45.358],[-61.225,45.358],[-61.222,45.359],[-61.22,45.359],[-61.218,45.36],[-61.216,45.36],[-61.215,45.36],[-61.213,45.36],[-61.21,45.359],[-61.209,45.359],[-61.207,45.359],[-61.205,45.359],[-61.203,45.359],[-61.2,45.36],[-61.199,45.36],[-61.195,45.361],[-61.192,45.36],[-61.189,45.36],[-61.187,45.359],[-61.184,45.359],[-61.182,45.358],[-61.179,45.358],[-61.175,45.358],[-61.171,45.358],[-61.168,45.358],[-61.166,45.359],[-61.163,45.36],[-61.16,45.361],[-61.158,45.362],[-61.155,45.363],[-61.154,45.363],[-61.152,45.364],[-61.148,45.364],[-61.144,45.364],[-61.14,45.363],[-61.137,45.363],[-61.134,45.362],[-61.131,45.36],[-61.129,45.359],[-61.126,45.358],[-61.124,45.358],[-61.122,45.358],[-61.118,45.358],[-61.115,45.358],[-61.113,45.359],[-61.109,45.36],[-61.106,45.361],[-61.103,45.362],[-61.101,45.362],[-61.098,45.363],[-61.096,45.363],[-61.092,45.363],[-61.088,45.362],[-61.084,45.362],[-61.082,45.361],[-61.078,45.36],[-61.074,45.358],[-61.07,45.357],[-61.065,45.356],[-61.062,45.355],[-61.058,45.354],[-61.055,45.354],[-61.051,45.354],[-61.049,45.354],[-61.046,45.354],[-61.045,45.355],[-61.041,45.356],[-61.04,45.357],[-61.037,45.358],[-61.035,45.358],[-61.033,45.359],[-61.03,45.36],[-61.026,45.36],[-61.022,45.36],[-61.019,45.36],[-61.017,45.36],[-61.015,45.36],[-61.011,45.359],[-61.007,45.358],[-61.004,45.357],[-61.001,45.356],[-60.997,45.356],[-60.995,45.356],[-60.992,45.356],[-60.988,45.356],[-60.986,45.357],[-60.98,45.359],[-60.977,45.36],[-60.974,45.36],[-60.971,45.36],[-60.963,45.361],[-60.959,45.361],[-60.955,45.361],[-60.949,45.361],[-60.946,45.361],[-60.943,45.36],[-60.941,45.36],[-60.939,45.359],[-60.938,45.358],[-60.935,45.356],[-60.933,45.355],[-60.931,45.352],[-60.929,45.351],[-60.927,45.349],[-60.926,45.347],[-60.924,45.345],[-60.922,45.342],[-60.921,45.338],[-60.919,45.335],[-60.918,45.332],[-60.918,45.331],[-60.918,45.328],[-60.918,45.327],[-60.919,45.325],[-60.92,45.324],[-60.921,45.322],[-60.922,45.321],[-60.923,45.32],[-60.926,45.319],[-60.927,45.318],[-60.928,45.317],[-60.929,45.316],[-60.929,45.314],[-60.929,45.312],[-60.929,45.31],[-60.929,45.308],[-60.93,45.305],[-60.931,45.302],[-60.931,45.3],[-60.932,45.298],[-60.932,45.297],[-60.933,45.295],[-60.935,45.293],[-60.936,45.291],[-60.938,45.29],[-60.939,45.288],[-60.941,45.287],[-60.945,45.284],[-60.949,45.282],[-60.952,45.28],[-60.963,45.276],[-60.966,45.275],[-60.968,45.274],[-60.969,45.273],[-60.971,45.271],[-60.972,45.269],[-60.973,45.267],[-60.973,45.265],[-60.972,45.261],[-60.972,45.257],[-60.972,45.253],[-60.972,45.25],[-60.972,45.245],[-60.972,45.244],[-60.974,45.242],[-60.975,45.241],[-60.976,45.24],[-60.979,45.239],[-60.98,45.238],[-60.983,45.238],[-60.986,45.238],[-60.989,45.238],[-60.992,45.239],[-60.994,45.239],[-60.996,45.24],[-60.998,45.242],[-61,45.244],[-61.001,45.245],[-61.002,45.247],[-61.005,45.26],[-61.006,45.262],[-61.007,45.264],[-61.008,45.265],[-61.009,45.266],[-61.01,45.266],[-61.013,45.267],[-61.015,45.268],[-61.017,45.268],[-61.019,45.267],[-61.021,45.267],[-61.023,45.266],[-61.025,45.265],[-61.025,45.264],[-61.026,45.26],[-61.026,45.257],[-61.026,45.255],[-61.027,45.253],[-61.029,45.251],[-61.032,45.247],[-61.033,45.245],[-61.035,45.242],[-61.037,45.24],[-61.037,45.238],[-61.037,45.237],[-61.037,45.235],[-61.036,45.234],[-61.035,45.233],[-61.035,45.232],[-61.035,45.231],[-61.035,45.23],[-61.036,45.228],[-61.038,45.227],[-61.041,45.226],[-61.045,45.225],[-61.049,45.224],[-61.051,45.224],[-61.052,45.223],[-61.056,45.221],[-61.061,45.218],[-61.065,45.217],[-61.068,45.215],[-61.07,45.214],[-61.072,45.212],[-61.074,45.211],[-61.076,45.21],[-61.077,45.209],[-61.08,45.209],[-61.083,45.209],[-61.088,45.209],[-61.091,45.209],[-61.093,45.208],[-61.095,45.207],[-61.096,45.206],[-61.098,45.205],[-61.099,45.204],[-61.099,45.203],[-61.099,45.201],[-61.1,45.199],[-61.101,45.198],[-61.103,45.197],[-61.104,45.196],[-61.106,45.195],[-61.108,45.195],[-61.111,45.195],[-61.114,45.195],[-61.116,45.196],[-61.118,45.195],[-61.12,45.195],[-61.122,45.194],[-61.125,45.193],[-61.126,45.193],[-61.129,45.192],[-61.133,45.192],[-61.136,45.191],[-61.14,45.192],[-61.142,45.191],[-61.145,45.191],[-61.147,45.191],[-61.151,45.19],[-61.154,45.189],[-61.156,45.188],[-61.158,45.188],[-61.161,45.188],[-61.162,45.188],[-61.164,45.188],[-61.165,45.189],[-61.167,45.191],[-61.169,45.192],[-61.171,45.194],[-61.174,45.195],[-61.177,45.197],[-61.181,45.199],[-61.184,45.2],[-61.188,45.202],[-61.196,45.204],[-61.198,45.205],[-61.199,45.207],[-61.201,45.208],[-61.202,45.21],[-61.203,45.212],[-61.203,45.214],[-61.204,45.215],[-61.204,45.216],[-61.206,45.218],[-61.207,45.219],[-61.21,45.22],[-61.212,45.221],[-61.214,45.221],[-61.216,45.221],[-61.218,45.221],[-61.219,45.22],[-61.222,45.219],[-61.227,45.217],[-61.233,45.214],[-61.235,45.213],[-61.237,45.212],[-61.24,45.211],[-61.243,45.211],[-61.248,45.21],[-61.251,45.209],[-61.255,45.209],[-61.259,45.209],[-61.264,45.208],[-61.269,45.209],[-61.274,45.209],[-61.279,45.209],[-61.283,45.209],[-61.289,45.209],[-61.292,45.209],[-61.298,45.209],[-61.301,45.208],[-61.303,45.207],[-61.305,45.206],[-61.306,45.205],[-61.307,45.204],[-61.308,45.203],[-61.308,45.201],[-61.308,45.2],[-61.307,45.198],[-61.306,45.197],[-61.304,45.194],[-61.304,45.192],[-61.303,45.19],[-61.304,45.188],[-61.305,45.187],[-61.307,45.186],[-61.309,45.185],[-61.314,45.184],[-61.318,45.183],[-61.322,45.182],[-61.327,45.181],[-61.329,45.181],[-61.332,45.18],[-61.335,45.18],[-61.338,45.18],[-61.34,45.18],[-61.343,45.18],[-61.344,45.179],[-61.345,45.179],[-61.348,45.177],[-61.349,45.175],[-61.351,45.174],[-61.352,45.172],[-61.354,45.17],[-61.357,45.169],[-61.359,45.168],[-61.362,45.167],[-61.366,45.166],[-61.374,45.165],[-61.388,45.163],[-61.392,45.162],[-61.395,45.162],[-61.4,45.16],[-61.402,45.16],[-61.406,45.158],[-61.41,45.157],[-61.413,45.157],[-61.417,45.158],[-61.421,45.157],[-61.423,45.157],[-61.425,45.157],[-61.427,45.158],[-61.43,45.158],[-61.432,45.159],[-61.435,45.16],[-61.437,45.16],[-61.44,45.16],[-61.442,45.16],[-61.444,45.159],[-61.446,45.159],[-61.449,45.158],[-61.451,45.157],[-61.452,45.156],[-61.454,45.153],[-61.455,45.151],[-61.457,45.149],[-61.458,45.148],[-61.461,45.146],[-61.462,45.146],[-61.464,45.145],[-61.467,45.145],[-61.469,45.144],[-61.471,45.144],[-61.473,45.144],[-61.476,45.145],[-61.479,45.146],[-61.481,45.146],[-61.483,45.147],[-61.484,45.148],[-61.487,45.15],[-61.489,45.152],[-61.491,45.152],[-61.494,45.153],[-61.496,45.153],[-61.499,45.154],[-61.502,45.153],[-61.503,45.153],[-61.506,45.152],[-61.507,45.151],[-61.51,45.149],[-61.512,45.148],[-61.515,45.147],[-61.516,45.146],[-61.519,45.145],[-61.522,45.145],[-61.524,45.144],[-61.527,45.144],[-61.53,45.144],[-61.533,45.144],[-61.536,45.145],[-61.54,45.146],[-61.543,45.146],[-61.546,45.147],[-61.549,45.146],[-61.551,45.146],[-61.554,45.145],[-61.556,45.145],[-61.558,45.145],[-61.561,45.145],[-61.563,45.145],[-61.565,45.146],[-61.567,45.146],[-61.568,45.146],[-61.57,45.146],[-61.571,45.145],[-61.571,45.144],[-61.571,45.142],[-61.571,45.141],[-61.57,45.139],[-61.569,45.137],[-61.568,45.137],[-61.567,45.135],[-61.566,45.134],[-61.564,45.134],[-61.562,45.133],[-61.56,45.133],[-61.558,45.133],[-61.556,45.132],[-61.554,45.132],[-61.553,45.131],[-61.552,45.13],[-61.551,45.129],[-61.549,45.126],[-61.548,45.124],[-61.546,45.12],[-61.544,45.117],[-61.542,45.115],[-61.541,45.112],[-61.539,45.11],[-61.537,45.107],[-61.534,45.104],[-61.533,45.103],[-61.533,45.101],[-61.533,45.1],[-61.533,45.098],[-61.535,45.097],[-61.536,45.096],[-61.538,45.095],[-61.539,45.095],[-61.543,45.095],[-61.546,45.095],[-61.548,45.095],[-61.55,45.095],[-61.552,45.096],[-61.553,45.097],[-61.555,45.098],[-61.558,45.099],[-61.559,45.1],[-61.561,45.1],[-61.564,45.101],[-61.566,45.101],[-61.568,45.101],[-61.571,45.101],[-61.573,45.101],[-61.576,45.101],[-61.578,45.101],[-61.581,45.103],[-61.583,45.103],[-61.584,45.105],[-61.585,45.106],[-61.585,45.107],[-61.585,45.108],[-61.584,45.111],[-61.584,45.112],[-61.585,45.113],[-61.585,45.114],[-61.586,45.115],[-61.586,45.116],[-61.589,45.117],[-61.591,45.118],[-61.594,45.119],[-61.595,45.12],[-61.602,45.121],[-61.606,45.123],[-61.614,45.126],[-61.62,45.128],[-61.623,45.129],[-61.626,45.13],[-61.628,45.13],[-61.63,45.13],[-61.632,45.13],[-61.633,45.129],[-61.635,45.128],[-61.636,45.127],[-61.637,45.126],[-61.638,45.123],[-61.639,45.121],[-61.64,45.119],[-61.641,45.118],[-61.642,45.116],[-61.643,45.116],[-61.644,45.115],[-61.646,45.115],[-61.649,45.115],[-61.65,45.115],[-61.653,45.115],[-61.655,45.115],[-61.656,45.114],[-61.657,45.113],[-61.658,45.112],[-61.658,45.111],[-61.658,45.109],[-61.657,45.108],[-61.657,45.107],[-61.654,45.105],[-61.652,45.103],[-61.65,45.1],[-61.648,45.097],[-61.647,45.096],[-61.646,45.094],[-61.646,45.093],[-61.646,45.091],[-61.646,45.09],[-61.647,45.089],[-61.648,45.088],[-61.649,45.086],[-61.652,45.084],[-61.653,45.084],[-61.655,45.082],[-61.656,45.081],[-61.657,45.079],[-61.657,45.077],[-61.658,45.076],[-61.657,45.073],[-61.657,45.071],[-61.656,45.069],[-61.655,45.068],[-61.654,45.066],[-61.653,45.065],[-61.651,45.062],[-61.649,45.06],[-61.648,45.058],[-61.648,45.057],[-61.647,45.055],[-61.647,45.053],[-61.648,45.051],[-61.648,45.05],[-61.65,45.049],[-61.651,45.048],[-61.653,45.048],[-61.655,45.048],[-61.657,45.048],[-61.659,45.049],[-61.661,45.05],[-61.663,45.051],[-61.665,45.053],[-61.668,45.054],[-61.671,45.056],[-61.674,45.058],[-61.676,45.058],[-61.679,45.058],[-61.681,45.059],[-61.685,45.059],[-61.688,45.058],[-61.692,45.058],[-61.694,45.057],[-61.697,45.056],[-61.699,45.056],[-61.702,45.055],[-61.704,45.055],[-61.705,45.055],[-61.708,45.056],[-61.71,45.056],[-61.712,45.057],[-61.714,45.057],[-61.719,45.059],[-61.721,45.06],[-61.725,45.061],[-61.729,45.061],[-61.731,45.062],[-61.734,45.062],[-61.738,45.061],[-61.742,45.061],[-61.744,45.061],[-61.747,45.062],[-61.75,45.062],[-61.754,45.063],[-61.756,45.064],[-61.758,45.064],[-61.761,45.065],[-61.762,45.066],[-61.765,45.069],[-61.768,45.071],[-61.77,45.073],[-61.773,45.074],[-61.776,45.076],[-61.78,45.078],[-61.786,45.081],[-61.789,45.082],[-61.791,45.083],[-61.795,45.084],[-61.798,45.085],[-61.802,45.086],[-61.803,45.086],[-61.806,45.086],[-61.807,45.085],[-61.809,45.085],[-61.811,45.084],[-61.812,45.082],[-61.812,45.081],[-61.812,45.078],[-61.812,45.077],[-61.813,45.075],[-61.814,45.072],[-61.815,45.07],[-61.815,45.069],[-61.814,45.067],[-61.812,45.064],[-61.811,45.062],[-61.811,45.061],[-61.811,45.059],[-61.811,45.057],[-61.811,45.055],[-61.812,45.053],[-61.813,45.052],[-61.815,45.05],[-61.818,45.049],[-61.82,45.048],[-61.823,45.047],[-61.828,45.046],[-61.83,45.046],[-61.833,45.044],[-61.834,45.043],[-61.835,45.042],[-61.837,45.04],[-61.837,45.039],[-61.839,45.037],[-61.841,45.036],[-61.844,45.034],[-61.846,45.033],[-61.848,45.032],[-61.851,45.031],[-61.854,45.03],[-61.859,45.03],[-61.86,45.029],[-61.862,45.028],[-61.862,45.027],[-61.863,45.026],[-61.863,45.025],[-61.863,45.024],[-61.862,45.021],[-61.861,45.018],[-61.861,45.016],[-61.861,45.014],[-61.861,45.013],[-61.861,45.009],[-61.861,45.008],[-61.862,45.006],[-61.865,45.004],[-61.867,45.003],[-61.868,45.002],[-61.871,45.001],[-61.874,45.001],[-61.877,45.001],[-61.878,45.001],[-61.88,45.001],[-61.882,45.002],[-61.884,45.003],[-61.885,45.004],[-61.887,45.006],[-61.889,45.007],[-61.893,45.008],[-61.895,45.008],[-61.896,45.009],[-61.9,45.009],[-61.902,45.009],[-61.904,45.009],[-61.906,45.008],[-61.908,45.008],[-61.91,45.007],[-61.913,45.006],[-61.914,45.005],[-61.916,45.004],[-61.917,45.002],[-61.917,45],[-61.917,44.999],[-61.913,44.995],[-61.911,44.993],[-61.91,44.99],[-61.909,44.988],[-61.909,44.987],[-61.909,44.985],[-61.909,44.983],[-61.91,44.981],[-61.91,44.98],[-61.911,44.98],[-61.913,44.979],[-61.915,44.979],[-61.923,44.979],[-61.931,44.978],[-61.934,44.978],[-61.938,44.978],[-61.943,44.978],[-61.944,44.978],[-61.951,44.979],[-61.958,44.979],[-61.959,44.979],[-61.962,44.979],[-61.964,44.978],[-61.968,44.977],[-61.97,44.976],[-61.975,44.974],[-61.978,44.972],[-61.981,44.97],[-61.984,44.968],[-61.986,44.967],[-61.988,44.965],[-61.99,44.963],[-61.99,44.962],[-61.991,44.96],[-61.991,44.959],[-61.991,44.957],[-61.991,44.956],[-61.99,44.953],[-61.99,44.95],[-61.99,44.948],[-61.991,44.946],[-61.992,44.943],[-61.993,44.941],[-61.994,44.939],[-61.995,44.939],[-61.997,44.938],[-61.999,44.937],[-62.003,44.936],[-62.005,44.935],[-62.008,44.933],[-62.01,44.932],[-62.011,44.93],[-62.013,44.929],[-62.014,44.926],[-62.015,44.925],[-62.016,44.923],[-62.017,44.919],[-62.018,44.915],[-62.019,44.913],[-62.02,44.911],[-62.021,44.909],[-62.022,44.908],[-62.024,44.906],[-62.026,44.905],[-62.028,44.905],[-62.031,44.905],[-62.032,44.905],[-62.035,44.905],[-62.037,44.906],[-62.04,44.906],[-62.043,44.906],[-62.046,44.905],[-62.049,44.905],[-62.051,44.904],[-62.053,44.903],[-62.056,44.902],[-62.058,44.902],[-62.061,44.901],[-62.064,44.901],[-62.066,44.9],[-62.067,44.9],[-62.068,44.899],[-62.07,44.897],[-62.071,44.896],[-62.073,44.894],[-62.074,44.891],[-62.074,44.888],[-62.074,44.886],[-62.075,44.884],[-62.075,44.883],[-62.077,44.881],[-62.078,44.88],[-62.086,44.892],[-62.14,44.938],[-62.162,44.97],[-62.166,44.976],[-62.166,44.977],[-62.167,44.979],[-62.171,44.98],[-62.17,44.981],[-62.174,44.984],[-62.175,44.987],[-62.176,44.988],[-62.185,44.993],[-62.195,44.997],[-62.207,45.004],[-62.229,45.016],[-62.24,45.022],[-62.26,45.033],[-62.28,45.044],[-62.298,45.053],[-62.315,45.062],[-62.335,45.073],[-62.335,45.074],[-62.336,45.076],[-62.338,45.076],[-62.341,45.075],[-62.343,45.077],[-62.343,45.081],[-62.344,45.083],[-62.346,45.085],[-62.348,45.086],[-62.348,45.088],[-62.349,45.089],[-62.353,45.09],[-62.356,45.09],[-62.36,45.092],[-62.363,45.092],[-62.366,45.093],[-62.37,45.094],[-62.375,45.095],[-62.377,45.095],[-62.379,45.095],[-62.38,45.095],[-62.381,45.097],[-62.383,45.097],[-62.386,45.098],[-62.389,45.099],[-62.391,45.1],[-62.395,45.102],[-62.398,45.104],[-62.404,45.108],[-62.406,45.109],[-62.412,45.111],[-62.413,45.112],[-62.414,45.114],[-62.415,45.115],[-62.425,45.12],[-62.43,45.124],[-62.434,45.126],[-62.441,45.131],[-62.448,45.134],[-62.452,45.136],[-62.457,45.14],[-62.463,45.144],[-62.468,45.146],[-62.471,45.146],[-62.472,45.147],[-62.473,45.147],[-62.481,45.152],[-62.488,45.156],[-62.515,45.171],[-62.537,45.182],[-62.561,45.195],[-62.599,45.216],[-62.636,45.237],[-62.644,45.241],[-62.652,45.246],[-62.658,45.25],[-62.669,45.255],[-62.671,45.255],[-62.681,45.26],[-62.691,45.265],[-62.7,45.269],[-62.707,45.272],[-62.714,45.276],[-62.712,45.277],[-62.709,45.278],[-62.707,45.278],[-62.704,45.278],[-62.703,45.279],[-62.702,45.279],[-62.696,45.281],[-62.695,45.282],[-62.693,45.284],[-62.692,45.284],[-62.69,45.285],[-62.688,45.285],[-62.683,45.284],[-62.677,45.291],[-62.664,45.292],[-62.659,45.292],[-62.649,45.291],[-62.644,45.295],[-62.643,45.299],[-62.64,45.3],[-62.639,45.299],[-62.61,45.303],[-62.578,45.308],[-62.547,45.313],[-62.5,45.32],[-62.469,45.325],[-62.42,45.332],[-62.382,45.339],[-62.345,45.345],[-62.32,45.349],[-62.267,45.356],[-62.227,45.362],[-62.199,45.367],[-62.167,45.372],[-62.137,45.376],[-62.091,45.384],[-62.098,45.402],[-62.112,45.434],[-62.119,45.45],[-62.137,45.491],[-62.148,45.517],[-62.161,45.546],[-62.169,45.566],[-62.171,45.57],[-62.172,45.573],[-62.174,45.578],[-62.175,45.58]]]}},{"type":"Feature","properties":{"ENGNAME":"Northern"},"geometry":{"type":"Polygon","coordinates":[[[-62.237,45.728],[-62.235,45.722],[-62.233,45.718],[-62.229,45.707],[-62.224,45.697],[-62.22,45.686],[-62.218,45.682],[-62.213,45.67],[-62.211,45.666],[-62.209,45.66],[-62.202,45.644],[-62.192,45.619],[-62.186,45.606],[-62.186,45.605],[-62.181,45.595],[-62.178,45.586],[-62.177,45.584],[-62.175,45.58],[-62.174,45.578],[-62.172,45.573],[-62.171,45.57],[-62.169,45.566],[-62.161,45.546],[-62.148,45.517],[-62.137,45.491],[-62.119,45.45],[-62.112,45.434],[-62.098,45.402],[-62.091,45.384],[-62.137,45.376],[-62.167,45.372],[-62.199,45.367],[-62.227,45.362],[-62.267,45.356],[-62.32,45.349],[-62.345,45.345],[-62.382,45.339],[-62.42,45.332],[-62.469,45.325],[-62.5,45.32],[-62.547,45.313],[-62.578,45.308],[-62.61,45.303],[-62.639,45.299],[-62.64,45.3],[-62.643,45.299],[-62.644,45.295],[-62.649,45.291],[-62.659,45.292],[-62.664,45.292],[-62.677,45.291],[-62.683,45.284],[-62.688,45.285],[-62.69,45.285],[-62.692,45.284],[-62.693,45.284],[-62.695,45.282],[-62.696,45.281],[-62.702,45.279],[-62.703,45.279],[-62.704,45.278],[-62.707,45.278],[-62.709,45.278],[-62.712,45.277],[-62.714,45.276],[-62.716,45.276],[-62.717,45.275],[-62.721,45.273],[-62.723,45.273],[-62.724,45.272],[-62.725,45.272],[-62.725,45.271],[-62.729,45.269],[-62.73,45.269],[-62.732,45.269],[-62.734,45.269],[-62.736,45.269],[-62.737,45.268],[-62.739,45.267],[-62.739,45.266],[-62.74,45.266],[-62.741,45.265],[-62.745,45.264],[-62.748,45.263],[-62.751,45.263],[-62.756,45.261],[-62.758,45.26],[-62.759,45.259],[-62.76,45.258],[-62.761,45.257],[-62.765,45.257],[-62.769,45.256],[-62.772,45.255],[-62.777,45.254],[-62.779,45.254],[-62.782,45.253],[-62.783,45.252],[-62.786,45.251],[-62.787,45.25],[-62.792,45.248],[-62.798,45.247],[-62.805,45.247],[-62.81,45.246],[-62.815,45.244],[-62.819,45.239],[-62.824,45.237],[-62.825,45.235],[-62.827,45.233],[-62.83,45.232],[-62.831,45.23],[-62.833,45.229],[-62.838,45.226],[-62.84,45.225],[-62.844,45.223],[-62.848,45.221],[-62.852,45.218],[-62.855,45.216],[-62.856,45.215],[-62.86,45.213],[-62.862,45.212],[-62.869,45.209],[-62.874,45.207],[-62.878,45.206],[-62.882,45.204],[-62.886,45.202],[-62.889,45.199],[-62.897,45.195],[-62.899,45.195],[-62.904,45.193],[-62.912,45.191],[-62.915,45.19],[-62.926,45.186],[-62.936,45.182],[-62.938,45.181],[-62.947,45.177],[-62.954,45.175],[-62.956,45.174],[-62.958,45.174],[-62.971,45.169],[-62.984,45.164],[-62.992,45.161],[-62.997,45.158],[-62.999,45.156],[-63.006,45.154],[-63.014,45.152],[-63.021,45.149],[-63.042,45.141],[-63.064,45.133],[-63.079,45.128],[-63.098,45.121],[-63.114,45.115],[-63.156,45.101],[-63.164,45.098],[-63.165,45.097],[-63.167,45.097],[-63.167,45.096],[-63.168,45.096],[-63.169,45.096],[-63.171,45.095],[-63.215,45.08],[-63.227,45.075],[-63.258,45.065],[-63.291,45.053],[-63.336,45.037],[-63.336,45.036],[-63.337,45.035],[-63.341,45.035],[-63.341,45.034],[-63.342,45.035],[-63.343,45.034],[-63.343,45.035],[-63.345,45.035],[-63.346,45.035],[-63.347,45.034],[-63.349,45.035],[-63.351,45.033],[-63.356,45.032],[-63.356,45.031],[-63.355,45.03],[-63.356,45.029],[-63.357,45.03],[-63.359,45.03],[-63.36,45.03],[-63.361,45.03],[-63.362,45.031],[-63.362,45.032],[-63.362,45.034],[-63.363,45.035],[-63.366,45.035],[-63.367,45.035],[-63.368,45.036],[-63.369,45.038],[-63.372,45.04],[-63.373,45.04],[-63.374,45.04],[-63.374,45.039],[-63.376,45.037],[-63.376,45.036],[-63.375,45.036],[-63.376,45.035],[-63.377,45.034],[-63.378,45.034],[-63.38,45.033],[-63.382,45.034],[-63.383,45.035],[-63.385,45.035],[-63.387,45.034],[-63.389,45.033],[-63.389,45.032],[-63.39,45.032],[-63.389,45.03],[-63.389,45.029],[-63.39,45.027],[-63.39,45.025],[-63.388,45.024],[-63.388,45.023],[-63.387,45.022],[-63.387,45.021],[-63.385,45.019],[-63.384,45.017],[-63.383,45.017],[-63.382,45.014],[-63.382,45.013],[-63.382,45.01],[-63.383,45.009],[-63.384,45.006],[-63.384,45.005],[-63.385,45.003],[-63.385,45],[-63.385,44.997],[-63.386,44.995],[-63.386,44.993],[-63.386,44.991],[-63.387,44.99],[-63.388,44.989],[-63.388,44.988],[-63.387,44.986],[-63.385,44.983],[-63.384,44.983],[-63.383,44.979],[-63.383,44.977],[-63.382,44.976],[-63.383,44.974],[-63.383,44.971],[-63.383,44.97],[-63.382,44.969],[-63.38,44.969],[-63.378,44.968],[-63.377,44.968],[-63.377,44.967],[-63.376,44.965],[-63.376,44.964],[-63.376,44.962],[-63.375,44.962],[-63.374,44.96],[-63.374,44.959],[-63.373,44.957],[-63.372,44.958],[-63.371,44.958],[-63.37,44.959],[-63.37,44.96],[-63.369,44.96],[-63.368,44.961],[-63.366,44.962],[-63.365,44.962],[-63.362,44.961],[-63.361,44.961],[-63.358,44.963],[-63.356,44.964],[-63.355,44.964],[-63.353,44.964],[-63.352,44.964],[-63.35,44.963],[-63.349,44.963],[-63.345,44.964],[-63.341,44.963],[-63.337,44.963],[-63.336,44.963],[-63.334,44.964],[-63.331,44.964],[-63.33,44.964],[-63.328,44.963],[-63.326,44.962],[-63.324,44.962],[-63.315,44.962],[-63.313,44.962],[-63.311,44.962],[-63.308,44.961],[-63.306,44.961],[-63.305,44.96],[-63.304,44.958],[-63.302,44.959],[-63.3,44.961],[-63.299,44.961],[-63.297,44.963],[-63.296,44.964],[-63.295,44.965],[-63.293,44.966],[-63.287,44.968],[-63.286,44.968],[-63.284,44.969],[-63.282,44.97],[-63.28,44.97],[-63.278,44.97],[-63.276,44.97],[-63.275,44.97],[-63.272,44.97],[-63.267,44.97],[-63.263,44.97],[-63.261,44.971],[-63.26,44.97],[-63.259,44.971],[-63.258,44.972],[-63.257,44.971],[-63.255,44.972],[-63.253,44.971],[-63.252,44.971],[-63.247,44.971],[-63.245,44.971],[-63.242,44.971],[-63.24,44.97],[-63.238,44.97],[-63.235,44.971],[-63.233,44.972],[-63.232,44.968],[-63.233,44.967],[-63.235,44.968],[-63.238,44.967],[-63.241,44.967],[-63.244,44.967],[-63.246,44.968],[-63.248,44.967],[-63.249,44.966],[-63.251,44.964],[-63.254,44.961],[-63.256,44.96],[-63.258,44.96],[-63.259,44.96],[-63.262,44.959],[-63.264,44.959],[-63.264,44.958],[-63.264,44.957],[-63.265,44.956],[-63.267,44.956],[-63.269,44.956],[-63.27,44.955],[-63.272,44.954],[-63.275,44.953],[-63.277,44.952],[-63.278,44.951],[-63.279,44.952],[-63.281,44.952],[-63.282,44.952],[-63.285,44.951],[-63.286,44.95],[-63.287,44.949],[-63.287,44.947],[-63.287,44.946],[-63.285,44.946],[-63.281,44.943],[-63.28,44.942],[-63.278,44.942],[-63.277,44.942],[-63.276,44.943],[-63.274,44.945],[-63.273,44.946],[-63.272,44.946],[-63.27,44.946],[-63.269,44.945],[-63.267,44.944],[-63.265,44.941],[-63.264,44.941],[-63.263,44.941],[-63.262,44.942],[-63.261,44.943],[-63.26,44.943],[-63.259,44.942],[-63.258,44.941],[-63.256,44.94],[-63.255,44.94],[-63.252,44.94],[-63.251,44.94],[-63.249,44.94],[-63.248,44.942],[-63.247,44.941],[-63.246,44.941],[-63.245,44.94],[-63.246,44.939],[-63.248,44.939],[-63.246,44.938],[-63.245,44.937],[-63.245,44.936],[-63.246,44.936],[-63.247,44.935],[-63.246,44.934],[-63.245,44.935],[-63.244,44.935],[-63.244,44.934],[-63.245,44.932],[-63.246,44.931],[-63.245,44.93],[-63.246,44.929],[-63.247,44.929],[-63.247,44.928],[-63.246,44.928],[-63.244,44.929],[-63.244,44.928],[-63.245,44.927],[-63.245,44.926],[-63.246,44.925],[-63.245,44.924],[-63.244,44.924],[-63.243,44.924],[-63.242,44.925],[-63.241,44.923],[-63.243,44.921],[-63.243,44.919],[-63.244,44.917],[-63.243,44.917],[-63.243,44.915],[-63.244,44.915],[-63.245,44.914],[-63.244,44.913],[-63.245,44.912],[-63.244,44.912],[-63.242,44.912],[-63.244,44.911],[-63.244,44.91],[-63.245,44.91],[-63.245,44.908],[-63.246,44.906],[-63.247,44.905],[-63.248,44.905],[-63.249,44.904],[-63.252,44.905],[-63.254,44.905],[-63.254,44.903],[-63.255,44.902],[-63.256,44.902],[-63.256,44.903],[-63.258,44.902],[-63.565,44.808],[-63.566,44.809],[-63.567,44.811],[-63.568,44.812],[-63.568,44.814],[-63.567,44.815],[-63.566,44.816],[-63.565,44.817],[-63.564,44.817],[-63.563,44.818],[-63.563,44.819],[-63.564,44.82],[-63.563,44.82],[-63.563,44.821],[-63.564,44.821],[-63.565,44.822],[-63.566,44.825],[-63.566,44.827],[-63.567,44.826],[-63.569,44.827],[-63.569,44.826],[-63.569,44.825],[-63.571,44.826],[-63.57,44.827],[-63.569,44.827],[-63.569,44.828],[-63.57,44.829],[-63.569,44.83],[-63.57,44.831],[-63.57,44.832],[-63.571,44.833],[-63.57,44.833],[-63.57,44.835],[-63.569,44.836],[-63.568,44.837],[-63.568,44.838],[-63.567,44.838],[-63.566,44.839],[-63.57,44.846],[-63.561,44.851],[-63.556,44.853],[-63.554,44.854],[-63.553,44.856],[-63.551,44.858],[-63.538,44.869],[-63.536,44.87],[-63.535,44.872],[-63.533,44.874],[-63.533,44.875],[-63.532,44.876],[-63.53,44.877],[-63.53,44.878],[-63.531,44.879],[-63.531,44.88],[-63.53,44.883],[-63.527,44.893],[-63.526,44.896],[-63.527,44.897],[-63.527,44.899],[-63.528,44.9],[-63.533,44.907],[-63.536,44.911],[-63.536,44.912],[-63.537,44.915],[-63.537,44.916],[-63.538,44.923],[-63.538,44.925],[-63.537,44.925],[-63.536,44.924],[-63.534,44.925],[-63.534,44.926],[-63.533,44.926],[-63.533,44.928],[-63.535,44.928],[-63.536,44.929],[-63.535,44.931],[-63.535,44.932],[-63.536,44.931],[-63.537,44.932],[-63.538,44.936],[-63.541,44.937],[-63.543,44.937],[-63.543,44.938],[-63.544,44.939],[-63.545,44.938],[-63.542,44.929],[-63.54,44.925],[-63.54,44.924],[-63.541,44.924],[-63.543,44.924],[-63.545,44.924],[-63.546,44.924],[-63.548,44.924],[-63.549,44.922],[-63.553,44.917],[-63.554,44.916],[-63.556,44.915],[-63.556,44.914],[-63.558,44.912],[-63.558,44.911],[-63.56,44.91],[-63.563,44.909],[-63.564,44.908],[-63.566,44.908],[-63.569,44.906],[-63.572,44.905],[-63.573,44.904],[-63.576,44.901],[-63.579,44.899],[-63.582,44.897],[-63.583,44.897],[-63.584,44.895],[-63.586,44.896],[-63.588,44.895],[-63.588,44.893],[-63.59,44.893],[-63.592,44.892],[-63.594,44.891],[-63.594,44.89],[-63.594,44.889],[-63.594,44.887],[-63.593,44.885],[-63.594,44.886],[-63.594,44.887],[-63.595,44.89],[-63.594,44.891],[-63.596,44.892],[-63.595,44.892],[-63.594,44.893],[-63.592,44.894],[-63.59,44.896],[-63.589,44.897],[-63.589,44.898],[-63.589,44.899],[-63.588,44.899],[-63.587,44.9],[-63.587,44.902],[-63.589,44.903],[-63.59,44.904],[-63.59,44.905],[-63.589,44.906],[-63.59,44.91],[-63.59,44.914],[-63.59,44.915],[-63.588,44.917],[-63.588,44.918],[-63.588,44.919],[-63.588,44.92],[-63.588,44.922],[-63.585,44.923],[-63.584,44.925],[-63.583,44.924],[-63.583,44.922],[-63.581,44.921],[-63.58,44.921],[-63.579,44.92],[-63.579,44.919],[-63.578,44.919],[-63.577,44.917],[-63.576,44.917],[-63.575,44.919],[-63.574,44.919],[-63.574,44.921],[-63.574,44.922],[-63.574,44.923],[-63.574,44.926],[-63.572,44.926],[-63.571,44.925],[-63.58,44.934],[-63.59,44.944],[-63.592,44.95],[-63.596,44.949],[-63.603,44.948],[-63.616,44.945],[-63.631,44.943],[-63.663,44.937],[-63.667,44.935],[-63.679,44.93],[-63.699,44.921],[-63.71,44.916],[-63.713,44.915],[-63.714,44.917],[-63.714,44.918],[-63.714,44.921],[-63.715,44.923],[-63.715,44.924],[-63.714,44.925],[-63.715,44.929],[-63.716,44.931],[-63.717,44.934],[-63.718,44.937],[-63.718,44.939],[-63.718,44.94],[-63.719,44.941],[-63.719,44.944],[-63.72,44.946],[-63.723,44.947],[-63.724,44.948],[-63.724,44.95],[-63.728,44.95],[-63.729,44.95],[-63.731,44.952],[-63.735,44.953],[-63.737,44.954],[-63.741,44.956],[-63.744,44.957],[-63.745,44.958],[-63.747,44.958],[-63.749,44.959],[-63.752,44.96],[-63.753,44.961],[-63.754,44.962],[-63.762,44.957],[-63.764,44.957],[-63.769,44.958],[-63.792,44.963],[-63.803,44.966],[-63.805,44.962],[-63.808,44.958],[-63.809,44.958],[-63.814,44.954],[-63.816,44.953],[-63.818,44.953],[-63.822,44.951],[-63.824,44.949],[-63.826,44.949],[-63.827,44.949],[-63.828,44.949],[-63.828,44.948],[-63.831,44.948],[-63.831,44.947],[-63.834,44.947],[-63.836,44.947],[-63.838,44.947],[-63.839,44.948],[-63.84,44.947],[-63.841,44.948],[-63.842,44.947],[-63.844,44.947],[-63.846,44.947],[-63.847,44.945],[-63.849,44.944],[-63.854,44.945],[-63.856,44.945],[-63.859,44.945],[-63.861,44.943],[-63.864,44.94],[-63.865,44.937],[-63.864,44.936],[-63.867,44.933],[-63.866,44.931],[-63.867,44.931],[-63.868,44.93],[-63.869,44.929],[-63.87,44.927],[-63.87,44.926],[-63.871,44.926],[-63.872,44.927],[-63.874,44.927],[-63.875,44.926],[-63.877,44.926],[-63.878,44.926],[-63.88,44.925],[-63.881,44.925],[-63.883,44.924],[-63.884,44.923],[-63.885,44.923],[-63.889,44.922],[-63.891,44.923],[-63.895,44.923],[-63.89,44.928],[-63.882,44.938],[-63.878,44.943],[-63.881,44.951],[-63.886,44.963],[-63.898,44.997],[-63.904,45.011],[-63.907,45.02],[-63.907,45.021],[-63.912,45.037],[-63.913,45.039],[-63.919,45.058],[-63.921,45.064],[-63.925,45.073],[-63.929,45.085],[-63.93,45.088],[-63.932,45.093],[-63.935,45.103],[-63.946,45.129],[-63.955,45.152],[-63.968,45.18],[-63.971,45.187],[-63.977,45.2],[-63.983,45.216],[-63.985,45.22],[-63.986,45.22],[-63.986,45.219],[-63.988,45.219],[-63.992,45.22],[-63.993,45.22],[-63.994,45.223],[-63.995,45.224],[-63.996,45.224],[-63.997,45.223],[-63.997,45.222],[-63.998,45.222],[-63.999,45.222],[-63.999,45.223],[-63.999,45.224],[-64,45.224],[-64.001,45.224],[-64.002,45.224],[-64.004,45.226],[-64.004,45.227],[-64.006,45.228],[-64.01,45.23],[-64.018,45.236],[-64.017,45.237],[-64.016,45.239],[-64.014,45.24],[-64.011,45.241],[-64.009,45.243],[-64.007,45.244],[-64.006,45.246],[-64.005,45.248],[-64.004,45.248],[-64.002,45.249],[-64.001,45.25],[-63.996,45.251],[-63.994,45.252],[-63.983,45.255],[-63.974,45.258],[-63.971,45.259],[-63.968,45.26],[-63.966,45.26],[-63.96,45.261],[-63.956,45.262],[-63.953,45.263],[-63.951,45.264],[-63.948,45.266],[-63.947,45.267],[-63.945,45.267],[-63.943,45.268],[-63.94,45.268],[-63.939,45.269],[-63.938,45.269],[-63.937,45.271],[-63.935,45.271],[-63.934,45.272],[-63.932,45.272],[-63.929,45.272],[-63.927,45.273],[-63.924,45.273],[-63.92,45.274],[-63.916,45.275],[-63.914,45.276],[-63.91,45.277],[-63.907,45.279],[-63.903,45.28],[-63.902,45.281],[-63.9,45.282],[-63.897,45.282],[-63.894,45.282],[-63.892,45.282],[-63.888,45.282],[-63.886,45.282],[-63.884,45.281],[-63.881,45.281],[-63.879,45.28],[-63.878,45.279],[-63.876,45.279],[-63.875,45.278],[-63.874,45.277],[-63.872,45.277],[-63.871,45.277],[-63.87,45.278],[-63.868,45.279],[-63.866,45.281],[-63.864,45.282],[-63.863,45.283],[-63.859,45.284],[-63.858,45.284],[-63.851,45.287],[-63.844,45.289],[-63.838,45.292],[-63.836,45.293],[-63.833,45.293],[-63.832,45.293],[-63.828,45.293],[-63.825,45.293],[-63.822,45.292],[-63.821,45.292],[-63.819,45.293],[-63.818,45.294],[-63.817,45.295],[-63.817,45.296],[-63.817,45.297],[-63.818,45.298],[-63.819,45.299],[-63.819,45.3],[-63.819,45.301],[-63.819,45.304],[-63.818,45.305],[-63.818,45.307],[-63.816,45.309],[-63.815,45.311],[-63.814,45.312],[-63.812,45.313],[-63.81,45.315],[-63.809,45.315],[-63.807,45.316],[-63.804,45.317],[-63.8,45.318],[-63.797,45.318],[-63.794,45.319],[-63.79,45.32],[-63.789,45.32],[-63.787,45.32],[-63.785,45.32],[-63.783,45.32],[-63.777,45.319],[-63.772,45.32],[-63.767,45.32],[-63.765,45.32],[-63.763,45.319],[-63.76,45.318],[-63.756,45.315],[-63.753,45.313],[-63.75,45.311],[-63.748,45.31],[-63.745,45.308],[-63.743,45.308],[-63.741,45.308],[-63.739,45.308],[-63.736,45.308],[-63.735,45.308],[-63.733,45.309],[-63.733,45.31],[-63.732,45.312],[-63.732,45.314],[-63.732,45.317],[-63.732,45.318],[-63.731,45.321],[-63.73,45.322],[-63.728,45.323],[-63.727,45.324],[-63.724,45.324],[-63.721,45.325],[-63.719,45.326],[-63.716,45.327],[-63.714,45.327],[-63.711,45.327],[-63.709,45.327],[-63.706,45.327],[-63.705,45.327],[-63.702,45.327],[-63.701,45.327],[-63.698,45.326],[-63.695,45.325],[-63.693,45.323],[-63.69,45.321],[-63.689,45.321],[-63.686,45.321],[-63.683,45.32],[-63.679,45.321],[-63.677,45.321],[-63.673,45.322],[-63.671,45.322],[-63.668,45.322],[-63.666,45.322],[-63.663,45.322],[-63.661,45.322],[-63.658,45.322],[-63.654,45.32],[-63.652,45.32],[-63.65,45.32],[-63.647,45.321],[-63.645,45.321],[-63.641,45.321],[-63.638,45.321],[-63.635,45.32],[-63.633,45.319],[-63.631,45.319],[-63.627,45.319],[-63.625,45.319],[-63.623,45.319],[-63.619,45.32],[-63.616,45.32],[-63.613,45.32],[-63.611,45.32],[-63.605,45.32],[-63.602,45.319],[-63.6,45.319],[-63.597,45.319],[-63.594,45.32],[-63.59,45.32],[-63.588,45.32],[-63.584,45.32],[-63.579,45.319],[-63.576,45.32],[-63.573,45.32],[-63.57,45.321],[-63.563,45.321],[-63.561,45.321],[-63.559,45.322],[-63.557,45.322],[-63.555,45.324],[-63.553,45.325],[-63.551,45.327],[-63.55,45.328],[-63.549,45.33],[-63.549,45.332],[-63.548,45.334],[-63.547,45.335],[-63.546,45.336],[-63.543,45.338],[-63.541,45.338],[-63.539,45.339],[-63.536,45.34],[-63.535,45.34],[-63.532,45.34],[-63.531,45.339],[-63.528,45.339],[-63.525,45.338],[-63.522,45.337],[-63.519,45.335],[-63.516,45.334],[-63.512,45.333],[-63.507,45.331],[-63.504,45.331],[-63.5,45.33],[-63.49,45.323],[-63.489,45.323],[-63.488,45.324],[-63.486,45.325],[-63.486,45.326],[-63.484,45.33],[-63.483,45.332],[-63.482,45.333],[-63.48,45.335],[-63.479,45.336],[-63.478,45.337],[-63.476,45.338],[-63.474,45.339],[-63.471,45.341],[-63.468,45.342],[-63.464,45.343],[-63.462,45.344],[-63.459,45.344],[-63.457,45.345],[-63.453,45.346],[-63.448,45.348],[-63.445,45.349],[-63.443,45.35],[-63.438,45.352],[-63.436,45.353],[-63.434,45.354],[-63.43,45.355],[-63.427,45.356],[-63.425,45.356],[-63.424,45.357],[-63.423,45.358],[-63.424,45.358],[-63.425,45.359],[-63.427,45.36],[-63.432,45.359],[-63.437,45.359],[-63.441,45.359],[-63.443,45.359],[-63.447,45.359],[-63.45,45.36],[-63.453,45.36],[-63.456,45.361],[-63.458,45.361],[-63.463,45.363],[-63.465,45.364],[-63.47,45.365],[-63.475,45.366],[-63.48,45.368],[-63.482,45.368],[-63.485,45.368],[-63.487,45.369],[-63.491,45.369],[-63.496,45.368],[-63.5,45.368],[-63.508,45.367],[-63.512,45.367],[-63.515,45.367],[-63.518,45.368],[-63.523,45.368],[-63.526,45.369],[-63.53,45.369],[-63.535,45.371],[-63.538,45.371],[-63.54,45.372],[-63.543,45.372],[-63.549,45.372],[-63.554,45.373],[-63.557,45.374],[-63.563,45.375],[-63.569,45.376],[-63.572,45.377],[-63.578,45.378],[-63.581,45.379],[-63.585,45.38],[-63.587,45.381],[-63.59,45.383],[-63.595,45.385],[-63.597,45.385],[-63.6,45.386],[-63.602,45.386],[-63.604,45.387],[-63.607,45.387],[-63.611,45.387],[-63.615,45.386],[-63.617,45.386],[-63.621,45.384],[-63.626,45.383],[-63.628,45.383],[-63.63,45.383],[-63.634,45.383],[-63.635,45.383],[-63.638,45.384],[-63.64,45.385],[-63.642,45.386],[-63.645,45.387],[-63.651,45.388],[-63.655,45.389],[-63.658,45.389],[-63.659,45.389],[-63.662,45.389],[-63.665,45.388],[-63.676,45.386],[-63.684,45.384],[-63.687,45.383],[-63.69,45.383],[-63.692,45.383],[-63.695,45.383],[-63.698,45.383],[-63.702,45.384],[-63.705,45.385],[-63.707,45.385],[-63.709,45.385],[-63.711,45.385],[-63.714,45.384],[-63.716,45.384],[-63.72,45.384],[-63.722,45.384],[-63.724,45.385],[-63.726,45.385],[-63.728,45.386],[-63.743,45.392],[-63.745,45.392],[-63.748,45.393],[-63.751,45.393],[-63.755,45.394],[-63.764,45.394],[-63.768,45.394],[-63.771,45.394],[-63.773,45.394],[-63.775,45.393],[-63.775,45.392],[-63.777,45.391],[-63.778,45.39],[-63.78,45.389],[-63.785,45.389],[-63.79,45.39],[-63.792,45.39],[-63.796,45.391],[-63.798,45.391],[-63.8,45.391],[-63.803,45.39],[-63.804,45.389],[-63.806,45.389],[-63.808,45.388],[-63.811,45.388],[-63.812,45.387],[-63.816,45.387],[-63.825,45.384],[-63.829,45.383],[-63.834,45.382],[-63.839,45.381],[-63.844,45.38],[-63.851,45.379],[-63.857,45.377],[-63.859,45.377],[-63.86,45.377],[-63.861,45.376],[-63.863,45.375],[-63.864,45.373],[-63.865,45.372],[-63.866,45.371],[-63.868,45.369],[-63.871,45.368],[-63.874,45.366],[-63.876,45.363],[-63.877,45.361],[-63.877,45.36],[-63.877,45.358],[-63.877,45.355],[-63.878,45.35],[-63.878,45.348],[-63.878,45.344],[-63.879,45.343],[-63.88,45.342],[-63.881,45.342],[-63.883,45.341],[-63.884,45.341],[-63.886,45.342],[-63.888,45.343],[-63.89,45.343],[-63.892,45.343],[-63.894,45.344],[-63.913,45.343],[-63.916,45.343],[-63.92,45.343],[-63.923,45.343],[-63.927,45.342],[-63.934,45.341],[-63.938,45.34],[-63.941,45.339],[-63.944,45.338],[-63.946,45.338],[-63.948,45.338],[-63.95,45.339],[-63.951,45.34],[-63.952,45.341],[-63.952,45.342],[-63.952,45.343],[-63.952,45.345],[-63.951,45.346],[-63.95,45.347],[-63.949,45.349],[-63.947,45.349],[-63.943,45.35],[-63.941,45.351],[-63.939,45.351],[-63.936,45.353],[-63.934,45.354],[-63.932,45.355],[-63.931,45.357],[-63.931,45.358],[-63.93,45.36],[-63.93,45.362],[-63.93,45.364],[-63.93,45.366],[-63.929,45.369],[-63.928,45.371],[-63.928,45.372],[-63.928,45.374],[-63.929,45.374],[-63.932,45.376],[-63.935,45.378],[-63.937,45.38],[-63.939,45.382],[-63.942,45.384],[-63.945,45.386],[-63.947,45.387],[-63.95,45.388],[-63.953,45.389],[-63.957,45.39],[-63.961,45.39],[-63.965,45.39],[-63.967,45.391],[-63.971,45.391],[-63.973,45.392],[-63.976,45.392],[-63.978,45.393],[-63.98,45.393],[-63.983,45.393],[-63.985,45.392],[-63.987,45.391],[-63.988,45.389],[-63.989,45.388],[-63.991,45.387],[-63.992,45.385],[-63.993,45.385],[-63.996,45.383],[-64,45.382],[-64.002,45.382],[-64.005,45.381],[-64.009,45.38],[-64.014,45.38],[-64.017,45.38],[-64.021,45.379],[-64.023,45.379],[-64.028,45.378],[-64.032,45.378],[-64.035,45.378],[-64.038,45.378],[-64.042,45.378],[-64.046,45.378],[-64.05,45.379],[-64.055,45.38],[-64.057,45.38],[-64.061,45.381],[-64.063,45.38],[-64.065,45.38],[-64.067,45.38],[-64.07,45.379],[-64.073,45.378],[-64.078,45.377],[-64.082,45.376],[-64.084,45.376],[-64.087,45.375],[-64.092,45.375],[-64.097,45.375],[-64.101,45.375],[-64.104,45.375],[-64.109,45.375],[-64.114,45.374],[-64.118,45.374],[-64.12,45.374],[-64.124,45.374],[-64.126,45.374],[-64.129,45.374],[-64.131,45.375],[-64.131,45.377],[-64.132,45.378],[-64.132,45.381],[-64.133,45.384],[-64.134,45.389],[-64.136,45.391],[-64.137,45.393],[-64.138,45.395],[-64.139,45.395],[-64.14,45.396],[-64.143,45.396],[-64.15,45.395],[-64.153,45.395],[-64.156,45.395],[-64.16,45.395],[-64.163,45.395],[-64.166,45.396],[-64.17,45.396],[-64.172,45.397],[-64.174,45.397],[-64.176,45.397],[-64.179,45.397],[-64.182,45.397],[-64.184,45.396],[-64.186,45.395],[-64.19,45.394],[-64.193,45.393],[-64.196,45.393],[-64.197,45.393],[-64.199,45.393],[-64.202,45.393],[-64.204,45.393],[-64.206,45.393],[-64.208,45.393],[-64.209,45.393],[-64.21,45.392],[-64.21,45.391],[-64.21,45.39],[-64.209,45.389],[-64.208,45.387],[-64.208,45.385],[-64.207,45.382],[-64.207,45.38],[-64.208,45.379],[-64.208,45.378],[-64.209,45.378],[-64.211,45.377],[-64.212,45.377],[-64.214,45.377],[-64.215,45.378],[-64.217,45.379],[-64.218,45.382],[-64.219,45.384],[-64.221,45.386],[-64.223,45.388],[-64.225,45.389],[-64.227,45.39],[-64.229,45.39],[-64.231,45.39],[-64.235,45.389],[-64.237,45.389],[-64.237,45.388],[-64.237,45.386],[-64.237,45.385],[-64.236,45.383],[-64.236,45.382],[-64.236,45.381],[-64.236,45.379],[-64.236,45.378],[-64.237,45.377],[-64.239,45.376],[-64.24,45.375],[-64.242,45.375],[-64.244,45.374],[-64.253,45.374],[-64.257,45.374],[-64.259,45.374],[-64.261,45.374],[-64.263,45.375],[-64.265,45.375],[-64.267,45.376],[-64.269,45.377],[-64.272,45.378],[-64.273,45.378],[-64.276,45.379],[-64.278,45.379],[-64.283,45.38],[-64.286,45.38],[-64.29,45.38],[-64.293,45.38],[-64.296,45.38],[-64.3,45.38],[-64.301,45.381],[-64.302,45.381],[-64.304,45.382],[-64.304,45.383],[-64.305,45.384],[-64.307,45.384],[-64.309,45.385],[-64.311,45.385],[-64.312,45.385],[-64.314,45.384],[-64.315,45.384],[-64.316,45.383],[-64.317,45.382],[-64.318,45.379],[-64.318,45.377],[-64.319,45.376],[-64.32,45.375],[-64.321,45.375],[-64.323,45.374],[-64.325,45.373],[-64.327,45.373],[-64.328,45.371],[-64.328,45.37],[-64.327,45.369],[-64.326,45.367],[-64.326,45.365],[-64.327,45.364],[-64.327,45.363],[-64.329,45.363],[-64.33,45.362],[-64.332,45.362],[-64.335,45.362],[-64.336,45.362],[-64.338,45.362],[-64.34,45.362],[-64.342,45.363],[-64.344,45.364],[-64.345,45.365],[-64.346,45.366],[-64.347,45.369],[-64.348,45.37],[-64.349,45.372],[-64.35,45.373],[-64.353,45.375],[-64.355,45.375],[-64.357,45.376],[-64.362,45.375],[-64.366,45.375],[-64.375,45.375],[-64.377,45.374],[-64.379,45.374],[-64.381,45.373],[-64.382,45.372],[-64.383,45.372],[-64.383,45.371],[-64.383,45.369],[-64.382,45.368],[-64.381,45.366],[-64.381,45.365],[-64.381,45.364],[-64.381,45.362],[-64.382,45.362],[-64.384,45.361],[-64.385,45.36],[-64.387,45.36],[-64.39,45.361],[-64.393,45.361],[-64.396,45.362],[-64.402,45.364],[-64.405,45.365],[-64.412,45.367],[-64.415,45.368],[-64.419,45.369],[-64.424,45.37],[-64.428,45.372],[-64.43,45.372],[-64.434,45.374],[-64.438,45.375],[-64.44,45.375],[-64.443,45.376],[-64.446,45.377],[-64.448,45.377],[-64.45,45.378],[-64.451,45.379],[-64.453,45.38],[-64.454,45.381],[-64.456,45.383],[-64.458,45.386],[-64.46,45.387],[-64.461,45.388],[-64.462,45.389],[-64.465,45.39],[-64.468,45.391],[-64.47,45.392],[-64.473,45.392],[-64.476,45.393],[-64.477,45.393],[-64.479,45.393],[-64.48,45.392],[-64.482,45.391],[-64.483,45.39],[-64.486,45.388],[-64.489,45.387],[-64.493,45.387],[-64.498,45.387],[-64.502,45.387],[-64.506,45.387],[-64.509,45.387],[-64.511,45.388],[-64.514,45.389],[-64.517,45.391],[-64.518,45.392],[-64.523,45.394],[-64.527,45.395],[-64.532,45.397],[-64.535,45.399],[-64.538,45.399],[-64.541,45.4],[-64.547,45.401],[-64.549,45.402],[-64.553,45.402],[-64.558,45.403],[-64.563,45.403],[-64.566,45.403],[-64.569,45.403],[-64.571,45.402],[-64.575,45.402],[-64.577,45.401],[-64.581,45.4],[-64.583,45.399],[-64.59,45.398],[-64.592,45.398],[-64.595,45.397],[-64.598,45.396],[-64.602,45.395],[-64.605,45.395],[-64.611,45.394],[-64.614,45.393],[-64.62,45.393],[-64.624,45.392],[-64.631,45.391],[-64.635,45.39],[-64.643,45.388],[-64.645,45.388],[-64.649,45.386],[-64.653,45.385],[-64.656,45.384],[-64.658,45.383],[-64.661,45.381],[-64.663,45.38],[-64.666,45.378],[-64.669,45.375],[-64.672,45.373],[-64.674,45.371],[-64.676,45.368],[-64.678,45.366],[-64.68,45.363],[-64.68,45.361],[-64.682,45.358],[-64.682,45.355],[-64.683,45.352],[-64.683,45.35],[-64.683,45.348],[-64.683,45.344],[-64.683,45.34],[-64.683,45.338],[-64.682,45.334],[-64.681,45.332],[-64.681,45.33],[-64.681,45.328],[-64.682,45.326],[-64.683,45.323],[-64.683,45.321],[-64.684,45.319],[-64.685,45.318],[-64.687,45.316],[-64.689,45.313],[-64.691,45.312],[-64.693,45.31],[-64.696,45.308],[-64.699,45.307],[-64.702,45.306],[-64.705,45.305],[-64.708,45.304],[-64.712,45.303],[-64.72,45.303],[-64.725,45.303],[-64.73,45.302],[-64.734,45.302],[-64.739,45.302],[-64.741,45.301],[-64.743,45.3],[-64.745,45.3],[-64.747,45.299],[-64.749,45.297],[-64.751,45.296],[-64.753,45.294],[-64.756,45.291],[-64.759,45.289],[-64.762,45.287],[-64.765,45.286],[-64.768,45.285],[-64.772,45.284],[-64.775,45.283],[-64.779,45.282],[-64.783,45.282],[-64.789,45.281],[-64.794,45.28],[-64.8,45.279],[-64.804,45.279],[-64.81,45.279],[-64.814,45.279],[-64.82,45.279],[-64.825,45.279],[-64.831,45.28],[-64.835,45.281],[-64.839,45.281],[-64.842,45.282],[-64.846,45.282],[-64.849,45.282],[-64.852,45.282],[-64.855,45.282],[-64.858,45.282],[-64.861,45.282],[-64.864,45.282],[-64.868,45.282],[-64.873,45.281],[-64.876,45.281],[-64.879,45.28],[-64.882,45.279],[-64.885,45.279],[-64.889,45.278],[-64.892,45.277],[-64.895,45.276],[-64.897,45.275],[-64.902,45.273],[-64.907,45.271],[-64.911,45.269],[-64.916,45.266],[-64.92,45.264],[-64.922,45.263],[-64.927,45.26],[-64.931,45.258],[-64.935,45.255],[-64.938,45.252],[-64.942,45.249],[-64.946,45.246],[-64.948,45.244],[-64.95,45.243],[-64.954,45.241],[-64.957,45.24],[-64.962,45.238],[-64.967,45.237],[-64.97,45.236],[-64.975,45.235],[-64.98,45.234],[-64.984,45.233],[-64.989,45.233],[-64.992,45.233],[-64.998,45.232],[-65.001,45.232],[-65.006,45.232],[-65.009,45.232],[-65.013,45.233],[-65.017,45.233],[-65.018,45.233],[-65.02,45.235],[-65.022,45.236],[-65.024,45.237],[-65.025,45.239],[-65.027,45.241],[-65.027,45.243],[-65.028,45.246],[-65.028,45.247],[-65.028,45.249],[-65.028,45.251],[-65.027,45.252],[-65.025,45.255],[-65.025,45.256],[-65.023,45.257],[-65.022,45.258],[-65.02,45.26],[-65.018,45.261],[-65.015,45.262],[-65.01,45.263],[-65.006,45.264],[-65.002,45.265],[-64.999,45.265],[-64.996,45.266],[-64.991,45.266],[-64.987,45.266],[-64.984,45.265],[-64.981,45.265],[-64.978,45.265],[-64.975,45.265],[-64.972,45.265],[-64.97,45.265],[-64.967,45.266],[-64.963,45.267],[-64.96,45.268],[-64.957,45.269],[-64.954,45.27],[-64.951,45.272],[-64.949,45.274],[-64.947,45.276],[-64.945,45.278],[-64.944,45.281],[-64.943,45.282],[-64.943,45.285],[-64.942,45.287],[-64.942,45.289],[-64.942,45.291],[-64.943,45.294],[-64.943,45.297],[-64.944,45.299],[-64.944,45.301],[-64.946,45.304],[-64.947,45.307],[-64.948,45.31],[-64.949,45.313],[-64.95,45.316],[-64.951,45.319],[-64.952,45.324],[-64.952,45.327],[-64.952,45.332],[-64.952,45.337],[-64.951,45.342],[-64.95,45.346],[-64.95,45.348],[-64.948,45.352],[-64.947,45.356],[-64.946,45.359],[-64.945,45.361],[-64.943,45.365],[-64.942,45.367],[-64.94,45.373],[-64.939,45.377],[-64.938,45.38],[-64.937,45.384],[-64.936,45.387],[-64.935,45.391],[-64.935,45.394],[-64.934,45.398],[-64.934,45.401],[-64.933,45.405],[-64.933,45.408],[-64.933,45.412],[-64.932,45.414],[-64.93,45.418],[-64.929,45.421],[-64.926,45.424],[-64.924,45.428],[-64.921,45.43],[-64.919,45.433],[-64.917,45.434],[-64.915,45.435],[-64.913,45.436],[-64.91,45.436],[-64.908,45.437],[-64.905,45.437],[-64.903,45.437],[-64.901,45.438],[-64.9,45.439],[-64.899,45.44],[-64.897,45.441],[-64.896,45.443],[-64.895,45.444],[-64.894,45.446],[-64.892,45.447],[-64.889,45.449],[-64.886,45.451],[-64.882,45.453],[-64.879,45.454],[-64.877,45.455],[-64.875,45.456],[-64.873,45.459],[-64.872,45.46],[-64.871,45.462],[-64.87,45.464],[-64.87,45.466],[-64.869,45.467],[-64.869,45.468],[-64.867,45.471],[-64.865,45.473],[-64.863,45.476],[-64.861,45.477],[-64.858,45.48],[-64.855,45.483],[-64.851,45.485],[-64.848,45.487],[-64.846,45.489],[-64.842,45.491],[-64.839,45.492],[-64.836,45.493],[-64.833,45.494],[-64.83,45.495],[-64.825,45.495],[-64.823,45.496],[-64.821,45.497],[-64.819,45.497],[-64.817,45.499],[-64.815,45.5],[-64.812,45.502],[-64.81,45.503],[-64.807,45.504],[-64.804,45.506],[-64.797,45.508],[-64.794,45.509],[-64.787,45.511],[-64.781,45.512],[-64.777,45.513],[-64.773,45.515],[-64.77,45.516],[-64.765,45.518],[-64.763,45.519],[-64.758,45.521],[-64.753,45.524],[-64.746,45.526],[-64.742,45.528],[-64.738,45.53],[-64.734,45.532],[-64.73,45.533],[-64.726,45.535],[-64.721,45.536],[-64.715,45.538],[-64.71,45.54],[-64.707,45.541],[-64.701,45.542],[-64.697,45.543],[-64.693,45.543],[-64.691,45.544],[-64.69,45.544],[-64.689,45.545],[-64.687,45.547],[-64.686,45.549],[-64.685,45.551],[-64.683,45.553],[-64.68,45.555],[-64.678,45.556],[-64.67,45.561],[-64.667,45.564],[-64.665,45.566],[-64.664,45.567],[-64.663,45.569],[-64.663,45.571],[-64.662,45.574],[-64.662,45.576],[-64.662,45.577],[-64.661,45.58],[-64.661,45.581],[-64.659,45.584],[-64.658,45.585],[-64.656,45.587],[-64.65,45.591],[-64.648,45.592],[-64.646,45.594],[-64.644,45.595],[-64.64,45.597],[-64.635,45.599],[-64.631,45.601],[-64.626,45.602],[-64.621,45.603],[-64.618,45.604],[-64.609,45.606],[-64.605,45.607],[-64.6,45.608],[-64.597,45.609],[-64.594,45.611],[-64.591,45.612],[-64.587,45.615],[-64.584,45.616],[-64.581,45.618],[-64.579,45.62],[-64.576,45.622],[-64.574,45.624],[-64.571,45.626],[-64.529,45.655],[-64.494,45.677],[-64.492,45.678],[-64.489,45.679],[-64.487,45.68],[-64.485,45.681],[-64.483,45.682],[-64.479,45.682],[-64.474,45.683],[-64.472,45.684],[-64.47,45.684],[-64.467,45.685],[-64.465,45.686],[-64.463,45.688],[-64.461,45.69],[-64.46,45.691],[-64.458,45.693],[-64.457,45.695],[-64.457,45.697],[-64.457,45.699],[-64.457,45.702],[-64.457,45.704],[-64.456,45.705],[-64.454,45.706],[-64.453,45.707],[-64.452,45.708],[-64.449,45.708],[-64.447,45.709],[-64.446,45.71],[-64.444,45.711],[-64.443,45.713],[-64.443,45.714],[-64.443,45.716],[-64.444,45.719],[-64.445,45.72],[-64.446,45.722],[-64.447,45.723],[-64.448,45.725],[-64.451,45.726],[-64.452,45.728],[-64.454,45.729],[-64.454,45.73],[-64.455,45.732],[-64.455,45.734],[-64.455,45.735],[-64.454,45.737],[-64.454,45.739],[-64.453,45.741],[-64.452,45.743],[-64.45,45.745],[-64.449,45.746],[-64.446,45.748],[-64.443,45.75],[-64.439,45.752],[-64.437,45.753],[-64.433,45.755],[-64.43,45.756],[-64.428,45.757],[-64.424,45.758],[-64.416,45.759],[-64.412,45.76],[-64.408,45.762],[-64.403,45.764],[-64.401,45.765],[-64.397,45.766],[-64.396,45.768],[-64.395,45.769],[-64.394,45.771],[-64.393,45.773],[-64.393,45.775],[-64.394,45.779],[-64.394,45.782],[-64.394,45.784],[-64.394,45.786],[-64.393,45.789],[-64.392,45.791],[-64.391,45.793],[-64.389,45.795],[-64.388,45.796],[-64.385,45.798],[-64.384,45.799],[-64.381,45.801],[-64.379,45.801],[-64.376,45.802],[-64.373,45.803],[-64.369,45.805],[-64.364,45.807],[-64.361,45.809],[-64.356,45.811],[-64.351,45.814],[-64.346,45.817],[-64.341,45.82],[-64.336,45.824],[-64.335,45.825],[-64.332,45.826],[-64.329,45.827],[-64.327,45.828],[-64.325,45.828],[-64.323,45.829],[-64.32,45.829],[-64.316,45.83],[-64.311,45.83],[-64.308,45.83],[-64.306,45.83],[-64.301,45.83],[-64.299,45.829],[-64.296,45.829],[-64.294,45.828],[-64.291,45.827],[-64.289,45.826],[-64.287,45.825],[-64.286,45.826],[-64.283,45.828],[-64.281,45.83],[-64.28,45.831],[-64.278,45.833],[-64.277,45.834],[-64.276,45.835],[-64.275,45.835],[-64.275,45.837],[-64.275,45.838],[-64.275,45.839],[-64.274,45.84],[-64.274,45.841],[-64.275,45.842],[-64.274,45.843],[-64.272,45.842],[-64.27,45.842],[-64.27,45.843],[-64.269,45.844],[-64.269,45.846],[-64.27,45.847],[-64.272,45.848],[-64.273,45.847],[-64.274,45.848],[-64.273,45.85],[-64.273,45.851],[-64.272,45.851],[-64.272,45.852],[-64.272,45.854],[-64.271,45.854],[-64.27,45.853],[-64.269,45.852],[-64.268,45.852],[-64.266,45.853],[-64.265,45.855],[-64.263,45.856],[-64.263,45.858],[-64.262,45.859],[-64.263,45.86],[-64.264,45.86],[-64.265,45.859],[-64.266,45.859],[-64.267,45.86],[-64.267,45.861],[-64.266,45.862],[-64.265,45.862],[-64.263,45.864],[-64.263,45.865],[-64.261,45.867],[-64.259,45.867],[-64.259,45.868],[-64.26,45.868],[-64.26,45.869],[-64.26,45.87],[-64.261,45.871],[-64.261,45.872],[-64.26,45.872],[-64.259,45.872],[-64.258,45.872],[-64.257,45.87],[-64.255,45.871],[-64.255,45.872],[-64.256,45.873],[-64.257,45.873],[-64.258,45.873],[-64.257,45.874],[-64.257,45.875],[-64.256,45.876],[-64.255,45.876],[-64.255,45.877],[-64.255,45.878],[-64.255,45.879],[-64.254,45.88],[-64.252,45.881],[-64.251,45.881],[-64.25,45.882],[-64.248,45.883],[-64.248,45.884],[-64.246,45.885],[-64.247,45.886],[-64.246,45.887],[-64.244,45.888],[-64.244,45.889],[-64.244,45.89],[-64.243,45.89],[-64.24,45.891],[-64.239,45.89],[-64.238,45.89],[-64.238,45.891],[-64.239,45.892],[-64.239,45.893],[-64.236,45.894],[-64.235,45.894],[-64.235,45.893],[-64.235,45.892],[-64.234,45.892],[-64.232,45.892],[-64.231,45.893],[-64.229,45.894],[-64.227,45.896],[-64.228,45.897],[-64.227,45.898],[-64.227,45.899],[-64.226,45.899],[-64.224,45.899],[-64.223,45.9],[-64.222,45.9],[-64.222,45.901],[-64.22,45.902],[-64.219,45.903],[-64.219,45.904],[-64.22,45.905],[-64.22,45.906],[-64.221,45.907],[-64.22,45.908],[-64.218,45.909],[-64.218,45.91],[-64.217,45.911],[-64.215,45.911],[-64.214,45.913],[-64.213,45.913],[-64.212,45.913],[-64.21,45.915],[-64.21,45.916],[-64.209,45.916],[-64.208,45.916],[-64.207,45.916],[-64.206,45.916],[-64.179,45.945],[-64.165,45.96],[-64.16,45.975],[-64.15,45.98],[-64.146,45.98],[-64.048,45.977],[-64.048,45.978],[-64.049,45.978],[-64.05,45.979],[-64.05,45.98],[-64.05,45.981],[-64.049,45.981],[-64.045,45.981],[-64.044,45.982],[-64.043,45.982],[-64.043,45.983],[-64.044,45.984],[-64.045,45.983],[-64.046,45.984],[-64.047,45.984],[-64.048,45.985],[-64.048,45.986],[-64.047,45.986],[-64.045,45.987],[-64.044,45.987],[-64.044,45.988],[-64.045,45.989],[-64.045,45.99],[-64.045,45.991],[-64.042,45.992],[-64.041,45.993],[-64.041,45.995],[-64.041,45.997],[-64.041,45.998],[-64.04,45.999],[-64.039,46],[-64.037,46],[-64.037,46.001],[-64.036,46.002],[-64.035,46.002],[-64.034,46.003],[-64.03,46.004],[-64.029,46.004],[-64.027,46.006],[-64.027,46.007],[-64.025,46.007],[-64.024,46.006],[-64.022,46.004],[-64.02,46.003],[-64.019,46.002],[-64.018,46.002],[-64.016,46.002],[-64.015,46.001],[-64.012,46.001],[-64.01,46],[-64.009,45.999],[-64.006,45.999],[-64.002,45.999],[-64.001,45.999],[-63.997,45.999],[-63.994,46],[-63.991,46.001],[-63.988,46.001],[-63.984,46.001],[-63.979,46.001],[-63.975,46],[-63.972,46],[-63.969,45.999],[-63.967,45.999],[-63.964,45.998],[-63.961,45.996],[-63.959,45.995],[-63.958,45.994],[-63.956,45.994],[-63.952,45.995],[-63.95,45.995],[-63.947,45.995],[-63.944,45.995],[-63.94,45.994],[-63.938,45.993],[-63.935,45.992],[-63.93,45.989],[-63.926,45.988],[-63.925,45.987],[-63.923,45.987],[-63.922,45.987],[-63.919,45.987],[-63.914,45.986],[-63.91,45.986],[-63.907,45.985],[-63.905,45.984],[-63.903,45.984],[-63.9,45.982],[-63.899,45.981],[-63.898,45.98],[-63.896,45.978],[-63.894,45.976],[-63.891,45.974],[-63.887,45.972],[-63.885,45.971],[-63.883,45.971],[-63.882,45.97],[-63.879,45.971],[-63.876,45.97],[-63.875,45.97],[-63.873,45.97],[-63.872,45.969],[-63.87,45.968],[-63.868,45.967],[-63.864,45.965],[-63.863,45.965],[-63.862,45.964],[-63.86,45.962],[-63.859,45.961],[-63.858,45.96],[-63.858,45.959],[-63.859,45.958],[-63.859,45.956],[-63.859,45.954],[-63.86,45.952],[-63.861,45.95],[-63.861,45.948],[-63.861,45.946],[-63.86,45.944],[-63.859,45.943],[-63.858,45.941],[-63.857,45.94],[-63.855,45.939],[-63.854,45.938],[-63.851,45.937],[-63.848,45.936],[-63.845,45.934],[-63.843,45.933],[-63.841,45.932],[-63.838,45.93],[-63.834,45.928],[-63.833,45.927],[-63.83,45.926],[-63.827,45.926],[-63.823,45.925],[-63.821,45.924],[-63.819,45.923],[-63.817,45.922],[-63.816,45.921],[-63.815,45.92],[-63.815,45.917],[-63.814,45.916],[-63.813,45.915],[-63.812,45.913],[-63.81,45.911],[-63.809,45.909],[-63.809,45.907],[-63.808,45.905],[-63.808,45.902],[-63.807,45.901],[-63.805,45.9],[-63.802,45.9],[-63.799,45.9],[-63.796,45.899],[-63.795,45.899],[-63.794,45.898],[-63.793,45.898],[-63.791,45.896],[-63.79,45.895],[-63.787,45.895],[-63.785,45.894],[-63.784,45.893],[-63.783,45.892],[-63.782,45.891],[-63.78,45.89],[-63.779,45.889],[-63.777,45.888],[-63.776,45.888],[-63.774,45.888],[-63.772,45.887],[-63.769,45.885],[-63.768,45.884],[-63.766,45.883],[-63.764,45.882],[-63.76,45.881],[-63.757,45.88],[-63.754,45.879],[-63.75,45.879],[-63.746,45.878],[-63.743,45.878],[-63.74,45.878],[-63.737,45.878],[-63.733,45.877],[-63.73,45.877],[-63.726,45.876],[-63.725,45.875],[-63.723,45.874],[-63.722,45.873],[-63.721,45.871],[-63.721,45.87],[-63.721,45.869],[-63.721,45.868],[-63.721,45.867],[-63.72,45.866],[-63.719,45.866],[-63.714,45.866],[-63.711,45.866],[-63.708,45.865],[-63.705,45.865],[-63.703,45.864],[-63.7,45.863],[-63.697,45.862],[-63.695,45.862],[-63.693,45.862],[-63.691,45.862],[-63.69,45.863],[-63.688,45.863],[-63.687,45.864],[-63.686,45.865],[-63.686,45.866],[-63.685,45.867],[-63.685,45.868],[-63.685,45.869],[-63.686,45.872],[-63.686,45.873],[-63.685,45.874],[-63.683,45.876],[-63.682,45.877],[-63.681,45.878],[-63.679,45.879],[-63.677,45.879],[-63.675,45.88],[-63.673,45.88],[-63.67,45.88],[-63.668,45.88],[-63.662,45.88],[-63.659,45.879],[-63.655,45.879],[-63.652,45.878],[-63.649,45.878],[-63.646,45.877],[-63.643,45.877],[-63.641,45.877],[-63.638,45.878],[-63.634,45.878],[-63.631,45.879],[-63.627,45.88],[-63.624,45.881],[-63.62,45.882],[-63.615,45.882],[-63.609,45.882],[-63.605,45.881],[-63.599,45.88],[-63.592,45.88],[-63.587,45.879],[-63.581,45.879],[-63.576,45.879],[-63.57,45.878],[-63.567,45.878],[-63.562,45.878],[-63.558,45.879],[-63.554,45.879],[-63.549,45.88],[-63.544,45.881],[-63.541,45.882],[-63.536,45.882],[-63.534,45.883],[-63.529,45.883],[-63.526,45.883],[-63.517,45.883],[-63.51,45.883],[-63.507,45.883],[-63.5,45.882],[-63.491,45.882],[-63.486,45.881],[-63.484,45.881],[-63.478,45.881],[-63.475,45.881],[-63.47,45.882],[-63.466,45.882],[-63.464,45.882],[-63.462,45.882],[-63.46,45.881],[-63.459,45.88],[-63.456,45.878],[-63.454,45.877],[-63.451,45.876],[-63.449,45.875],[-63.444,45.875],[-63.439,45.874],[-63.436,45.873],[-63.432,45.872],[-63.429,45.871],[-63.425,45.87],[-63.422,45.869],[-63.42,45.868],[-63.418,45.867],[-63.416,45.866],[-63.413,45.865],[-63.411,45.863],[-63.409,45.862],[-63.407,45.86],[-63.406,45.858],[-63.406,45.857],[-63.405,45.855],[-63.405,45.854],[-63.404,45.853],[-63.403,45.852],[-63.401,45.851],[-63.399,45.851],[-63.395,45.851],[-63.391,45.851],[-63.387,45.851],[-63.384,45.85],[-63.383,45.85],[-63.381,45.849],[-63.379,45.847],[-63.377,45.845],[-63.377,45.843],[-63.377,45.842],[-63.377,45.841],[-63.378,45.84],[-63.379,45.838],[-63.381,45.837],[-63.383,45.836],[-63.386,45.835],[-63.388,45.834],[-63.391,45.834],[-63.394,45.834],[-63.398,45.834],[-63.4,45.833],[-63.402,45.833],[-63.404,45.832],[-63.406,45.83],[-63.407,45.829],[-63.407,45.828],[-63.408,45.826],[-63.407,45.825],[-63.407,45.823],[-63.406,45.822],[-63.404,45.821],[-63.401,45.82],[-63.398,45.819],[-63.394,45.817],[-63.391,45.816],[-63.389,45.814],[-63.388,45.813],[-63.385,45.811],[-63.383,45.809],[-63.38,45.808],[-63.377,45.807],[-63.376,45.807],[-63.369,45.805],[-63.365,45.804],[-63.362,45.804],[-63.358,45.804],[-63.355,45.804],[-63.352,45.804],[-63.348,45.804],[-63.346,45.804],[-63.341,45.803],[-63.335,45.802],[-63.331,45.802],[-63.328,45.802],[-63.322,45.803],[-63.32,45.803],[-63.317,45.804],[-63.314,45.805],[-63.313,45.806],[-63.311,45.807],[-63.31,45.808],[-63.308,45.81],[-63.306,45.811],[-63.304,45.811],[-63.299,45.812],[-63.294,45.813],[-63.29,45.814],[-63.286,45.814],[-63.282,45.814],[-63.278,45.814],[-63.275,45.814],[-63.272,45.815],[-63.269,45.815],[-63.267,45.816],[-63.265,45.817],[-63.262,45.818],[-63.258,45.819],[-63.256,45.819],[-63.25,45.819],[-63.247,45.819],[-63.246,45.819],[-63.243,45.819],[-63.241,45.818],[-63.239,45.818],[-63.237,45.816],[-63.235,45.815],[-63.234,45.814],[-63.232,45.812],[-63.23,45.81],[-63.23,45.809],[-63.229,45.807],[-63.228,45.804],[-63.228,45.803],[-63.227,45.802],[-63.227,45.8],[-63.228,45.799],[-63.228,45.798],[-63.23,45.797],[-63.231,45.796],[-63.233,45.795],[-63.238,45.793],[-63.25,45.788],[-63.257,45.785],[-63.265,45.782],[-63.273,45.779],[-63.28,45.776],[-63.288,45.773],[-63.293,45.77],[-63.297,45.769],[-63.301,45.767],[-63.304,45.765],[-63.307,45.764],[-63.31,45.763],[-63.315,45.76],[-63.318,45.758],[-63.32,45.757],[-63.321,45.756],[-63.324,45.754],[-63.326,45.753],[-63.328,45.751],[-63.331,45.75],[-63.334,45.749],[-63.336,45.748],[-63.339,45.747],[-63.341,45.747],[-63.346,45.747],[-63.342,45.746],[-63.34,45.746],[-63.332,45.745],[-63.326,45.745],[-63.325,45.745],[-63.322,45.744],[-63.32,45.744],[-63.318,45.743],[-63.317,45.742],[-63.315,45.741],[-63.314,45.74],[-63.313,45.739],[-63.312,45.736],[-63.312,45.735],[-63.31,45.735],[-63.309,45.734],[-63.306,45.734],[-63.303,45.734],[-63.301,45.734],[-63.299,45.735],[-63.298,45.736],[-63.297,45.737],[-63.297,45.739],[-63.296,45.742],[-63.295,45.743],[-63.294,45.744],[-63.293,45.745],[-63.291,45.746],[-63.288,45.749],[-63.286,45.75],[-63.283,45.751],[-63.28,45.753],[-63.275,45.755],[-63.273,45.755],[-63.269,45.756],[-63.263,45.757],[-63.259,45.757],[-63.255,45.757],[-63.253,45.757],[-63.251,45.757],[-63.25,45.756],[-63.249,45.755],[-63.247,45.753],[-63.245,45.752],[-63.244,45.751],[-63.241,45.751],[-63.239,45.751],[-63.238,45.751],[-63.235,45.751],[-63.233,45.751],[-63.232,45.752],[-63.227,45.752],[-63.225,45.753],[-63.223,45.754],[-63.221,45.755],[-63.219,45.757],[-63.217,45.759],[-63.216,45.76],[-63.216,45.762],[-63.215,45.764],[-63.216,45.766],[-63.216,45.768],[-63.215,45.769],[-63.214,45.771],[-63.212,45.772],[-63.21,45.772],[-63.209,45.773],[-63.207,45.773],[-63.204,45.773],[-63.202,45.773],[-63.2,45.772],[-63.196,45.772],[-63.194,45.772],[-63.189,45.772],[-63.185,45.772],[-63.18,45.772],[-63.176,45.771],[-63.173,45.77],[-63.171,45.769],[-63.171,45.768],[-63.17,45.767],[-63.17,45.766],[-63.17,45.764],[-63.17,45.763],[-63.17,45.761],[-63.169,45.76],[-63.168,45.758],[-63.167,45.757],[-63.165,45.756],[-63.163,45.756],[-63.16,45.756],[-63.157,45.756],[-63.155,45.756],[-63.154,45.757],[-63.152,45.757],[-63.149,45.757],[-63.145,45.757],[-63.141,45.757],[-63.137,45.757],[-63.136,45.757],[-63.134,45.758],[-63.132,45.759],[-63.129,45.76],[-63.127,45.763],[-63.124,45.765],[-63.122,45.766],[-63.119,45.767],[-63.117,45.768],[-63.114,45.769],[-63.112,45.769],[-63.108,45.77],[-63.103,45.77],[-63.096,45.77],[-63.091,45.77],[-63.088,45.77],[-63.087,45.77],[-63.085,45.771],[-63.084,45.772],[-63.084,45.774],[-63.085,45.775],[-63.085,45.776],[-63.087,45.777],[-63.088,45.778],[-63.089,45.779],[-63.091,45.779],[-63.092,45.78],[-63.096,45.78],[-63.099,45.781],[-63.105,45.782],[-63.11,45.783],[-63.113,45.784],[-63.116,45.785],[-63.118,45.786],[-63.121,45.788],[-63.125,45.789],[-63.13,45.792],[-63.132,45.794],[-63.134,45.796],[-63.135,45.797],[-63.136,45.799],[-63.137,45.8],[-63.138,45.803],[-63.137,45.804],[-63.136,45.806],[-63.135,45.808],[-63.133,45.809],[-63.132,45.81],[-63.131,45.81],[-63.128,45.811],[-63.122,45.811],[-63.116,45.812],[-63.114,45.812],[-63.111,45.813],[-63.11,45.813],[-63.107,45.813],[-63.104,45.812],[-63.103,45.811],[-63.101,45.81],[-63.1,45.809],[-63.099,45.808],[-63.098,45.807],[-63.098,45.805],[-63.097,45.804],[-63.096,45.803],[-63.094,45.802],[-63.093,45.802],[-63.091,45.802],[-63.09,45.802],[-63.085,45.802],[-63.082,45.802],[-63.078,45.802],[-63.075,45.802],[-63.072,45.802],[-63.068,45.802],[-63.061,45.801],[-63.056,45.801],[-63.053,45.801],[-63.049,45.801],[-63.045,45.801],[-63.04,45.801],[-63.038,45.801],[-63.032,45.802],[-63.03,45.802],[-63.029,45.802],[-63.027,45.801],[-63.025,45.8],[-63.024,45.799],[-63.022,45.798],[-63.02,45.798],[-63.019,45.798],[-63.017,45.798],[-63.014,45.799],[-63.009,45.799],[-63.002,45.8],[-62.998,45.8],[-62.995,45.8],[-62.994,45.799],[-62.992,45.799],[-62.989,45.797],[-62.988,45.796],[-62.985,45.794],[-62.983,45.793],[-62.981,45.793],[-62.979,45.793],[-62.977,45.793],[-62.974,45.794],[-62.973,45.794],[-62.971,45.794],[-62.97,45.793],[-62.966,45.791],[-62.964,45.79],[-62.96,45.789],[-62.954,45.787],[-62.951,45.787],[-62.947,45.786],[-62.945,45.786],[-62.941,45.786],[-62.935,45.785],[-62.928,45.785],[-62.918,45.784],[-62.913,45.784],[-62.911,45.784],[-62.906,45.784],[-62.9,45.783],[-62.896,45.782],[-62.894,45.781],[-62.891,45.78],[-62.886,45.779],[-62.885,45.778],[-62.882,45.777],[-62.878,45.777],[-62.876,45.777],[-62.874,45.777],[-62.872,45.777],[-62.87,45.777],[-62.865,45.778],[-62.862,45.779],[-62.859,45.779],[-62.858,45.779],[-62.854,45.778],[-62.85,45.777],[-62.847,45.776],[-62.844,45.776],[-62.84,45.775],[-62.839,45.775],[-62.836,45.775],[-62.83,45.776],[-62.828,45.776],[-62.827,45.776],[-62.823,45.775],[-62.819,45.774],[-62.816,45.774],[-62.813,45.773],[-62.811,45.773],[-62.808,45.774],[-62.807,45.773],[-62.805,45.773],[-62.803,45.772],[-62.802,45.772],[-62.801,45.771],[-62.799,45.771],[-62.797,45.771],[-62.793,45.771],[-62.792,45.771],[-62.789,45.771],[-62.787,45.77],[-62.783,45.769],[-62.781,45.768],[-62.779,45.768],[-62.777,45.768],[-62.775,45.768],[-62.773,45.769],[-62.772,45.769],[-62.77,45.77],[-62.768,45.771],[-62.767,45.771],[-62.766,45.771],[-62.763,45.771],[-62.76,45.771],[-62.759,45.771],[-62.757,45.77],[-62.753,45.768],[-62.75,45.767],[-62.748,45.766],[-62.746,45.766],[-62.744,45.766],[-62.74,45.766],[-62.737,45.766],[-62.731,45.767],[-62.728,45.768],[-62.724,45.768],[-62.721,45.768],[-62.715,45.768],[-62.712,45.769],[-62.71,45.769],[-62.708,45.77],[-62.706,45.771],[-62.703,45.773],[-62.701,45.774],[-62.698,45.775],[-62.693,45.777],[-62.689,45.778],[-62.687,45.779],[-62.684,45.78],[-62.677,45.781],[-62.675,45.782],[-62.669,45.784],[-62.663,45.786],[-62.657,45.788],[-62.654,45.789],[-62.649,45.792],[-62.644,45.794],[-62.639,45.797],[-62.634,45.8],[-62.631,45.801],[-62.626,45.804],[-62.624,45.806],[-62.617,45.811],[-62.613,45.814],[-62.608,45.817],[-62.601,45.821],[-62.597,45.823],[-62.595,45.824],[-62.592,45.825],[-62.589,45.826],[-62.586,45.827],[-62.583,45.827],[-62.58,45.828],[-62.576,45.828],[-62.573,45.828],[-62.571,45.828],[-62.567,45.828],[-62.563,45.828],[-62.561,45.829],[-62.558,45.829],[-62.557,45.83],[-62.554,45.831],[-62.551,45.832],[-62.548,45.833],[-62.547,45.833],[-62.545,45.834],[-62.542,45.834],[-62.54,45.834],[-62.538,45.834],[-62.536,45.834],[-62.525,45.833],[-62.518,45.833],[-62.515,45.833],[-62.511,45.833],[-62.508,45.833],[-62.506,45.833],[-62.505,45.833],[-62.503,45.832],[-62.501,45.832],[-62.499,45.83],[-62.498,45.829],[-62.497,45.828],[-62.497,45.827],[-62.497,45.825],[-62.497,45.822],[-62.498,45.82],[-62.499,45.818],[-62.5,45.816],[-62.501,45.815],[-62.503,45.813],[-62.503,45.812],[-62.506,45.81],[-62.507,45.81],[-62.509,45.808],[-62.512,45.807],[-62.514,45.806],[-62.518,45.805],[-62.527,45.802],[-62.529,45.801],[-62.535,45.799],[-62.541,45.797],[-62.546,45.795],[-62.552,45.792],[-62.557,45.79],[-62.563,45.788],[-62.568,45.785],[-62.573,45.782],[-62.578,45.78],[-62.583,45.777],[-62.588,45.774],[-62.593,45.771],[-62.598,45.768],[-62.6,45.766],[-62.604,45.763],[-62.611,45.758],[-62.616,45.755],[-62.621,45.751],[-62.622,45.749],[-62.625,45.747],[-62.627,45.743],[-62.628,45.742],[-62.629,45.739],[-62.63,45.736],[-62.631,45.734],[-62.631,45.732],[-62.632,45.729],[-62.631,45.727],[-62.631,45.723],[-62.631,45.72],[-62.631,45.718],[-62.632,45.716],[-62.632,45.715],[-62.633,45.713],[-62.635,45.71],[-62.636,45.708],[-62.637,45.706],[-62.638,45.704],[-62.638,45.702],[-62.638,45.7],[-62.637,45.697],[-62.636,45.695],[-62.635,45.694],[-62.633,45.693],[-62.632,45.692],[-62.631,45.692],[-62.628,45.692],[-62.625,45.691],[-62.622,45.691],[-62.618,45.69],[-62.613,45.688],[-62.607,45.687],[-62.603,45.685],[-62.601,45.685],[-62.598,45.685],[-62.594,45.684],[-62.591,45.684],[-62.588,45.685],[-62.583,45.685],[-62.581,45.686],[-62.578,45.685],[-62.575,45.685],[-62.573,45.685],[-62.57,45.683],[-62.564,45.681],[-62.561,45.681],[-62.555,45.679],[-62.552,45.679],[-62.55,45.678],[-62.547,45.677],[-62.545,45.676],[-62.544,45.676],[-62.543,45.675],[-62.541,45.672],[-62.54,45.671],[-62.537,45.669],[-62.536,45.669],[-62.535,45.669],[-62.53,45.668],[-62.527,45.669],[-62.524,45.669],[-62.521,45.669],[-62.519,45.67],[-62.516,45.67],[-62.513,45.67],[-62.51,45.669],[-62.508,45.668],[-62.507,45.667],[-62.504,45.665],[-62.503,45.663],[-62.502,45.663],[-62.5,45.662],[-62.497,45.66],[-62.496,45.66],[-62.494,45.659],[-62.491,45.659],[-62.487,45.658],[-62.482,45.658],[-62.478,45.657],[-62.47,45.657],[-62.468,45.657],[-62.466,45.657],[-62.463,45.658],[-62.462,45.658],[-62.46,45.659],[-62.458,45.66],[-62.456,45.661],[-62.455,45.663],[-62.453,45.665],[-62.45,45.668],[-62.448,45.671],[-62.445,45.672],[-62.443,45.673],[-62.44,45.674],[-62.43,45.676],[-62.424,45.677],[-62.418,45.678],[-62.411,45.679],[-62.406,45.681],[-62.403,45.681],[-62.4,45.681],[-62.397,45.681],[-62.394,45.681],[-62.39,45.681],[-62.387,45.68],[-62.384,45.68],[-62.381,45.681],[-62.377,45.681],[-62.374,45.681],[-62.37,45.681],[-62.365,45.682],[-62.362,45.683],[-62.361,45.684],[-62.357,45.685],[-62.351,45.687],[-62.349,45.688],[-62.345,45.689],[-62.343,45.69],[-62.339,45.691],[-62.336,45.691],[-62.333,45.691],[-62.331,45.692],[-62.325,45.692],[-62.322,45.692],[-62.319,45.693],[-62.315,45.693],[-62.304,45.696],[-62.3,45.698],[-62.297,45.698],[-62.294,45.7],[-62.29,45.701],[-62.286,45.704],[-62.284,45.705],[-62.282,45.706],[-62.28,45.708],[-62.276,45.711],[-62.273,45.713],[-62.271,45.715],[-62.268,45.716],[-62.265,45.718],[-62.263,45.718],[-62.26,45.719],[-62.253,45.722],[-62.251,45.723],[-62.249,45.724],[-62.247,45.725],[-62.246,45.726],[-62.244,45.726],[-62.237,45.728]]]}},{"type":"Feature","properties":{"ENGNAME":"Western"},"geometry":{"type":"Polygon","coordinates":[[[-63.999,44.625],[-64,44.625],[-64.015,44.625],[-64.016,44.621],[-64.036,44.622],[-64.04,44.622],[-64.043,44.62],[-64.046,44.622],[-64.048,44.621],[-64.049,44.62],[-64.05,44.619],[-64.051,44.617],[-64.052,44.615],[-64.052,44.613],[-64.052,44.612],[-64.051,44.609],[-64.049,44.607],[-64.048,44.605],[-64.047,44.602],[-64.046,44.6],[-64.047,44.599],[-64.047,44.598],[-64.048,44.596],[-64.049,44.596],[-64.053,44.594],[-64.055,44.593],[-64.056,44.592],[-64.056,44.591],[-64.056,44.589],[-64.056,44.588],[-64.055,44.587],[-64.054,44.586],[-64.053,44.586],[-64.051,44.585],[-64.047,44.584],[-64.045,44.583],[-64.043,44.582],[-64.041,44.581],[-64.039,44.579],[-64.037,44.577],[-64.034,44.575],[-64.032,44.573],[-64.031,44.572],[-64.03,44.569],[-64.029,44.566],[-64.028,44.564],[-64.027,44.562],[-64.026,44.56],[-64.025,44.558],[-64.024,44.556],[-64.022,44.554],[-64.021,44.553],[-64.018,44.551],[-64.016,44.548],[-64.014,44.547],[-64.013,44.545],[-64.011,44.542],[-64.008,44.538],[-64.006,44.535],[-64.004,44.533],[-64.001,44.529],[-64,44.528],[-63.998,44.525],[-63.996,44.523],[-63.995,44.52],[-63.994,44.517],[-63.993,44.515],[-63.991,44.513],[-63.99,44.511],[-63.988,44.509],[-63.987,44.507],[-63.987,44.506],[-63.987,44.504],[-63.987,44.503],[-63.988,44.502],[-63.989,44.501],[-63.991,44.5],[-63.992,44.499],[-63.993,44.499],[-63.995,44.499],[-63.998,44.499],[-64,44.499],[-64.003,44.498],[-64.005,44.497],[-64.009,44.495],[-64.014,44.493],[-64.018,44.491],[-64.021,44.491],[-64.025,44.49],[-64.029,44.489],[-64.033,44.489],[-64.036,44.489],[-64.039,44.49],[-64.043,44.49],[-64.048,44.489],[-64.049,44.489],[-64.052,44.488],[-64.054,44.488],[-64.055,44.487],[-64.056,44.486],[-64.059,44.484],[-64.06,44.482],[-64.062,44.479],[-64.065,44.474],[-64.067,44.472],[-64.068,44.47],[-64.07,44.469],[-64.073,44.467],[-64.075,44.466],[-64.076,44.466],[-64.078,44.464],[-64.079,44.463],[-64.08,44.461],[-64.079,44.459],[-64.079,44.457],[-64.078,44.455],[-64.077,44.453],[-64.076,44.451],[-64.074,44.45],[-64.072,44.448],[-64.071,44.446],[-64.07,44.443],[-64.069,44.44],[-64.068,44.438],[-64.068,44.437],[-64.068,44.435],[-64.068,44.432],[-64.068,44.43],[-64.068,44.428],[-64.068,44.426],[-64.068,44.424],[-64.067,44.423],[-64.066,44.421],[-64.064,44.419],[-64.057,44.413],[-64.055,44.411],[-64.052,44.408],[-64.049,44.404],[-64.048,44.403],[-64.045,44.399],[-64.044,44.397],[-64.041,44.393],[-64.039,44.39],[-64.039,44.389],[-64.039,44.388],[-64.039,44.386],[-64.039,44.385],[-64.039,44.383],[-64.04,44.382],[-64.04,44.381],[-64.042,44.379],[-64.045,44.378],[-64.05,44.377],[-64.052,44.377],[-64.055,44.376],[-64.058,44.376],[-64.067,44.376],[-64.073,44.376],[-64.078,44.375],[-64.08,44.375],[-64.086,44.374],[-64.088,44.374],[-64.093,44.373],[-64.096,44.372],[-64.098,44.372],[-64.1,44.371],[-64.103,44.37],[-64.107,44.368],[-64.11,44.366],[-64.112,44.365],[-64.115,44.362],[-64.117,44.361],[-64.118,44.359],[-64.12,44.357],[-64.122,44.353],[-64.123,44.351],[-64.125,44.349],[-64.127,44.347],[-64.129,44.345],[-64.132,44.344],[-64.136,44.341],[-64.138,44.34],[-64.14,44.339],[-64.144,44.338],[-64.147,44.337],[-64.15,44.335],[-64.152,44.335],[-64.153,44.334],[-64.155,44.332],[-64.156,44.33],[-64.157,44.329],[-64.157,44.328],[-64.157,44.326],[-64.156,44.324],[-64.155,44.322],[-64.155,44.32],[-64.155,44.318],[-64.156,44.316],[-64.156,44.315],[-64.157,44.313],[-64.159,44.31],[-64.161,44.308],[-64.163,44.307],[-64.165,44.307],[-64.167,44.306],[-64.169,44.307],[-64.171,44.306],[-64.172,44.306],[-64.174,44.305],[-64.175,44.304],[-64.177,44.303],[-64.179,44.302],[-64.182,44.301],[-64.186,44.3],[-64.188,44.3],[-64.19,44.3],[-64.192,44.3],[-64.196,44.3],[-64.199,44.3],[-64.201,44.3],[-64.204,44.3],[-64.206,44.299],[-64.208,44.298],[-64.211,44.297],[-64.213,44.296],[-64.215,44.293],[-64.217,44.291],[-64.22,44.29],[-64.224,44.288],[-64.227,44.287],[-64.232,44.285],[-64.235,44.283],[-64.237,44.282],[-64.24,44.28],[-64.241,44.279],[-64.241,44.277],[-64.241,44.276],[-64.24,44.275],[-64.238,44.274],[-64.237,44.272],[-64.237,44.271],[-64.236,44.269],[-64.236,44.268],[-64.236,44.266],[-64.236,44.265],[-64.237,44.264],[-64.238,44.262],[-64.239,44.261],[-64.24,44.258],[-64.24,44.257],[-64.242,44.256],[-64.244,44.255],[-64.246,44.254],[-64.249,44.254],[-64.251,44.254],[-64.253,44.254],[-64.255,44.255],[-64.256,44.256],[-64.256,44.257],[-64.257,44.259],[-64.257,44.26],[-64.259,44.261],[-64.26,44.261],[-64.262,44.262],[-64.264,44.261],[-64.266,44.261],[-64.268,44.261],[-64.27,44.259],[-64.272,44.259],[-64.273,44.258],[-64.274,44.256],[-64.274,44.255],[-64.274,44.252],[-64.274,44.25],[-64.273,44.247],[-64.272,44.245],[-64.271,44.244],[-64.269,44.242],[-64.266,44.238],[-64.263,44.235],[-64.262,44.234],[-64.262,44.233],[-64.262,44.231],[-64.262,44.229],[-64.263,44.228],[-64.264,44.227],[-64.265,44.226],[-64.267,44.225],[-64.273,44.223],[-64.275,44.222],[-64.277,44.222],[-64.278,44.222],[-64.281,44.223],[-64.282,44.223],[-64.284,44.225],[-64.285,44.226],[-64.286,44.228],[-64.287,44.23],[-64.287,44.232],[-64.288,44.234],[-64.288,44.235],[-64.289,44.237],[-64.29,44.237],[-64.292,44.238],[-64.294,44.238],[-64.297,44.238],[-64.301,44.238],[-64.304,44.238],[-64.305,44.238],[-64.307,44.237],[-64.308,44.236],[-64.309,44.233],[-64.31,44.232],[-64.31,44.231],[-64.314,44.228],[-64.316,44.226],[-64.318,44.225],[-64.32,44.223],[-64.322,44.222],[-64.325,44.221],[-64.33,44.219],[-64.331,44.219],[-64.332,44.218],[-64.332,44.216],[-64.332,44.215],[-64.331,44.213],[-64.33,44.21],[-64.329,44.208],[-64.328,44.206],[-64.328,44.204],[-64.327,44.2],[-64.326,44.196],[-64.325,44.193],[-64.324,44.191],[-64.323,44.188],[-64.321,44.184],[-64.318,44.18],[-64.318,44.178],[-64.318,44.176],[-64.318,44.174],[-64.319,44.173],[-64.32,44.172],[-64.321,44.17],[-64.324,44.17],[-64.325,44.17],[-64.326,44.17],[-64.328,44.171],[-64.331,44.172],[-64.333,44.173],[-64.336,44.174],[-64.34,44.174],[-64.343,44.175],[-64.347,44.176],[-64.352,44.176],[-64.354,44.177],[-64.358,44.177],[-64.361,44.178],[-64.364,44.178],[-64.368,44.179],[-64.371,44.18],[-64.373,44.182],[-64.375,44.183],[-64.376,44.185],[-64.377,44.186],[-64.378,44.187],[-64.38,44.187],[-64.381,44.186],[-64.382,44.186],[-64.383,44.184],[-64.384,44.183],[-64.386,44.18],[-64.388,44.178],[-64.389,44.176],[-64.39,44.173],[-64.391,44.171],[-64.392,44.169],[-64.392,44.166],[-64.392,44.163],[-64.392,44.161],[-64.393,44.158],[-64.395,44.156],[-64.395,44.155],[-64.397,44.154],[-64.398,44.154],[-64.4,44.153],[-64.403,44.153],[-64.404,44.153],[-64.406,44.153],[-64.417,44.154],[-64.466,44.16],[-64.469,44.16],[-64.47,44.16],[-64.473,44.159],[-64.474,44.158],[-64.475,44.157],[-64.475,44.155],[-64.475,44.153],[-64.475,44.152],[-64.473,44.15],[-64.473,44.148],[-64.474,44.147],[-64.475,44.146],[-64.477,44.145],[-64.479,44.145],[-64.48,44.145],[-64.482,44.145],[-64.484,44.144],[-64.485,44.143],[-64.486,44.142],[-64.486,44.141],[-64.486,44.139],[-64.486,44.138],[-64.487,44.137],[-64.489,44.136],[-64.491,44.135],[-64.492,44.135],[-64.494,44.135],[-64.496,44.136],[-64.499,44.136],[-64.503,44.137],[-64.506,44.137],[-64.508,44.137],[-64.509,44.136],[-64.51,44.135],[-64.51,44.134],[-64.51,44.132],[-64.51,44.13],[-64.51,44.129],[-64.511,44.127],[-64.512,44.126],[-64.513,44.125],[-64.514,44.123],[-64.514,44.122],[-64.515,44.12],[-64.515,44.117],[-64.515,44.116],[-64.515,44.111],[-64.515,44.107],[-64.515,44.102],[-64.516,44.101],[-64.516,44.1],[-64.517,44.099],[-64.518,44.097],[-64.52,44.096],[-64.522,44.095],[-64.523,44.095],[-64.525,44.094],[-64.527,44.094],[-64.529,44.094],[-64.531,44.094],[-64.533,44.094],[-64.536,44.094],[-64.537,44.094],[-64.54,44.093],[-64.542,44.092],[-64.544,44.091],[-64.546,44.089],[-64.548,44.088],[-64.549,44.086],[-64.549,44.085],[-64.55,44.084],[-64.549,44.082],[-64.548,44.081],[-64.547,44.08],[-64.546,44.079],[-64.545,44.078],[-64.544,44.076],[-64.544,44.075],[-64.544,44.074],[-64.544,44.072],[-64.545,44.069],[-64.546,44.067],[-64.547,44.064],[-64.549,44.062],[-64.55,44.06],[-64.551,44.059],[-64.553,44.058],[-64.556,44.056],[-64.558,44.055],[-64.559,44.055],[-64.561,44.054],[-64.564,44.054],[-64.567,44.053],[-64.57,44.053],[-64.573,44.053],[-64.577,44.053],[-64.583,44.053],[-64.589,44.054],[-64.593,44.055],[-64.597,44.056],[-64.6,44.056],[-64.605,44.058],[-64.607,44.058],[-64.61,44.059],[-64.613,44.059],[-64.616,44.059],[-64.619,44.058],[-64.62,44.057],[-64.621,44.056],[-64.622,44.055],[-64.622,44.053],[-64.621,44.051],[-64.62,44.048],[-64.62,44.046],[-64.619,44.043],[-64.619,44.039],[-64.619,44.037],[-64.62,44.035],[-64.621,44.033],[-64.622,44.031],[-64.623,44.03],[-64.624,44.029],[-64.625,44.028],[-64.628,44.028],[-64.631,44.027],[-64.633,44.028],[-64.636,44.028],[-64.64,44.03],[-64.643,44.031],[-64.648,44.033],[-64.648,44.034],[-64.651,44.034],[-64.653,44.034],[-64.654,44.034],[-64.656,44.033],[-64.657,44.032],[-64.658,44.031],[-64.658,44.03],[-64.658,44.028],[-64.658,44.027],[-64.658,44.025],[-64.657,44.023],[-64.656,44.022],[-64.655,44.02],[-64.654,44.017],[-64.653,44.015],[-64.653,44.014],[-64.654,44.012],[-64.654,44.01],[-64.655,44.007],[-64.655,44.003],[-64.656,44.002],[-64.655,43.998],[-64.655,43.996],[-64.655,43.994],[-64.654,43.992],[-64.654,43.99],[-64.654,43.988],[-64.654,43.987],[-64.655,43.985],[-64.656,43.984],[-64.658,43.984],[-64.659,43.983],[-64.661,43.982],[-64.663,43.982],[-64.665,43.981],[-64.667,43.981],[-64.669,43.981],[-64.672,43.981],[-64.675,43.982],[-64.68,43.983],[-64.682,43.984],[-64.685,43.985],[-64.687,43.985],[-64.689,43.985],[-64.691,43.985],[-64.693,43.984],[-64.694,43.983],[-64.695,43.982],[-64.696,43.979],[-64.698,43.976],[-64.701,43.973],[-64.703,43.971],[-64.705,43.969],[-64.706,43.968],[-64.708,43.967],[-64.71,43.966],[-64.713,43.965],[-64.715,43.964],[-64.718,43.963],[-64.723,43.963],[-64.725,43.963],[-64.726,43.962],[-64.728,43.961],[-64.729,43.96],[-64.729,43.958],[-64.729,43.957],[-64.728,43.953],[-64.728,43.952],[-64.728,43.951],[-64.729,43.949],[-64.731,43.945],[-64.731,43.943],[-64.732,43.939],[-64.732,43.936],[-64.732,43.933],[-64.732,43.93],[-64.733,43.928],[-64.733,43.925],[-64.734,43.924],[-64.734,43.922],[-64.736,43.92],[-64.738,43.918],[-64.74,43.917],[-64.742,43.915],[-64.744,43.914],[-64.744,43.912],[-64.745,43.911],[-64.746,43.908],[-64.747,43.902],[-64.748,43.9],[-64.749,43.897],[-64.75,43.894],[-64.753,43.886],[-64.754,43.885],[-64.755,43.883],[-64.757,43.882],[-64.759,43.881],[-64.761,43.88],[-64.765,43.879],[-64.767,43.878],[-64.77,43.876],[-64.771,43.875],[-64.773,43.874],[-64.774,43.872],[-64.774,43.87],[-64.774,43.868],[-64.775,43.866],[-64.775,43.864],[-64.776,43.863],[-64.777,43.861],[-64.778,43.859],[-64.781,43.857],[-64.782,43.855],[-64.783,43.853],[-64.785,43.85],[-64.786,43.847],[-64.786,43.844],[-64.786,43.842],[-64.786,43.838],[-64.786,43.834],[-64.785,43.831],[-64.784,43.828],[-64.783,43.825],[-64.782,43.823],[-64.781,43.821],[-64.781,43.819],[-64.781,43.816],[-64.781,43.813],[-64.781,43.812],[-64.781,43.81],[-64.781,43.809],[-64.782,43.807],[-64.784,43.806],[-64.785,43.805],[-64.786,43.804],[-64.789,43.804],[-64.791,43.804],[-64.793,43.804],[-64.794,43.805],[-64.796,43.806],[-64.797,43.807],[-64.799,43.809],[-64.801,43.811],[-64.802,43.812],[-64.803,43.812],[-64.806,43.813],[-64.808,43.813],[-64.809,43.814],[-64.813,43.813],[-64.815,43.813],[-64.818,43.813],[-64.82,43.812],[-64.822,43.812],[-64.826,43.81],[-64.828,43.81],[-64.832,43.809],[-64.834,43.809],[-64.836,43.809],[-64.839,43.809],[-64.841,43.809],[-64.844,43.809],[-64.848,43.811],[-64.851,43.812],[-64.853,43.813],[-64.854,43.813],[-64.857,43.815],[-64.859,43.816],[-64.861,43.817],[-64.862,43.817],[-64.864,43.817],[-64.866,43.817],[-64.867,43.817],[-64.869,43.816],[-64.87,43.815],[-64.87,43.814],[-64.871,43.813],[-64.871,43.811],[-64.871,43.81],[-64.87,43.807],[-64.869,43.804],[-64.869,43.802],[-64.869,43.8],[-64.869,43.798],[-64.869,43.797],[-64.87,43.795],[-64.871,43.794],[-64.872,43.792],[-64.875,43.79],[-64.876,43.788],[-64.878,43.787],[-64.88,43.786],[-64.883,43.785],[-64.887,43.783],[-64.89,43.782],[-64.893,43.782],[-64.896,43.781],[-64.9,43.781],[-64.903,43.782],[-64.906,43.782],[-64.912,43.784],[-64.915,43.784],[-64.918,43.785],[-64.921,43.784],[-64.922,43.784],[-64.924,43.783],[-64.926,43.782],[-64.926,43.78],[-64.927,43.778],[-64.928,43.775],[-64.928,43.772],[-64.928,43.769],[-64.928,43.763],[-64.927,43.76],[-64.927,43.759],[-64.928,43.758],[-64.929,43.756],[-64.929,43.754],[-64.931,43.753],[-64.933,43.752],[-64.935,43.751],[-64.937,43.75],[-64.945,43.749],[-64.946,43.748],[-64.948,43.748],[-64.95,43.747],[-64.951,43.746],[-64.952,43.744],[-64.952,43.743],[-64.954,43.74],[-64.957,43.737],[-64.959,43.734],[-64.961,43.733],[-64.963,43.732],[-64.964,43.731],[-64.966,43.731],[-64.969,43.731],[-64.971,43.731],[-64.973,43.732],[-64.974,43.732],[-64.977,43.733],[-64.98,43.735],[-64.983,43.735],[-64.984,43.735],[-64.985,43.735],[-64.987,43.735],[-64.989,43.734],[-64.99,43.733],[-64.992,43.731],[-64.994,43.728],[-64.995,43.727],[-64.997,43.725],[-65.001,43.723],[-65.005,43.72],[-65.006,43.719],[-65.008,43.718],[-65.01,43.716],[-65.011,43.715],[-65.012,43.714],[-65.013,43.711],[-65.013,43.71],[-65.014,43.709],[-65.014,43.706],[-65.013,43.704],[-65.013,43.702],[-65.012,43.699],[-65.012,43.696],[-65.012,43.693],[-65.012,43.69],[-65.013,43.689],[-65.014,43.687],[-65.015,43.685],[-65.016,43.682],[-65.018,43.679],[-65.021,43.677],[-65.022,43.676],[-65.026,43.672],[-65.028,43.671],[-65.031,43.669],[-65.033,43.668],[-65.036,43.666],[-65.037,43.665],[-65.04,43.664],[-65.044,43.662],[-65.049,43.66],[-65.055,43.658],[-65.058,43.658],[-65.063,43.656],[-65.069,43.655],[-65.075,43.653],[-65.081,43.652],[-65.084,43.652],[-65.097,43.65],[-65.103,43.649],[-65.11,43.648],[-65.118,43.647],[-65.121,43.647],[-65.124,43.647],[-65.128,43.647],[-65.132,43.647],[-65.133,43.648],[-65.135,43.648],[-65.135,43.649],[-65.136,43.651],[-65.138,43.654],[-65.139,43.657],[-65.14,43.658],[-65.141,43.66],[-65.142,43.662],[-65.144,43.664],[-65.146,43.666],[-65.148,43.667],[-65.15,43.668],[-65.152,43.669],[-65.154,43.67],[-65.156,43.671],[-65.158,43.671],[-65.163,43.672],[-65.165,43.672],[-65.168,43.672],[-65.173,43.672],[-65.175,43.672],[-65.179,43.672],[-65.182,43.671],[-65.184,43.671],[-65.188,43.67],[-65.19,43.669],[-65.194,43.668],[-65.2,43.665],[-65.202,43.664],[-65.205,43.662],[-65.206,43.661],[-65.207,43.659],[-65.209,43.657],[-65.21,43.656],[-65.211,43.654],[-65.211,43.652],[-65.212,43.65],[-65.212,43.647],[-65.212,43.646],[-65.213,43.645],[-65.214,43.643],[-65.215,43.642],[-65.216,43.641],[-65.218,43.64],[-65.22,43.639],[-65.223,43.638],[-65.226,43.638],[-65.228,43.637],[-65.231,43.637],[-65.234,43.637],[-65.237,43.637],[-65.239,43.636],[-65.242,43.635],[-65.244,43.634],[-65.246,43.633],[-65.248,43.632],[-65.249,43.63],[-65.25,43.629],[-65.253,43.624],[-65.254,43.622],[-65.256,43.62],[-65.257,43.618],[-65.259,43.617],[-65.26,43.616],[-65.264,43.614],[-65.27,43.612],[-65.274,43.611],[-65.28,43.609],[-65.285,43.608],[-65.287,43.607],[-65.29,43.607],[-65.292,43.606],[-65.293,43.605],[-65.295,43.604],[-65.295,43.603],[-65.296,43.601],[-65.297,43.6],[-65.297,43.599],[-65.297,43.598],[-65.297,43.595],[-65.298,43.593],[-65.298,43.592],[-65.3,43.59],[-65.301,43.588],[-65.304,43.585],[-65.305,43.584],[-65.309,43.579],[-65.312,43.576],[-65.313,43.574],[-65.313,43.573],[-65.313,43.57],[-65.313,43.569],[-65.313,43.568],[-65.315,43.566],[-65.316,43.565],[-65.317,43.564],[-65.319,43.563],[-65.321,43.562],[-65.323,43.562],[-65.324,43.563],[-65.327,43.563],[-65.328,43.564],[-65.33,43.564],[-65.331,43.563],[-65.333,43.563],[-65.334,43.562],[-65.335,43.56],[-65.336,43.559],[-65.335,43.558],[-65.335,43.554],[-65.334,43.551],[-65.333,43.548],[-65.332,43.544],[-65.331,43.542],[-65.33,43.539],[-65.329,43.536],[-65.327,43.532],[-65.326,43.531],[-65.326,43.529],[-65.327,43.527],[-65.327,43.526],[-65.328,43.525],[-65.33,43.523],[-65.331,43.522],[-65.332,43.52],[-65.334,43.517],[-65.334,43.515],[-65.337,43.506],[-65.337,43.505],[-65.338,43.503],[-65.339,43.502],[-65.341,43.5],[-65.342,43.499],[-65.344,43.499],[-65.346,43.498],[-65.347,43.498],[-65.35,43.498],[-65.352,43.498],[-65.354,43.498],[-65.356,43.498],[-65.359,43.499],[-65.361,43.5],[-65.363,43.501],[-65.365,43.503],[-65.367,43.505],[-65.368,43.506],[-65.37,43.507],[-65.373,43.507],[-65.375,43.507],[-65.377,43.505],[-65.378,43.505],[-65.379,43.504],[-65.379,43.503],[-65.38,43.501],[-65.379,43.499],[-65.379,43.497],[-65.379,43.495],[-65.378,43.493],[-65.377,43.491],[-65.376,43.488],[-65.375,43.486],[-65.374,43.484],[-65.372,43.481],[-65.371,43.478],[-65.37,43.476],[-65.37,43.474],[-65.369,43.471],[-65.37,43.469],[-65.37,43.467],[-65.371,43.465],[-65.372,43.464],[-65.374,43.462],[-65.375,43.462],[-65.376,43.461],[-65.378,43.46],[-65.379,43.46],[-65.381,43.46],[-65.385,43.46],[-65.39,43.46],[-65.403,43.461],[-65.407,43.461],[-65.412,43.462],[-65.416,43.462],[-65.419,43.462],[-65.421,43.461],[-65.423,43.461],[-65.426,43.46],[-65.429,43.46],[-65.43,43.459],[-65.432,43.458],[-65.433,43.458],[-65.434,43.457],[-65.434,43.456],[-65.435,43.454],[-65.436,43.452],[-65.437,43.451],[-65.439,43.45],[-65.439,43.449],[-65.441,43.449],[-65.443,43.449],[-65.45,43.449],[-65.452,43.449],[-65.454,43.449],[-65.456,43.448],[-65.458,43.447],[-65.459,43.446],[-65.462,43.445],[-65.463,43.444],[-65.465,43.444],[-65.467,43.444],[-65.47,43.444],[-65.472,43.444],[-65.474,43.444],[-65.475,43.444],[-65.476,43.445],[-65.477,43.446],[-65.48,43.448],[-65.484,43.451],[-65.488,43.453],[-65.492,43.456],[-65.495,43.458],[-65.496,43.459],[-65.497,43.46],[-65.498,43.462],[-65.498,43.463],[-65.499,43.465],[-65.498,43.47],[-65.496,43.473],[-65.495,43.477],[-65.494,43.479],[-65.494,43.48],[-65.494,43.481],[-65.494,43.482],[-65.498,43.485],[-65.501,43.488],[-65.502,43.488],[-65.505,43.49],[-65.508,43.491],[-65.511,43.491],[-65.513,43.491],[-65.516,43.491],[-65.518,43.491],[-65.521,43.492],[-65.523,43.492],[-65.525,43.493],[-65.529,43.495],[-65.531,43.497],[-65.535,43.499],[-65.539,43.502],[-65.541,43.503],[-65.544,43.505],[-65.548,43.509],[-65.549,43.51],[-65.551,43.512],[-65.553,43.513],[-65.554,43.515],[-65.555,43.516],[-65.555,43.518],[-65.556,43.52],[-65.556,43.521],[-65.557,43.523],[-65.559,43.524],[-65.562,43.525],[-65.564,43.526],[-65.566,43.526],[-65.57,43.527],[-65.573,43.527],[-65.575,43.527],[-65.577,43.527],[-65.579,43.526],[-65.582,43.524],[-65.584,43.523],[-65.586,43.521],[-65.587,43.519],[-65.588,43.517],[-65.588,43.515],[-65.587,43.513],[-65.587,43.511],[-65.586,43.509],[-65.584,43.507],[-65.583,43.506],[-65.582,43.505],[-65.58,43.504],[-65.578,43.504],[-65.576,43.504],[-65.572,43.505],[-65.569,43.505],[-65.567,43.505],[-65.566,43.505],[-65.563,43.504],[-65.562,43.504],[-65.561,43.503],[-65.561,43.502],[-65.559,43.499],[-65.559,43.498],[-65.557,43.495],[-65.555,43.493],[-65.554,43.492],[-65.553,43.491],[-65.551,43.489],[-65.551,43.488],[-65.55,43.486],[-65.55,43.484],[-65.551,43.481],[-65.552,43.477],[-65.553,43.474],[-65.554,43.472],[-65.555,43.47],[-65.557,43.468],[-65.557,43.467],[-65.557,43.466],[-65.557,43.463],[-65.557,43.462],[-65.558,43.461],[-65.559,43.459],[-65.56,43.458],[-65.561,43.458],[-65.564,43.457],[-65.566,43.456],[-65.568,43.456],[-65.57,43.457],[-65.572,43.457],[-65.575,43.457],[-65.576,43.456],[-65.577,43.456],[-65.578,43.455],[-65.579,43.454],[-65.579,43.453],[-65.579,43.452],[-65.579,43.451],[-65.578,43.449],[-65.578,43.447],[-65.577,43.445],[-65.577,43.443],[-65.578,43.441],[-65.579,43.439],[-65.58,43.439],[-65.581,43.438],[-65.583,43.438],[-65.585,43.437],[-65.587,43.436],[-65.588,43.435],[-65.588,43.434],[-65.589,43.432],[-65.59,43.431],[-65.591,43.43],[-65.593,43.429],[-65.594,43.428],[-65.595,43.427],[-65.599,43.426],[-65.601,43.425],[-65.602,43.424],[-65.604,43.422],[-65.605,43.42],[-65.606,43.417],[-65.606,43.416],[-65.607,43.413],[-65.61,43.408],[-65.611,43.406],[-65.61,43.405],[-65.61,43.404],[-65.609,43.403],[-65.608,43.402],[-65.605,43.4],[-65.604,43.399],[-65.603,43.397],[-65.602,43.396],[-65.602,43.394],[-65.602,43.393],[-65.602,43.391],[-65.602,43.389],[-65.604,43.388],[-65.605,43.386],[-65.607,43.385],[-65.608,43.384],[-65.611,43.383],[-65.613,43.383],[-65.616,43.383],[-65.619,43.383],[-65.621,43.384],[-65.623,43.385],[-65.626,43.386],[-65.628,43.387],[-65.629,43.388],[-65.63,43.39],[-65.631,43.392],[-65.632,43.393],[-65.633,43.394],[-65.634,43.395],[-65.636,43.396],[-65.637,43.396],[-65.639,43.397],[-65.642,43.397],[-65.645,43.398],[-65.649,43.399],[-65.654,43.4],[-65.656,43.401],[-65.659,43.402],[-65.665,43.405],[-65.669,43.407],[-65.671,43.408],[-65.675,43.411],[-65.678,43.413],[-65.682,43.415],[-65.684,43.417],[-65.688,43.419],[-65.69,43.42],[-65.694,43.422],[-65.699,43.425],[-65.704,43.427],[-65.707,43.428],[-65.712,43.43],[-65.718,43.432],[-65.725,43.434],[-65.729,43.436],[-65.732,43.437],[-65.736,43.439],[-65.74,43.441],[-65.743,43.444],[-65.746,43.446],[-65.748,43.447],[-65.751,43.45],[-65.753,43.452],[-65.755,43.455],[-65.757,43.457],[-65.763,43.469],[-65.766,43.473],[-65.769,43.48],[-65.772,43.484],[-65.775,43.489],[-65.777,43.493],[-65.78,43.497],[-65.782,43.502],[-65.785,43.507],[-65.785,43.509],[-65.786,43.51],[-65.787,43.512],[-65.788,43.513],[-65.79,43.515],[-65.792,43.517],[-65.794,43.518],[-65.796,43.52],[-65.801,43.522],[-65.803,43.522],[-65.804,43.524],[-65.806,43.525],[-65.807,43.526],[-65.809,43.529],[-65.81,43.533],[-65.811,43.535],[-65.812,43.538],[-65.812,43.54],[-65.812,43.543],[-65.812,43.545],[-65.812,43.549],[-65.811,43.552],[-65.811,43.554],[-65.81,43.557],[-65.808,43.56],[-65.807,43.562],[-65.807,43.563],[-65.806,43.566],[-65.805,43.567],[-65.805,43.569],[-65.805,43.571],[-65.805,43.573],[-65.806,43.575],[-65.807,43.577],[-65.808,43.58],[-65.81,43.582],[-65.811,43.583],[-65.814,43.585],[-65.816,43.586],[-65.818,43.587],[-65.821,43.588],[-65.823,43.589],[-65.825,43.589],[-65.828,43.589],[-65.831,43.589],[-65.837,43.589],[-65.844,43.588],[-65.851,43.587],[-65.856,43.586],[-65.86,43.585],[-65.869,43.582],[-65.875,43.581],[-65.879,43.579],[-65.883,43.578],[-65.889,43.575],[-65.894,43.573],[-65.899,43.57],[-65.902,43.569],[-65.905,43.567],[-65.91,43.563],[-65.915,43.56],[-65.917,43.558],[-65.92,43.555],[-65.922,43.553],[-65.924,43.549],[-65.925,43.546],[-65.927,43.542],[-65.929,43.538],[-65.93,43.535],[-65.93,43.532],[-65.931,43.53],[-65.931,43.527],[-65.935,43.504],[-65.948,43.44],[-65.952,43.42],[-65.953,43.418],[-65.954,43.415],[-65.955,43.411],[-65.957,43.408],[-65.959,43.404],[-65.96,43.402],[-65.962,43.4],[-65.964,43.398],[-65.965,43.396],[-65.968,43.393],[-65.97,43.392],[-65.972,43.39],[-65.975,43.388],[-65.978,43.386],[-65.982,43.384],[-65.984,43.383],[-65.987,43.381],[-65.992,43.379],[-65.994,43.378],[-65.998,43.377],[-66,43.377],[-66.005,43.376],[-66.007,43.375],[-66.01,43.375],[-66.013,43.375],[-66.016,43.375],[-66.02,43.375],[-66.023,43.375],[-66.026,43.375],[-66.03,43.376],[-66.032,43.377],[-66.036,43.378],[-66.04,43.38],[-66.043,43.381],[-66.045,43.382],[-66.047,43.384],[-66.049,43.385],[-66.05,43.386],[-66.052,43.388],[-66.054,43.39],[-66.055,43.392],[-66.057,43.394],[-66.06,43.398],[-66.061,43.4],[-66.062,43.403],[-66.063,43.406],[-66.064,43.41],[-66.065,43.413],[-66.065,43.417],[-66.065,43.419],[-66.065,43.422],[-66.065,43.424],[-66.064,43.428],[-66.063,43.432],[-66.062,43.434],[-66.061,43.436],[-66.053,43.453],[-66.025,43.51],[-66.022,43.517],[-66.021,43.521],[-66.02,43.524],[-66.02,43.527],[-66.02,43.529],[-66.02,43.532],[-66.02,43.534],[-66.02,43.537],[-66.02,43.539],[-66.02,43.542],[-66.021,43.544],[-66.022,43.546],[-66.025,43.559],[-66.033,43.597],[-66.034,43.599],[-66.035,43.602],[-66.036,43.605],[-66.036,43.607],[-66.037,43.609],[-66.039,43.611],[-66.04,43.612],[-66.041,43.614],[-66.044,43.615],[-66.046,43.617],[-66.049,43.618],[-66.051,43.619],[-66.054,43.619],[-66.058,43.62],[-66.06,43.62],[-66.062,43.621],[-66.064,43.622],[-66.066,43.623],[-66.068,43.625],[-66.069,43.626],[-66.07,43.627],[-66.071,43.629],[-66.072,43.63],[-66.072,43.631],[-66.073,43.634],[-66.073,43.636],[-66.073,43.638],[-66.072,43.64],[-66.071,43.642],[-66.069,43.645],[-66.069,43.646],[-66.068,43.649],[-66.067,43.651],[-66.066,43.654],[-66.065,43.657],[-66.065,43.658],[-66.065,43.66],[-66.065,43.662],[-66.065,43.665],[-66.066,43.667],[-66.067,43.67],[-66.067,43.672],[-66.068,43.676],[-66.069,43.68],[-66.069,43.682],[-66.069,43.684],[-66.069,43.688],[-66.069,43.692],[-66.069,43.694],[-66.069,43.697],[-66.07,43.698],[-66.071,43.701],[-66.072,43.702],[-66.073,43.704],[-66.074,43.705],[-66.075,43.706],[-66.077,43.707],[-66.079,43.707],[-66.082,43.708],[-66.084,43.707],[-66.085,43.707],[-66.087,43.706],[-66.093,43.703],[-66.108,43.695],[-66.126,43.685],[-66.129,43.683],[-66.132,43.681],[-66.134,43.681],[-66.136,43.68],[-66.137,43.68],[-66.139,43.679],[-66.141,43.679],[-66.143,43.679],[-66.146,43.679],[-66.147,43.68],[-66.149,43.681],[-66.15,43.681],[-66.152,43.683],[-66.152,43.684],[-66.153,43.686],[-66.153,43.688],[-66.152,43.689],[-66.152,43.691],[-66.15,43.692],[-66.149,43.693],[-66.148,43.695],[-66.145,43.696],[-66.144,43.697],[-66.14,43.698],[-66.137,43.7],[-66.135,43.701],[-66.133,43.702],[-66.132,43.704],[-66.13,43.705],[-66.129,43.706],[-66.127,43.708],[-66.126,43.711],[-66.125,43.712],[-66.124,43.715],[-66.123,43.716],[-66.123,43.72],[-66.124,43.722],[-66.124,43.725],[-66.125,43.726],[-66.126,43.729],[-66.127,43.732],[-66.129,43.735],[-66.13,43.737],[-66.131,43.74],[-66.132,43.741],[-66.132,43.744],[-66.133,43.746],[-66.133,43.75],[-66.133,43.752],[-66.134,43.755],[-66.136,43.76],[-66.137,43.763],[-66.137,43.766],[-66.138,43.77],[-66.138,43.772],[-66.139,43.774],[-66.14,43.775],[-66.142,43.777],[-66.144,43.778],[-66.146,43.78],[-66.147,43.781],[-66.153,43.783],[-66.156,43.784],[-66.16,43.786],[-66.167,43.789],[-66.169,43.791],[-66.17,43.791],[-66.172,43.793],[-66.173,43.795],[-66.175,43.797],[-66.175,43.799],[-66.176,43.801],[-66.176,43.802],[-66.176,43.804],[-66.176,43.805],[-66.175,43.807],[-66.174,43.809],[-66.173,43.811],[-66.171,43.813],[-66.169,43.815],[-66.167,43.817],[-66.165,43.819],[-66.164,43.82],[-66.161,43.822],[-66.159,43.823],[-66.159,43.824],[-66.158,43.826],[-66.158,43.828],[-66.158,43.829],[-66.159,43.832],[-66.159,43.836],[-66.159,43.838],[-66.158,43.841],[-66.159,43.842],[-66.16,43.843],[-66.161,43.844],[-66.162,43.844],[-66.164,43.845],[-66.166,43.845],[-66.168,43.846],[-66.169,43.847],[-66.171,43.848],[-66.173,43.85],[-66.175,43.852],[-66.176,43.854],[-66.178,43.857],[-66.178,43.859],[-66.178,43.861],[-66.179,43.863],[-66.178,43.864],[-66.178,43.867],[-66.177,43.87],[-66.176,43.872],[-66.175,43.874],[-66.173,43.876],[-66.172,43.877],[-66.171,43.879],[-66.171,43.881],[-66.17,43.882],[-66.17,43.884],[-66.17,43.887],[-66.171,43.889],[-66.171,43.891],[-66.172,43.893],[-66.173,43.894],[-66.174,43.896],[-66.175,43.898],[-66.176,43.9],[-66.176,43.903],[-66.176,43.905],[-66.175,43.908],[-66.175,43.91],[-66.173,43.913],[-66.172,43.915],[-66.17,43.917],[-66.168,43.918],[-66.166,43.92],[-66.164,43.921],[-66.162,43.923],[-66.161,43.926],[-66.16,43.928],[-66.16,43.929],[-66.159,43.932],[-66.159,43.934],[-66.16,43.936],[-66.16,43.939],[-66.162,43.941],[-66.163,43.943],[-66.165,43.945],[-66.165,43.946],[-66.165,43.948],[-66.165,43.95],[-66.165,43.951],[-66.166,43.952],[-66.168,43.953],[-66.169,43.954],[-66.169,43.955],[-66.17,43.957],[-66.171,43.958],[-66.171,43.959],[-66.17,43.962],[-66.17,43.963],[-66.17,43.964],[-66.171,43.966],[-66.173,43.968],[-66.174,43.969],[-66.175,43.971],[-66.175,43.973],[-66.175,43.975],[-66.175,43.977],[-66.171,43.982],[-66.169,43.985],[-66.168,43.987],[-66.168,43.988],[-66.166,43.99],[-66.164,43.992],[-66.162,43.995],[-66.162,43.996],[-66.162,43.998],[-66.162,43.999],[-66.162,44.003],[-66.162,44.005],[-66.163,44.009],[-66.163,44.01],[-66.164,44.012],[-66.164,44.013],[-66.165,44.015],[-66.166,44.016],[-66.167,44.018],[-66.169,44.019],[-66.17,44.02],[-66.173,44.022],[-66.175,44.023],[-66.177,44.024],[-66.178,44.025],[-66.179,44.027],[-66.18,44.028],[-66.18,44.029],[-66.181,44.031],[-66.181,44.032],[-66.18,44.034],[-66.18,44.035],[-66.178,44.038],[-66.176,44.04],[-66.175,44.042],[-66.174,44.043],[-66.174,44.045],[-66.175,44.047],[-66.175,44.048],[-66.177,44.05],[-66.178,44.051],[-66.179,44.052],[-66.182,44.053],[-66.184,44.054],[-66.185,44.055],[-66.186,44.057],[-66.187,44.058],[-66.188,44.06],[-66.188,44.061],[-66.188,44.068],[-66.189,44.071],[-66.189,44.075],[-66.189,44.076],[-66.19,44.078],[-66.19,44.079],[-66.192,44.081],[-66.193,44.082],[-66.195,44.083],[-66.196,44.083],[-66.198,44.083],[-66.199,44.083],[-66.2,44.082],[-66.204,44.079],[-66.206,44.078],[-66.208,44.078],[-66.21,44.078],[-66.211,44.078],[-66.213,44.079],[-66.214,44.079],[-66.216,44.081],[-66.218,44.083],[-66.22,44.085],[-66.221,44.087],[-66.222,44.09],[-66.222,44.092],[-66.222,44.094],[-66.223,44.097],[-66.223,44.1],[-66.223,44.102],[-66.222,44.105],[-66.221,44.108],[-66.22,44.109],[-66.219,44.111],[-66.218,44.112],[-66.216,44.114],[-66.214,44.116],[-66.213,44.118],[-66.211,44.121],[-66.21,44.124],[-66.209,44.127],[-66.208,44.129],[-66.208,44.132],[-66.207,44.134],[-66.208,44.137],[-66.207,44.139],[-66.207,44.14],[-66.206,44.142],[-66.205,44.144],[-66.204,44.145],[-66.202,44.147],[-66.201,44.149],[-66.199,44.152],[-66.198,44.154],[-66.195,44.16],[-66.194,44.163],[-66.193,44.166],[-66.192,44.169],[-66.191,44.172],[-66.19,44.174],[-66.189,44.178],[-66.187,44.181],[-66.185,44.184],[-66.184,44.187],[-66.182,44.189],[-66.18,44.192],[-66.177,44.195],[-66.175,44.197],[-66.172,44.199],[-66.169,44.201],[-66.166,44.203],[-66.164,44.204],[-66.163,44.205],[-66.162,44.207],[-66.161,44.209],[-66.16,44.21],[-66.159,44.213],[-66.159,44.214],[-66.159,44.217],[-66.158,44.219],[-66.157,44.22],[-66.156,44.221],[-66.154,44.223],[-66.151,44.225],[-66.149,44.227],[-66.148,44.228],[-66.147,44.23],[-66.146,44.232],[-66.145,44.234],[-66.144,44.238],[-66.143,44.24],[-66.142,44.246],[-66.141,44.248],[-66.141,44.25],[-66.142,44.251],[-66.142,44.253],[-66.143,44.256],[-66.145,44.258],[-66.146,44.26],[-66.147,44.262],[-66.147,44.263],[-66.146,44.265],[-66.145,44.272],[-66.144,44.277],[-66.143,44.287],[-66.142,44.29],[-66.141,44.292],[-66.14,44.294],[-66.138,44.296],[-66.136,44.299],[-66.134,44.301],[-66.133,44.303],[-66.132,44.305],[-66.132,44.307],[-66.13,44.312],[-66.13,44.314],[-66.13,44.317],[-66.13,44.319],[-66.131,44.321],[-66.131,44.322],[-66.133,44.326],[-66.133,44.328],[-66.133,44.33],[-66.133,44.333],[-66.133,44.335],[-66.132,44.337],[-66.131,44.34],[-66.13,44.342],[-66.127,44.345],[-66.124,44.348],[-66.122,44.35],[-66.119,44.352],[-66.118,44.353],[-66.116,44.355],[-66.114,44.358],[-66.112,44.361],[-66.109,44.364],[-66.106,44.367],[-66.104,44.369],[-66.101,44.372],[-66.099,44.374],[-66.095,44.376],[-66.093,44.377],[-66.092,44.378],[-66.091,44.379],[-66.09,44.381],[-66.089,44.382],[-66.089,44.383],[-66.089,44.385],[-66.089,44.387],[-66.088,44.388],[-66.087,44.39],[-66.085,44.391],[-66.083,44.391],[-66.08,44.392],[-66.078,44.392],[-66.077,44.391],[-66.074,44.391],[-66.073,44.39],[-66.071,44.391],[-66.07,44.391],[-66.069,44.392],[-66.068,44.393],[-66.067,44.395],[-66.067,44.396],[-66.066,44.398],[-66.064,44.399],[-66.063,44.4],[-66.061,44.402],[-66.059,44.403],[-66.056,44.404],[-66.055,44.406],[-66.054,44.407],[-66.054,44.408],[-66.054,44.41],[-66.053,44.411],[-66.054,44.413],[-66.054,44.415],[-66.053,44.417],[-66.053,44.418],[-66.052,44.42],[-66.051,44.421],[-66.049,44.422],[-66.047,44.424],[-66.045,44.425],[-66.043,44.427],[-66.04,44.43],[-66.038,44.433],[-66.036,44.437],[-66.034,44.439],[-66.033,44.44],[-66.031,44.442],[-66.029,44.442],[-66.028,44.443],[-66.025,44.444],[-66.023,44.445],[-66.022,44.446],[-66.021,44.447],[-66.02,44.449],[-66.02,44.451],[-66.019,44.453],[-66.017,44.455],[-66.015,44.457],[-66.012,44.459],[-66.006,44.462],[-66.001,44.465],[-65.999,44.467],[-65.997,44.468],[-65.995,44.47],[-65.994,44.471],[-65.993,44.474],[-65.992,44.475],[-65.99,44.478],[-65.989,44.48],[-65.988,44.481],[-65.986,44.483],[-65.983,44.485],[-65.981,44.486],[-65.979,44.487],[-65.976,44.488],[-65.973,44.489],[-65.971,44.49],[-65.969,44.491],[-65.967,44.492],[-65.966,44.493],[-65.966,44.494],[-65.965,44.496],[-65.965,44.497],[-65.964,44.498],[-65.962,44.499],[-65.96,44.5],[-65.956,44.5],[-65.952,44.5],[-65.948,44.5],[-65.946,44.5],[-65.944,44.5],[-65.941,44.501],[-65.938,44.501],[-65.936,44.502],[-65.932,44.503],[-65.928,44.505],[-65.925,44.507],[-65.923,44.509],[-65.922,44.51],[-65.921,44.512],[-65.919,44.514],[-65.918,44.516],[-65.916,44.517],[-65.914,44.518],[-65.912,44.519],[-65.909,44.521],[-65.906,44.521],[-65.904,44.522],[-65.902,44.523],[-65.9,44.524],[-65.898,44.526],[-65.897,44.527],[-65.896,44.529],[-65.896,44.53],[-65.895,44.532],[-65.895,44.534],[-65.893,44.536],[-65.892,44.538],[-65.89,44.539],[-65.888,44.541],[-65.885,44.542],[-65.883,44.544],[-65.879,44.546],[-65.877,44.547],[-65.874,44.549],[-65.871,44.551],[-65.867,44.555],[-65.864,44.558],[-65.861,44.56],[-65.86,44.562],[-65.859,44.563],[-65.859,44.565],[-65.858,44.567],[-65.858,44.569],[-65.858,44.571],[-65.859,44.572],[-65.86,44.574],[-65.861,44.576],[-65.862,44.577],[-65.864,44.578],[-65.866,44.579],[-65.868,44.579],[-65.871,44.58],[-65.874,44.58],[-65.878,44.579],[-65.88,44.579],[-65.882,44.578],[-65.883,44.577],[-65.885,44.575],[-65.888,44.573],[-65.891,44.571],[-65.895,44.568],[-65.899,44.566],[-65.901,44.565],[-65.904,44.565],[-65.906,44.565],[-65.909,44.565],[-65.911,44.565],[-65.913,44.566],[-65.918,44.568],[-65.92,44.569],[-65.923,44.57],[-65.928,44.572],[-65.93,44.572],[-65.933,44.572],[-65.935,44.572],[-65.938,44.571],[-65.944,44.567],[-65.947,44.565],[-65.95,44.563],[-65.954,44.561],[-65.958,44.559],[-65.962,44.558],[-65.966,44.556],[-65.97,44.555],[-65.974,44.554],[-65.976,44.553],[-65.977,44.552],[-65.979,44.55],[-65.98,44.549],[-65.982,44.547],[-65.983,44.545],[-65.985,44.543],[-65.988,44.54],[-65.992,44.538],[-65.993,44.536],[-65.996,44.534],[-66,44.532],[-66.005,44.53],[-66.009,44.528],[-66.011,44.528],[-66.013,44.526],[-66.015,44.525],[-66.017,44.522],[-66.019,44.52],[-66.021,44.518],[-66.024,44.516],[-66.026,44.514],[-66.029,44.512],[-66.032,44.511],[-66.035,44.51],[-66.037,44.509],[-66.04,44.507],[-66.041,44.506],[-66.043,44.505],[-66.045,44.503],[-66.047,44.501],[-66.048,44.499],[-66.049,44.497],[-66.05,44.495],[-66.053,44.493],[-66.054,44.493],[-66.057,44.491],[-66.059,44.489],[-66.06,44.488],[-66.062,44.486],[-66.066,44.483],[-66.072,44.477],[-66.078,44.472],[-66.081,44.47],[-66.084,44.468],[-66.087,44.465],[-66.09,44.463],[-66.092,44.461],[-66.095,44.459],[-66.098,44.456],[-66.101,44.454],[-66.105,44.452],[-66.108,44.45],[-66.111,44.448],[-66.114,44.446],[-66.117,44.444],[-66.12,44.443],[-66.122,44.441],[-66.124,44.44],[-66.125,44.438],[-66.128,44.436],[-66.129,44.433],[-66.13,44.431],[-66.131,44.429],[-66.133,44.427],[-66.134,44.425],[-66.135,44.424],[-66.138,44.422],[-66.139,44.422],[-66.141,44.421],[-66.145,44.42],[-66.147,44.419],[-66.148,44.418],[-66.149,44.417],[-66.15,44.416],[-66.153,44.413],[-66.155,44.411],[-66.158,44.408],[-66.161,44.405],[-66.164,44.401],[-66.166,44.399],[-66.171,44.394],[-66.175,44.389],[-66.179,44.385],[-66.181,44.384],[-66.183,44.382],[-66.187,44.378],[-66.188,44.377],[-66.19,44.376],[-66.192,44.374],[-66.194,44.373],[-66.197,44.371],[-66.2,44.37],[-66.203,44.37],[-66.206,44.369],[-66.209,44.369],[-66.211,44.368],[-66.213,44.367],[-66.214,44.366],[-66.215,44.364],[-66.217,44.363],[-66.218,44.36],[-66.22,44.358],[-66.222,44.354],[-66.225,44.351],[-66.228,44.349],[-66.231,44.346],[-66.232,44.345],[-66.236,44.341],[-66.238,44.339],[-66.24,44.336],[-66.243,44.333],[-66.245,44.331],[-66.247,44.328],[-66.249,44.325],[-66.252,44.321],[-66.255,44.317],[-66.259,44.312],[-66.263,44.308],[-66.274,44.297],[-66.278,44.292],[-66.28,44.29],[-66.291,44.276],[-66.301,44.267],[-66.31,44.258],[-66.315,44.253],[-66.32,44.248],[-66.321,44.247],[-66.322,44.246],[-66.324,44.245],[-66.326,44.244],[-66.328,44.244],[-66.33,44.244],[-66.332,44.243],[-66.333,44.243],[-66.336,44.244],[-66.338,44.244],[-66.341,44.244],[-66.343,44.244],[-66.344,44.243],[-66.346,44.243],[-66.348,44.242],[-66.35,44.241],[-66.351,44.241],[-66.352,44.239],[-66.358,44.233],[-66.362,44.229],[-66.366,44.224],[-66.369,44.223],[-66.372,44.221],[-66.374,44.22],[-66.376,44.22],[-66.378,44.22],[-66.379,44.22],[-66.382,44.22],[-66.383,44.22],[-66.386,44.221],[-66.388,44.222],[-66.39,44.223],[-66.392,44.224],[-66.394,44.226],[-66.397,44.229],[-66.399,44.231],[-66.4,44.232],[-66.401,44.235],[-66.402,44.237],[-66.402,44.239],[-66.402,44.24],[-66.402,44.243],[-66.402,44.246],[-66.401,44.248],[-66.401,44.249],[-66.4,44.25],[-66.398,44.252],[-66.397,44.253],[-66.396,44.254],[-66.393,44.255],[-66.39,44.257],[-66.389,44.258],[-66.388,44.259],[-66.385,44.262],[-66.381,44.265],[-66.379,44.268],[-66.375,44.272],[-66.372,44.274],[-66.369,44.277],[-66.366,44.28],[-66.363,44.283],[-66.359,44.286],[-66.357,44.287],[-66.355,44.288],[-66.352,44.289],[-66.349,44.29],[-66.346,44.291],[-66.341,44.291],[-66.338,44.291],[-66.335,44.292],[-66.332,44.292],[-66.328,44.293],[-66.327,44.294],[-66.324,44.295],[-66.323,44.296],[-66.322,44.297],[-66.32,44.299],[-66.317,44.303],[-66.315,44.305],[-66.312,44.309],[-66.31,44.311],[-66.308,44.314],[-66.304,44.317],[-66.297,44.324],[-66.296,44.325],[-66.294,44.327],[-66.293,44.329],[-66.291,44.332],[-66.289,44.334],[-66.288,44.336],[-66.287,44.339],[-66.286,44.341],[-66.284,44.342],[-66.283,44.344],[-66.281,44.346],[-66.279,44.348],[-66.277,44.35],[-66.276,44.352],[-66.274,44.354],[-66.271,44.358],[-66.269,44.36],[-66.266,44.363],[-66.263,44.367],[-66.262,44.368],[-66.252,44.378],[-66.245,44.385],[-66.239,44.392],[-66.236,44.395],[-66.232,44.4],[-66.229,44.403],[-66.228,44.405],[-66.226,44.406],[-66.223,44.408],[-66.221,44.409],[-66.218,44.41],[-66.215,44.411],[-66.212,44.412],[-66.21,44.413],[-66.207,44.415],[-66.206,44.416],[-66.204,44.417],[-66.202,44.419],[-66.201,44.42],[-66.199,44.423],[-66.196,44.427],[-66.194,44.429],[-66.191,44.433],[-66.189,44.434],[-66.186,44.436],[-66.182,44.439],[-66.18,44.441],[-66.157,44.461],[-66.156,44.462],[-66.153,44.464],[-66.151,44.466],[-66.149,44.468],[-66.148,44.469],[-66.146,44.471],[-66.144,44.474],[-66.14,44.477],[-66.139,44.479],[-66.135,44.482],[-66.128,44.488],[-66.127,44.489],[-66.123,44.491],[-66.121,44.493],[-66.12,44.494],[-66.118,44.497],[-66.117,44.498],[-66.115,44.5],[-66.112,44.502],[-66.109,44.504],[-66.107,44.504],[-66.105,44.505],[-66.103,44.506],[-66.1,44.507],[-66.097,44.508],[-66.094,44.509],[-66.092,44.511],[-66.09,44.513],[-66.088,44.515],[-66.086,44.518],[-66.085,44.519],[-66.082,44.522],[-66.079,44.525],[-66.077,44.526],[-66.075,44.528],[-66.072,44.53],[-66.069,44.532],[-66.067,44.533],[-66.064,44.535],[-66.061,44.537],[-66.059,44.539],[-66.055,44.544],[-66.053,44.546],[-66.05,44.548],[-66.047,44.55],[-66.045,44.552],[-66.043,44.553],[-66.038,44.557],[-66.035,44.559],[-66.03,44.563],[-66.025,44.567],[-66.022,44.57],[-66.018,44.573],[-66.014,44.576],[-66.011,44.577],[-65.987,44.593],[-65.979,44.598],[-65.97,44.605],[-65.968,44.607],[-65.965,44.608],[-65.962,44.61],[-65.958,44.612],[-65.955,44.613],[-65.952,44.614],[-65.949,44.615],[-65.945,44.616],[-65.943,44.617],[-65.939,44.619],[-65.937,44.62],[-65.935,44.621],[-65.933,44.622],[-65.931,44.622],[-65.929,44.622],[-65.925,44.622],[-65.919,44.623],[-65.916,44.623],[-65.914,44.624],[-65.912,44.625],[-65.909,44.626],[-65.907,44.627],[-65.906,44.628],[-65.904,44.629],[-65.902,44.631],[-65.899,44.633],[-65.896,44.635],[-65.894,44.637],[-65.891,44.638],[-65.889,44.639],[-65.886,44.641],[-65.882,44.643],[-65.879,44.645],[-65.874,44.648],[-65.87,44.651],[-65.867,44.652],[-65.864,44.653],[-65.86,44.655],[-65.857,44.657],[-65.853,44.659],[-65.85,44.66],[-65.848,44.662],[-65.844,44.664],[-65.842,44.666],[-65.838,44.668],[-65.836,44.67],[-65.835,44.671],[-65.832,44.673],[-65.83,44.674],[-65.827,44.675],[-65.824,44.676],[-65.822,44.676],[-65.82,44.677],[-65.816,44.678],[-65.814,44.679],[-65.812,44.68],[-65.811,44.681],[-65.809,44.683],[-65.808,44.686],[-65.806,44.688],[-65.805,44.689],[-65.804,44.69],[-65.802,44.691],[-65.798,44.693],[-65.796,44.694],[-65.793,44.696],[-65.79,44.697],[-65.787,44.697],[-65.785,44.697],[-65.783,44.697],[-65.781,44.696],[-65.779,44.695],[-65.776,44.694],[-65.773,44.692],[-65.771,44.69],[-65.77,44.69],[-65.769,44.69],[-65.767,44.69],[-65.766,44.691],[-65.765,44.691],[-65.764,44.693],[-65.763,44.695],[-65.762,44.698],[-65.76,44.699],[-65.758,44.701],[-65.756,44.704],[-65.752,44.708],[-65.751,44.709],[-65.749,44.712],[-65.747,44.714],[-65.739,44.718],[-65.733,44.722],[-65.73,44.724],[-65.727,44.726],[-65.723,44.728],[-65.719,44.731],[-65.716,44.733],[-65.69,44.748],[-65.673,44.757],[-65.665,44.762],[-65.66,44.764],[-65.654,44.767],[-65.649,44.77],[-65.644,44.772],[-65.633,44.777],[-65.627,44.78],[-65.621,44.783],[-65.618,44.784],[-65.616,44.785],[-65.613,44.786],[-65.606,44.789],[-65.601,44.791],[-65.596,44.793],[-65.591,44.794],[-65.589,44.796],[-65.583,44.798],[-65.573,44.803],[-65.569,44.805],[-65.566,44.807],[-65.562,44.809],[-65.556,44.812],[-65.549,44.815],[-65.542,44.818],[-65.538,44.82],[-65.534,44.821],[-65.53,44.823],[-65.527,44.824],[-65.523,44.825],[-65.519,44.827],[-65.516,44.828],[-65.513,44.829],[-65.509,44.831],[-65.506,44.834],[-65.499,44.839],[-65.494,44.842],[-65.488,44.846],[-65.483,44.85],[-65.467,44.859],[-65.457,44.864],[-65.45,44.868],[-65.443,44.871],[-65.435,44.875],[-65.427,44.878],[-65.424,44.88],[-65.42,44.882],[-65.415,44.884],[-65.411,44.886],[-65.406,44.887],[-65.403,44.888],[-65.399,44.89],[-65.396,44.892],[-65.391,44.895],[-65.386,44.898],[-65.381,44.901],[-65.378,44.902],[-65.374,44.904],[-65.37,44.907],[-65.366,44.909],[-65.363,44.91],[-65.354,44.914],[-65.347,44.917],[-65.343,44.919],[-65.34,44.92],[-65.335,44.922],[-65.332,44.923],[-65.33,44.922],[-65.328,44.922],[-65.326,44.922],[-65.324,44.922],[-65.321,44.922],[-65.319,44.922],[-65.318,44.923],[-65.316,44.924],[-65.315,44.925],[-65.312,44.927],[-65.311,44.928],[-65.31,44.929],[-65.309,44.931],[-65.309,44.933],[-65.307,44.935],[-65.306,44.937],[-65.304,44.938],[-65.302,44.939],[-65.299,44.941],[-65.292,44.945],[-65.287,44.947],[-65.283,44.949],[-65.279,44.951],[-65.274,44.953],[-65.272,44.954],[-65.269,44.956],[-65.266,44.956],[-65.263,44.957],[-65.26,44.957],[-65.257,44.958],[-65.253,44.958],[-65.251,44.959],[-65.249,44.959],[-65.247,44.96],[-65.24,44.964],[-65.237,44.965],[-65.235,44.966],[-65.232,44.968],[-65.23,44.97],[-65.227,44.971],[-65.225,44.973],[-65.222,44.976],[-65.218,44.98],[-65.216,44.982],[-65.215,44.983],[-65.213,44.984],[-65.212,44.985],[-65.21,44.986],[-65.208,44.986],[-65.205,44.987],[-65.203,44.987],[-65.201,44.988],[-65.2,44.988],[-65.199,44.989],[-65.197,44.991],[-65.195,44.993],[-65.193,44.994],[-65.192,44.995],[-65.189,44.995],[-65.187,44.996],[-65.184,44.999],[-65.178,45.002],[-65.171,45.005],[-65.164,45.008],[-65.161,45.009],[-65.158,45.01],[-65.153,45.011],[-65.149,45.011],[-65.146,45.011],[-65.144,45.012],[-65.142,45.012],[-65.14,45.013],[-65.137,45.014],[-65.134,45.015],[-65.131,45.016],[-65.128,45.018],[-65.126,45.019],[-65.124,45.02],[-65.12,45.021],[-65.116,45.022],[-65.112,45.023],[-65.111,45.024],[-65.105,45.026],[-65.102,45.027],[-65.099,45.028],[-65.097,45.029],[-65.093,45.031],[-65.089,45.032],[-65.088,45.033],[-65.086,45.034],[-65.084,45.035],[-65.083,45.036],[-65.082,45.037],[-65.079,45.041],[-65.077,45.043],[-65.073,45.047],[-65.07,45.051],[-65.069,45.052],[-65.066,45.053],[-65.064,45.053],[-65.062,45.053],[-65.059,45.053],[-65.056,45.053],[-65.054,45.054],[-65.052,45.054],[-65.047,45.056],[-65.045,45.057],[-65.042,45.059],[-65.039,45.06],[-65.033,45.063],[-65.027,45.067],[-65.022,45.07],[-65.017,45.072],[-65.01,45.075],[-65.006,45.076],[-65.002,45.078],[-64.999,45.08],[-64.994,45.082],[-64.991,45.083],[-64.986,45.086],[-64.982,45.087],[-64.98,45.088],[-64.979,45.089],[-64.977,45.09],[-64.976,45.091],[-64.975,45.093],[-64.972,45.095],[-64.97,45.096],[-64.968,45.097],[-64.954,45.106],[-64.952,45.107],[-64.95,45.107],[-64.949,45.108],[-64.946,45.108],[-64.944,45.108],[-64.941,45.108],[-64.939,45.108],[-64.935,45.109],[-64.933,45.109],[-64.93,45.11],[-64.928,45.111],[-64.926,45.113],[-64.923,45.114],[-64.921,45.115],[-64.919,45.116],[-64.917,45.117],[-64.914,45.118],[-64.911,45.12],[-64.908,45.121],[-64.905,45.123],[-64.9,45.126],[-64.897,45.127],[-64.895,45.128],[-64.891,45.129],[-64.889,45.131],[-64.886,45.132],[-64.884,45.133],[-64.883,45.134],[-64.88,45.135],[-64.877,45.136],[-64.875,45.137],[-64.873,45.138],[-64.872,45.138],[-64.869,45.14],[-64.868,45.14],[-64.866,45.141],[-64.864,45.141],[-64.862,45.141],[-64.861,45.142],[-64.859,45.142],[-64.858,45.143],[-64.855,45.144],[-64.851,45.145],[-64.848,45.146],[-64.844,45.147],[-64.842,45.148],[-64.839,45.15],[-64.837,45.151],[-64.832,45.154],[-64.83,45.155],[-64.827,45.155],[-64.825,45.155],[-64.822,45.155],[-64.82,45.155],[-64.818,45.156],[-64.813,45.157],[-64.81,45.158],[-64.806,45.158],[-64.802,45.158],[-64.799,45.159],[-64.796,45.161],[-64.791,45.163],[-64.788,45.165],[-64.785,45.166],[-64.781,45.167],[-64.778,45.168],[-64.776,45.169],[-64.775,45.17],[-64.773,45.171],[-64.77,45.173],[-64.769,45.174],[-64.766,45.175],[-64.764,45.175],[-64.761,45.176],[-64.759,45.176],[-64.756,45.176],[-64.754,45.176],[-64.751,45.176],[-64.749,45.177],[-64.746,45.177],[-64.743,45.178],[-64.739,45.179],[-64.736,45.179],[-64.733,45.18],[-64.73,45.18],[-64.726,45.18],[-64.724,45.181],[-64.721,45.181],[-64.718,45.182],[-64.716,45.183],[-64.714,45.184],[-64.712,45.185],[-64.71,45.185],[-64.707,45.186],[-64.705,45.186],[-64.7,45.186],[-64.697,45.186],[-64.695,45.187],[-64.692,45.188],[-64.69,45.188],[-64.687,45.189],[-64.685,45.19],[-64.683,45.19],[-64.68,45.191],[-64.676,45.191],[-64.671,45.192],[-64.666,45.193],[-64.664,45.194],[-64.661,45.195],[-64.658,45.196],[-64.655,45.199],[-64.652,45.201],[-64.648,45.202],[-64.644,45.203],[-64.641,45.204],[-64.637,45.204],[-64.634,45.205],[-64.631,45.205],[-64.628,45.206],[-64.626,45.206],[-64.622,45.208],[-64.621,45.208],[-64.619,45.208],[-64.617,45.208],[-64.615,45.208],[-64.613,45.208],[-64.611,45.207],[-64.61,45.207],[-64.606,45.207],[-64.604,45.207],[-64.602,45.207],[-64.599,45.208],[-64.597,45.209],[-64.595,45.21],[-64.592,45.212],[-64.59,45.213],[-64.588,45.214],[-64.584,45.214],[-64.583,45.215],[-64.579,45.215],[-64.575,45.216],[-64.571,45.216],[-64.569,45.217],[-64.566,45.217],[-64.564,45.218],[-64.561,45.219],[-64.559,45.22],[-64.557,45.221],[-64.554,45.224],[-64.552,45.224],[-64.548,45.226],[-64.546,45.227],[-64.543,45.228],[-64.54,45.229],[-64.536,45.23],[-64.528,45.232],[-64.509,45.237],[-64.498,45.241],[-64.494,45.242],[-64.488,45.243],[-64.482,45.244],[-64.476,45.245],[-64.473,45.245],[-64.47,45.246],[-64.468,45.246],[-64.465,45.248],[-64.462,45.249],[-64.46,45.25],[-64.458,45.251],[-64.457,45.252],[-64.455,45.253],[-64.453,45.253],[-64.451,45.253],[-64.45,45.254],[-64.449,45.254],[-64.448,45.255],[-64.447,45.256],[-64.446,45.257],[-64.444,45.258],[-64.442,45.26],[-64.439,45.26],[-64.437,45.261],[-64.423,45.27],[-64.421,45.271],[-64.419,45.272],[-64.415,45.273],[-64.414,45.274],[-64.408,45.28],[-64.406,45.281],[-64.404,45.283],[-64.404,45.285],[-64.403,45.286],[-64.403,45.287],[-64.404,45.291],[-64.405,45.294],[-64.406,45.299],[-64.406,45.3],[-64.407,45.302],[-64.408,45.303],[-64.41,45.305],[-64.411,45.306],[-64.413,45.307],[-64.415,45.307],[-64.417,45.308],[-64.421,45.309],[-64.425,45.309],[-64.428,45.31],[-64.431,45.31],[-64.436,45.31],[-64.439,45.31],[-64.441,45.311],[-64.444,45.311],[-64.446,45.312],[-64.449,45.312],[-64.452,45.313],[-64.454,45.313],[-64.46,45.314],[-64.463,45.314],[-64.466,45.315],[-64.469,45.316],[-64.474,45.317],[-64.48,45.319],[-64.485,45.32],[-64.489,45.322],[-64.494,45.323],[-64.496,45.324],[-64.498,45.325],[-64.499,45.326],[-64.501,45.327],[-64.502,45.329],[-64.502,45.331],[-64.503,45.333],[-64.503,45.334],[-64.504,45.337],[-64.503,45.337],[-64.503,45.338],[-64.502,45.339],[-64.5,45.339],[-64.497,45.339],[-64.495,45.339],[-64.492,45.338],[-64.489,45.337],[-64.485,45.336],[-64.479,45.335],[-64.473,45.334],[-64.467,45.333],[-64.463,45.332],[-64.46,45.332],[-64.456,45.331],[-64.453,45.331],[-64.449,45.331],[-64.446,45.331],[-64.441,45.331],[-64.437,45.33],[-64.434,45.33],[-64.43,45.329],[-64.425,45.328],[-64.422,45.327],[-64.418,45.326],[-64.414,45.326],[-64.408,45.326],[-64.402,45.326],[-64.395,45.326],[-64.394,45.325],[-64.391,45.325],[-64.388,45.325],[-64.384,45.324],[-64.381,45.323],[-64.378,45.322],[-64.372,45.321],[-64.368,45.32],[-64.364,45.318],[-64.361,45.316],[-64.357,45.314],[-64.351,45.311],[-64.348,45.309],[-64.343,45.307],[-64.341,45.306],[-64.339,45.305],[-64.335,45.304],[-64.334,45.304],[-64.332,45.303],[-64.33,45.302],[-64.328,45.3],[-64.327,45.299],[-64.325,45.296],[-64.324,45.293],[-64.323,45.291],[-64.322,45.288],[-64.322,45.286],[-64.321,45.282],[-64.321,45.28],[-64.321,45.277],[-64.322,45.275],[-64.322,45.273],[-64.323,45.271],[-64.324,45.269],[-64.325,45.266],[-64.327,45.264],[-64.328,45.263],[-64.33,45.261],[-64.332,45.26],[-64.333,45.259],[-64.335,45.258],[-64.338,45.257],[-64.34,45.256],[-64.342,45.256],[-64.344,45.255],[-64.346,45.253],[-64.347,45.252],[-64.348,45.249],[-64.349,45.248],[-64.349,45.245],[-64.35,45.243],[-64.35,45.241],[-64.35,45.239],[-64.349,45.236],[-64.349,45.235],[-64.349,45.233],[-64.35,45.231],[-64.351,45.229],[-64.352,45.227],[-64.353,45.225],[-64.354,45.224],[-64.354,45.223],[-64.354,45.222],[-64.354,45.22],[-64.355,45.218],[-64.356,45.216],[-64.358,45.214],[-64.36,45.212],[-64.362,45.21],[-64.364,45.209],[-64.367,45.207],[-64.368,45.206],[-64.368,45.205],[-64.369,45.203],[-64.368,45.202],[-64.364,45.202],[-64.36,45.201],[-64.358,45.2],[-64.355,45.198],[-64.354,45.198],[-64.353,45.196],[-64.352,45.195],[-64.351,45.193],[-64.351,45.191],[-64.35,45.19],[-64.35,45.187],[-64.35,45.186],[-64.352,45.184],[-64.353,45.181],[-64.353,45.18],[-64.353,45.179],[-64.352,45.179],[-64.351,45.177],[-64.35,45.176],[-64.349,45.175],[-64.348,45.172],[-64.347,45.171],[-64.346,45.17],[-64.346,45.169],[-64.345,45.168],[-64.345,45.166],[-64.345,45.164],[-64.346,45.164],[-64.347,45.162],[-64.348,45.161],[-64.35,45.16],[-64.351,45.159],[-64.352,45.158],[-64.353,45.156],[-64.355,45.155],[-64.356,45.154],[-64.358,45.153],[-64.361,45.152],[-64.363,45.151],[-64.365,45.151],[-64.367,45.151],[-64.371,45.151],[-64.373,45.15],[-64.376,45.149],[-64.376,45.148],[-64.375,45.145],[-64.374,45.143],[-64.373,45.139],[-64.373,45.138],[-64.374,45.136],[-64.374,45.135],[-64.375,45.134],[-64.375,45.132],[-64.375,45.13],[-64.376,45.129],[-64.376,45.128],[-64.377,45.127],[-64.38,45.126],[-64.38,45.125],[-64.379,45.125],[-64.378,45.125],[-64.375,45.126],[-64.374,45.126],[-64.372,45.127],[-64.37,45.127],[-64.367,45.129],[-64.365,45.129],[-64.364,45.129],[-64.363,45.128],[-64.363,45.127],[-64.363,45.126],[-64.363,45.123],[-64.363,45.121],[-64.362,45.117],[-64.362,45.115],[-64.361,45.113],[-64.36,45.112],[-64.358,45.111],[-64.357,45.11],[-64.355,45.109],[-64.354,45.108],[-64.353,45.107],[-64.353,45.106],[-64.352,45.105],[-64.35,45.104],[-64.349,45.105],[-64.347,45.105],[-64.345,45.106],[-64.344,45.107],[-64.344,45.108],[-64.344,45.111],[-64.343,45.114],[-64.343,45.115],[-64.344,45.117],[-64.344,45.12],[-64.344,45.123],[-64.344,45.124],[-64.344,45.127],[-64.343,45.129],[-64.342,45.131],[-64.34,45.133],[-64.338,45.136],[-64.337,45.137],[-64.335,45.138],[-64.333,45.139],[-64.33,45.139],[-64.328,45.14],[-64.326,45.141],[-64.322,45.142],[-64.32,45.142],[-64.317,45.142],[-64.315,45.142],[-64.312,45.142],[-64.308,45.142],[-64.305,45.142],[-64.302,45.141],[-64.299,45.141],[-64.297,45.141],[-64.295,45.141],[-64.292,45.141],[-64.29,45.141],[-64.286,45.141],[-64.285,45.141],[-64.283,45.141],[-64.282,45.142],[-64.278,45.133],[-64.276,45.12],[-64.275,45.115],[-64.274,45.111],[-64.274,45.11],[-64.276,45.108],[-64.277,45.106],[-64.275,45.105],[-64.273,45.106],[-64.27,45.107],[-64.269,45.106],[-64.269,45.105],[-64.27,45.104],[-64.27,45.102],[-64.27,45.101],[-64.264,45.1],[-64.26,45.1],[-64.258,45.1],[-64.257,45.101],[-64.257,45.102],[-64.257,45.103],[-64.254,45.103],[-64.252,45.104],[-64.247,45.107],[-64.243,45.102],[-64.242,45.101],[-64.242,45.1],[-64.24,45.098],[-64.239,45.097],[-64.237,45.096],[-64.237,45.095],[-64.237,45.094],[-64.237,45.093],[-64.238,45.092],[-64.238,45.091],[-64.238,45.089],[-64.237,45.088],[-64.239,45.086],[-64.238,45.086],[-64.233,45.079],[-64.231,45.076],[-64.23,45.075],[-64.228,45.074],[-64.221,45.071],[-64.221,45.07],[-64.211,45.065],[-64.208,45.064],[-64.199,45.058],[-64.202,45.056],[-64.204,45.055],[-64.209,45.051],[-64.224,45.041],[-64.226,45.04],[-64.227,45.039],[-64.229,45.038],[-64.23,45.036],[-64.233,45.035],[-64.237,45.032],[-64.244,45.028],[-64.25,45.023],[-64.257,45.018],[-64.261,45.016],[-64.264,45.013],[-64.268,45.011],[-64.281,45.002],[-64.286,44.998],[-64.296,44.992],[-64.31,44.982],[-64.322,44.974],[-64.327,44.971],[-64.335,44.965],[-64.354,44.952],[-64.359,44.949],[-64.389,44.929],[-64.395,44.924],[-64.404,44.919],[-64.406,44.917],[-64.408,44.915],[-64.41,44.914],[-64.424,44.905],[-64.432,44.899],[-64.416,44.888],[-64.382,44.864],[-64.349,44.841],[-64.329,44.826],[-64.302,44.807],[-64.287,44.796],[-64.261,44.778],[-64.241,44.763],[-64.237,44.761],[-64.203,44.736],[-64.159,44.704],[-64.141,44.692],[-64.107,44.667],[-64.081,44.648],[-64.076,44.645],[-64.072,44.641],[-64.067,44.638],[-64.064,44.638],[-64.063,44.638],[-64.061,44.639],[-64.059,44.64],[-64.055,44.642],[-64.054,44.643],[-64.054,44.642],[-64.053,44.642],[-64.051,44.643],[-64.05,44.644],[-64.048,44.644],[-64.047,44.644],[-64.044,44.644],[-64.041,44.643],[-64.04,44.642],[-64.038,44.642],[-64.032,44.639],[-64.03,44.638],[-64.029,44.637],[-64.028,44.636],[-64.027,44.635],[-64.026,44.635],[-64.021,44.637],[-64.019,44.638],[-64.017,44.639],[-64.015,44.64],[-64.014,44.642],[-64.013,44.643],[-64.012,44.643],[-64.009,44.643],[-64.005,44.643],[-64.004,44.644],[-64.001,44.647],[-64,44.651],[-64,44.649],[-63.999,44.625]]]}}]}