{"type":"FeatureCollection","features":[{"type":"Feature","properties":{"HR_UID":"3526","ENGNAME":"Algoma Public Health"},"geometry":{"type":"MultiPolygon","coordinates":[[[[-82.335,46.073],[-82.329,46.074],[-82.329,46.071],[-82.331,46.064],[-82.329,46.063],[-82.328,46.059],[-82.325,46.058],[-82.325,46.055],[-82.333,46.058],[-82.336,46.054],[-82.34,46.05],[-82.342,46.046],[-82.345,46.042],[-82.357,46.044],[-82.361,46.042],[-82.362,46.044],[-82.352,46.051],[-82.352,46.053],[-82.349,46.055],[-82.346,46.054],[-82.342,46.057],[-82.348,46.06],[-82.346,46.061],[-82.348,46.068],[-82.344,46.076],[-82.338,46.077],[-82.335,46.073]]],[[[-82.389,46.074],[-82.387,46.071],[-82.392,46.068],[-82.398,46.065],[-82.401,46.066],[-82.403,46.062],[-82.407,46.063],[-82.409,46.062],[-82.413,46.064],[-82.421,46.065],[-82.423,46.067],[-82.433,46.07],[-82.431,46.073],[-82.427,46.075],[-82.422,46.081],[-82.409,46.084],[-82.398,46.089],[-82.394,46.09],[-82.392,46.088],[-82.39,46.084],[-82.391,46.079],[-82.391,46.075],[-82.389,46.074]]],[[[-82.148,46.063],[-82.141,46.058],[-82.144,46.053],[-82.14,46.051],[-82.136,46.05],[-82.125,46.049],[-82.116,46.05],[-82.115,46.044],[-82.121,46.045],[-82.123,46.042],[-82.128,46.042],[-82.133,46.041],[-82.132,46.038],[-82.136,46.038],[-82.141,46.035],[-82.144,46.035],[-82.151,46.033],[-82.154,46.032],[-82.159,46.033],[-82.159,46.034],[-82.158,46.038],[-82.162,46.042],[-82.169,46.039],[-82.174,46.043],[-82.174,46.046],[-82.166,46.056],[-82.16,46.063],[-82.151,46.064],[-82.148,46.063]]],[[[-82.982,46.18],[-82.977,46.18],[-82.972,46.178],[-82.97,46.175],[-82.968,46.172],[-82.977,46.171],[-82.985,46.172],[-82.989,46.171],[-82.992,46.172],[-82.996,46.172],[-83.008,46.168],[-83.011,46.169],[-83.012,46.172],[-83.016,46.176],[-83.01,46.178],[-82.997,46.181],[-82.991,46.181],[-82.982,46.18]]],[[[-82.306,46.121],[-82.302,46.12],[-82.296,46.117],[-82.295,46.115],[-82.304,46.11],[-82.298,46.108],[-82.29,46.111],[-82.283,46.111],[-82.276,46.109],[-82.27,46.108],[-82.266,46.106],[-82.272,46.105],[-82.273,46.102],[-82.277,46.103],[-82.284,46.103],[-82.295,46.099],[-82.298,46.101],[-82.3,46.1],[-82.306,46.1],[-82.307,46.103],[-82.311,46.108],[-82.308,46.108],[-82.307,46.111],[-82.314,46.116],[-82.314,46.12],[-82.306,46.121]]],[[[-82.57,46.152],[-82.569,46.15],[-82.56,46.15],[-82.558,46.148],[-82.56,46.146],[-82.56,46.143],[-82.552,46.141],[-82.544,46.136],[-82.547,46.135],[-82.555,46.136],[-82.561,46.137],[-82.564,46.137],[-82.565,46.134],[-82.57,46.133],[-82.574,46.134],[-82.582,46.132],[-82.589,46.132],[-82.593,46.132],[-82.598,46.132],[-82.609,46.134],[-82.614,46.139],[-82.63,46.141],[-82.628,46.145],[-82.62,46.146],[-82.621,46.148],[-82.615,46.149],[-82.612,46.149],[-82.607,46.15],[-82.603,46.148],[-82.597,46.151],[-82.589,46.152],[-82.584,46.151],[-82.582,46.153],[-82.574,46.151],[-82.57,46.152]]],[[[-82.227,46.12],[-82.215,46.117],[-82.213,46.115],[-82.209,46.115],[-82.207,46.111],[-82.204,46.111],[-82.197,46.108],[-82.2,46.107],[-82.206,46.11],[-82.211,46.11],[-82.213,46.111],[-82.217,46.111],[-82.222,46.112],[-82.225,46.111],[-82.236,46.108],[-82.241,46.106],[-82.242,46.11],[-82.245,46.114],[-82.241,46.116],[-82.242,46.118],[-82.227,46.12]]],[[[-82.376,46.149],[-82.364,46.14],[-82.365,46.137],[-82.369,46.137],[-82.372,46.134],[-82.375,46.133],[-82.384,46.134],[-82.391,46.132],[-82.394,46.129],[-82.401,46.134],[-82.409,46.134],[-82.411,46.132],[-82.418,46.131],[-82.428,46.13],[-82.431,46.128],[-82.436,46.128],[-82.435,46.125],[-82.444,46.124],[-82.443,46.127],[-82.445,46.129],[-82.449,46.13],[-82.455,46.129],[-82.461,46.13],[-82.462,46.129],[-82.469,46.13],[-82.476,46.13],[-82.479,46.132],[-82.48,46.135],[-82.488,46.135],[-82.493,46.137],[-82.501,46.138],[-82.503,46.134],[-82.509,46.135],[-82.511,46.138],[-82.5,46.141],[-82.497,46.143],[-82.495,46.142],[-82.487,46.144],[-82.482,46.143],[-82.483,46.141],[-82.48,46.14],[-82.475,46.14],[-82.472,46.139],[-82.466,46.14],[-82.463,46.137],[-82.459,46.139],[-82.45,46.14],[-82.436,46.141],[-82.435,46.143],[-82.427,46.144],[-82.424,46.143],[-82.417,46.143],[-82.41,46.144],[-82.398,46.144],[-82.39,46.147],[-82.386,46.145],[-82.378,46.145],[-82.376,46.149]]],[[[-82.268,46.141],[-82.261,46.14],[-82.264,46.138],[-82.261,46.136],[-82.25,46.137],[-82.249,46.134],[-82.25,46.133],[-82.242,46.131],[-82.239,46.132],[-82.241,46.135],[-82.234,46.135],[-82.234,46.137],[-82.228,46.136],[-82.229,46.133],[-82.224,46.131],[-82.227,46.128],[-82.225,46.126],[-82.233,46.128],[-82.239,46.129],[-82.243,46.126],[-82.25,46.128],[-82.25,46.13],[-82.254,46.131],[-82.255,46.134],[-82.26,46.132],[-82.265,46.133],[-82.27,46.135],[-82.28,46.137],[-82.276,46.139],[-82.272,46.138],[-82.272,46.142],[-82.268,46.141]]],[[[-83.946,46.318],[-83.941,46.318],[-83.932,46.316],[-83.929,46.312],[-83.93,46.311],[-83.924,46.308],[-83.921,46.303],[-83.93,46.302],[-83.939,46.298],[-83.946,46.291],[-83.949,46.293],[-83.956,46.288],[-83.955,46.287],[-83.949,46.286],[-83.941,46.289],[-83.934,46.295],[-83.929,46.298],[-83.924,46.296],[-83.922,46.292],[-83.917,46.286],[-83.912,46.281],[-83.906,46.277],[-83.899,46.269],[-83.894,46.262],[-83.89,46.26],[-83.886,46.257],[-83.881,46.255],[-83.877,46.254],[-83.871,46.256],[-83.868,46.255],[-83.865,46.257],[-83.865,46.26],[-83.85,46.264],[-83.84,46.265],[-83.836,46.261],[-83.835,46.256],[-83.833,46.252],[-83.835,46.251],[-83.84,46.252],[-83.844,46.248],[-83.841,46.246],[-83.84,46.243],[-83.841,46.238],[-83.835,46.235],[-83.828,46.235],[-83.824,46.235],[-83.817,46.23],[-83.813,46.222],[-83.81,46.218],[-83.803,46.22],[-83.796,46.227],[-83.791,46.229],[-83.784,46.229],[-83.781,46.228],[-83.778,46.223],[-83.778,46.221],[-83.775,46.219],[-83.773,46.214],[-83.778,46.21],[-83.783,46.21],[-83.794,46.205],[-83.799,46.201],[-83.802,46.204],[-83.806,46.201],[-83.805,46.198],[-83.8,46.198],[-83.796,46.194],[-83.793,46.188],[-83.789,46.186],[-83.787,46.184],[-83.789,46.18],[-83.794,46.18],[-83.794,46.177],[-83.797,46.175],[-83.797,46.17],[-83.799,46.167],[-83.802,46.168],[-83.807,46.165],[-83.812,46.169],[-83.818,46.169],[-83.82,46.166],[-83.819,46.164],[-83.812,46.161],[-83.813,46.156],[-83.816,46.156],[-83.814,46.149],[-83.809,46.145],[-83.811,46.139],[-83.814,46.14],[-83.823,46.148],[-83.828,46.154],[-83.829,46.154],[-83.826,46.148],[-83.823,46.144],[-83.82,46.142],[-83.816,46.134],[-83.814,46.133],[-83.815,46.13],[-83.818,46.133],[-83.824,46.135],[-83.828,46.138],[-83.833,46.136],[-83.837,46.136],[-83.839,46.138],[-83.845,46.14],[-83.848,46.144],[-83.851,46.144],[-83.856,46.147],[-83.857,46.15],[-83.859,46.155],[-83.863,46.155],[-83.874,46.16],[-83.88,46.157],[-83.881,46.154],[-83.886,46.155],[-83.889,46.153],[-83.893,46.151],[-83.891,46.145],[-83.889,46.142],[-83.885,46.139],[-83.879,46.136],[-83.878,46.132],[-83.886,46.127],[-83.891,46.12],[-83.893,46.116],[-83.893,46.108],[-83.897,46.103],[-83.892,46.099],[-83.888,46.1],[-83.884,46.103],[-83.879,46.1],[-83.876,46.095],[-83.878,46.093],[-83.889,46.094],[-83.891,46.088],[-83.891,46.084],[-83.9,46.083],[-83.906,46.081],[-83.908,46.078],[-83.913,46.077],[-83.913,46.074],[-83.917,46.07],[-83.921,46.072],[-83.927,46.071],[-83.927,46.068],[-83.929,46.066],[-83.932,46.068],[-83.936,46.069],[-83.939,46.067],[-83.944,46.065],[-83.945,46.062],[-83.949,46.063],[-83.947,46.066],[-83.948,46.068],[-83.954,46.072],[-83.954,46.075],[-83.953,46.078],[-83.955,46.081],[-83.949,46.087],[-83.949,46.091],[-83.952,46.093],[-83.957,46.092],[-83.96,46.103],[-83.963,46.105],[-83.969,46.106],[-83.974,46.111],[-83.976,46.111],[-83.983,46.113],[-83.982,46.115],[-83.976,46.116],[-83.975,46.117],[-83.981,46.122],[-83.984,46.122],[-83.989,46.12],[-83.991,46.123],[-83.997,46.125],[-84,46.127],[-83.994,46.131],[-83.99,46.128],[-83.987,46.131],[-83.983,46.132],[-83.981,46.134],[-83.983,46.138],[-83.986,46.141],[-83.991,46.141],[-83.995,46.146],[-83.994,46.152],[-84,46.157],[-84.005,46.159],[-84.013,46.161],[-84.015,46.163],[-84.021,46.167],[-84.025,46.167],[-84.029,46.169],[-84.03,46.171],[-84.039,46.175],[-84.044,46.176],[-84.047,46.178],[-84.056,46.18],[-84.057,46.182],[-84.062,46.184],[-84.061,46.185],[-84.071,46.192],[-84.071,46.196],[-84.078,46.205],[-84.077,46.209],[-84.076,46.215],[-84.08,46.218],[-84.079,46.222],[-84.081,46.225],[-84.085,46.228],[-84.088,46.228],[-84.094,46.229],[-84.096,46.231],[-84.098,46.236],[-84.104,46.239],[-84.099,46.25],[-84.095,46.256],[-84.097,46.259],[-84.104,46.267],[-84.105,46.269],[-84.11,46.271],[-84.11,46.274],[-84.11,46.279],[-84.109,46.281],[-84.107,46.287],[-84.109,46.294],[-84.11,46.304],[-84.11,46.307],[-84.114,46.309],[-84.115,46.313],[-84.113,46.315],[-84.104,46.317],[-84.097,46.317],[-84.093,46.315],[-84.089,46.315],[-84.086,46.313],[-84.081,46.313],[-84.083,46.307],[-84.082,46.304],[-84.079,46.302],[-84.079,46.3],[-84.074,46.296],[-84.067,46.294],[-84.064,46.291],[-84.057,46.289],[-84.049,46.288],[-84.044,46.29],[-84.042,46.292],[-84.037,46.293],[-84.031,46.292],[-84.026,46.294],[-84.017,46.299],[-84.013,46.298],[-84.002,46.301],[-84.001,46.303],[-83.992,46.307],[-83.993,46.311],[-83.991,46.312],[-83.988,46.311],[-83.983,46.311],[-83.981,46.309],[-83.977,46.31],[-83.968,46.305],[-83.964,46.299],[-83.961,46.297],[-83.96,46.308],[-83.958,46.312],[-83.955,46.313],[-83.954,46.315],[-83.949,46.319],[-83.946,46.318]]],[[[-84.112,46.355],[-84.109,46.346],[-84.105,46.348],[-84.101,46.341],[-84.102,46.337],[-84.107,46.34],[-84.108,46.338],[-84.111,46.338],[-84.118,46.341],[-84.122,46.346],[-84.123,46.351],[-84.122,46.353],[-84.116,46.354],[-84.112,46.355]]],[[[-84.728,46.719],[-84.723,46.713],[-84.72,46.709],[-84.717,46.706],[-84.713,46.699],[-84.713,46.691],[-84.717,46.688],[-84.719,46.686],[-84.721,46.68],[-84.72,46.677],[-84.718,46.675],[-84.715,46.669],[-84.712,46.666],[-84.712,46.662],[-84.714,46.66],[-84.71,46.657],[-84.706,46.655],[-84.706,46.653],[-84.711,46.647],[-84.718,46.645],[-84.724,46.645],[-84.729,46.651],[-84.731,46.652],[-84.733,46.66],[-84.737,46.668],[-84.738,46.674],[-84.737,46.679],[-84.738,46.683],[-84.741,46.684],[-84.742,46.69],[-84.741,46.697],[-84.742,46.701],[-84.741,46.704],[-84.741,46.71],[-84.74,46.715],[-84.735,46.719],[-84.73,46.72],[-84.728,46.719]]],[[[-84.512,46.914],[-84.506,46.912],[-84.505,46.906],[-84.502,46.901],[-84.496,46.896],[-84.489,46.891],[-84.479,46.888],[-84.473,46.888],[-84.465,46.89],[-84.461,46.889],[-84.459,46.893],[-84.462,46.896],[-84.457,46.896],[-84.452,46.898],[-84.446,46.895],[-84.443,46.89],[-84.435,46.89],[-84.431,46.891],[-84.428,46.889],[-84.428,46.886],[-84.432,46.886],[-84.435,46.884],[-84.438,46.881],[-84.444,46.881],[-84.448,46.877],[-84.455,46.878],[-84.456,46.876],[-84.46,46.876],[-84.459,46.88],[-84.463,46.883],[-84.463,46.885],[-84.469,46.888],[-84.478,46.886],[-84.487,46.884],[-84.491,46.883],[-84.502,46.881],[-84.51,46.878],[-84.516,46.873],[-84.517,46.871],[-84.524,46.864],[-84.527,46.864],[-84.531,46.866],[-84.537,46.867],[-84.544,46.87],[-84.547,46.873],[-84.55,46.877],[-84.548,46.879],[-84.549,46.884],[-84.547,46.886],[-84.548,46.896],[-84.541,46.903],[-84.532,46.909],[-84.525,46.913],[-84.521,46.916],[-84.518,46.915],[-84.514,46.916],[-84.512,46.914]]],[[[-84.745,47.326],[-84.735,47.324],[-84.73,47.325],[-84.725,47.323],[-84.72,47.323],[-84.715,47.32],[-84.718,47.319],[-84.722,47.313],[-84.722,47.308],[-84.727,47.301],[-84.73,47.299],[-84.736,47.298],[-84.744,47.298],[-84.755,47.301],[-84.756,47.312],[-84.758,47.317],[-84.759,47.324],[-84.756,47.325],[-84.749,47.326],[-84.745,47.326]]],[[[-84.928,47.47],[-84.918,47.466],[-84.913,47.462],[-84.915,47.456],[-84.919,47.452],[-84.927,47.444],[-84.934,47.442],[-84.935,47.439],[-84.942,47.439],[-84.946,47.439],[-84.947,47.446],[-84.949,47.449],[-84.947,47.45],[-84.948,47.454],[-84.947,47.457],[-84.944,47.461],[-84.938,47.464],[-84.933,47.467],[-84.932,47.469],[-84.928,47.47]]],[[[-82.641,48.451],[-82.737,48.45],[-82.855,48.451],[-82.855,48.45],[-82.929,48.45],[-82.961,48.45],[-83.071,48.45],[-83.147,48.45],[-83.29,48.45],[-83.386,48.45],[-83.476,48.449],[-83.59,48.449],[-83.715,48.449],[-83.76,48.45],[-83.909,48.45],[-84.015,48.45],[-84.015,48.357],[-84.016,48.343],[-84.015,48.341],[-84.015,48.305],[-84.015,48.257],[-84.016,48.192],[-84.015,48.144],[-84.015,48.122],[-84.015,48.062],[-84.014,47.992],[-84.016,47.934],[-83.974,47.934],[-83.974,47.898],[-83.973,47.881],[-83.974,47.842],[-83.973,47.78],[-83.974,47.745],[-83.974,47.653],[-83.974,47.56],[-83.974,47.496],[-83.974,47.478],[-83.974,47.459],[-83.974,47.369],[-83.975,47.261],[-83.975,47.236],[-83.84,47.235],[-83.787,47.235],[-83.665,47.236],[-83.576,47.236],[-83.432,47.236],[-83.275,47.236],[-83.211,47.236],[-83.117,47.236],[-83.034,47.236],[-82.93,47.236],[-82.852,47.236],[-82.761,47.236],[-82.635,47.236],[-82.577,47.236],[-82.578,47.181],[-82.579,47.119],[-82.578,47.015],[-82.579,46.977],[-82.43,46.977],[-82.318,46.978],[-82.243,46.979],[-82.227,46.977],[-82.163,46.977],[-82.088,46.977],[-81.981,46.976],[-81.95,46.976],[-81.949,46.889],[-81.949,46.823],[-81.948,46.765],[-81.947,46.724],[-81.947,46.71],[-81.947,46.702],[-81.946,46.662],[-81.945,46.625],[-82.069,46.625],[-82.069,46.61],[-82.068,46.541],[-82.068,46.449],[-82.068,46.367],[-82.173,46.367],[-82.193,46.367],[-82.192,46.359],[-82.193,46.346],[-82.193,46.325],[-82.192,46.278],[-82.235,46.277],[-82.254,46.278],[-82.313,46.278],[-82.313,46.252],[-82.312,46.24],[-82.313,46.229],[-82.311,46.202],[-82.313,46.186],[-82.303,46.184],[-82.296,46.185],[-82.275,46.188],[-82.263,46.188],[-82.256,46.189],[-82.236,46.186],[-82.216,46.178],[-82.206,46.176],[-82.199,46.177],[-82.194,46.179],[-82.191,46.179],[-82.173,46.177],[-82.163,46.177],[-82.151,46.174],[-82.126,46.172],[-82.122,46.172],[-82.119,46.173],[-82.114,46.174],[-82.107,46.171],[-82.097,46.171],[-82.097,46.184],[-82.057,46.177],[-82.057,46.164],[-82.056,46.152],[-82.056,46.124],[-82.056,46.101],[-82.063,46.105],[-82.062,46.108],[-82.067,46.11],[-82.078,46.11],[-82.083,46.11],[-82.088,46.107],[-82.09,46.109],[-82.096,46.11],[-82.097,46.107],[-82.102,46.107],[-82.109,46.109],[-82.119,46.112],[-82.125,46.112],[-82.132,46.112],[-82.134,46.115],[-82.145,46.113],[-82.148,46.108],[-82.144,46.106],[-82.144,46.104],[-82.139,46.104],[-82.137,46.1],[-82.15,46.1],[-82.152,46.101],[-82.15,46.108],[-82.148,46.11],[-82.152,46.112],[-82.15,46.113],[-82.15,46.116],[-82.154,46.117],[-82.159,46.117],[-82.162,46.115],[-82.166,46.115],[-82.167,46.113],[-82.166,46.11],[-82.173,46.112],[-82.171,46.115],[-82.176,46.115],[-82.179,46.116],[-82.184,46.117],[-82.187,46.119],[-82.19,46.12],[-82.191,46.123],[-82.196,46.124],[-82.194,46.127],[-82.191,46.128],[-82.191,46.131],[-82.195,46.132],[-82.202,46.135],[-82.204,46.137],[-82.213,46.141],[-82.218,46.14],[-82.216,46.137],[-82.212,46.139],[-82.205,46.134],[-82.199,46.133],[-82.196,46.13],[-82.201,46.129],[-82.209,46.132],[-82.217,46.136],[-82.222,46.137],[-82.225,46.137],[-82.225,46.14],[-82.228,46.142],[-82.232,46.143],[-82.245,46.141],[-82.249,46.143],[-82.256,46.142],[-82.255,46.145],[-82.25,46.147],[-82.248,46.146],[-82.245,46.147],[-82.24,46.146],[-82.239,46.148],[-82.246,46.148],[-82.25,46.15],[-82.253,46.147],[-82.258,46.146],[-82.261,46.148],[-82.266,46.149],[-82.272,46.146],[-82.279,46.145],[-82.285,46.146],[-82.287,46.143],[-82.294,46.144],[-82.296,46.148],[-82.301,46.149],[-82.306,46.148],[-82.306,46.146],[-82.296,46.143],[-82.291,46.144],[-82.289,46.141],[-82.285,46.141],[-82.283,46.138],[-82.298,46.137],[-82.302,46.138],[-82.311,46.139],[-82.319,46.144],[-82.329,46.146],[-82.332,46.15],[-82.339,46.152],[-82.337,46.155],[-82.34,46.157],[-82.35,46.155],[-82.353,46.157],[-82.351,46.159],[-82.353,46.162],[-82.352,46.167],[-82.358,46.166],[-82.361,46.164],[-82.366,46.165],[-82.369,46.162],[-82.363,46.16],[-82.363,46.157],[-82.369,46.154],[-82.367,46.153],[-82.372,46.149],[-82.373,46.151],[-82.375,46.154],[-82.371,46.158],[-82.372,46.16],[-82.376,46.162],[-82.375,46.166],[-82.371,46.165],[-82.368,46.168],[-82.36,46.167],[-82.354,46.17],[-82.349,46.17],[-82.347,46.169],[-82.341,46.169],[-82.336,46.166],[-82.332,46.167],[-82.321,46.169],[-82.315,46.171],[-82.316,46.174],[-82.324,46.175],[-82.327,46.178],[-82.326,46.18],[-82.319,46.181],[-82.316,46.183],[-82.316,46.186],[-82.33,46.187],[-82.341,46.186],[-82.35,46.184],[-82.358,46.184],[-82.369,46.183],[-82.382,46.182],[-82.381,46.184],[-82.382,46.187],[-82.385,46.186],[-82.388,46.188],[-82.398,46.184],[-82.402,46.188],[-82.41,46.189],[-82.423,46.189],[-82.429,46.188],[-82.433,46.185],[-82.441,46.184],[-82.445,46.179],[-82.448,46.178],[-82.448,46.173],[-82.45,46.172],[-82.454,46.173],[-82.455,46.176],[-82.455,46.181],[-82.454,46.184],[-82.459,46.185],[-82.458,46.19],[-82.456,46.192],[-82.453,46.19],[-82.45,46.193],[-82.45,46.195],[-82.447,46.197],[-82.449,46.199],[-82.455,46.201],[-82.457,46.199],[-82.462,46.199],[-82.466,46.201],[-82.469,46.2],[-82.471,46.196],[-82.474,46.194],[-82.483,46.192],[-82.485,46.189],[-82.496,46.185],[-82.503,46.181],[-82.51,46.18],[-82.515,46.176],[-82.516,46.177],[-82.524,46.175],[-82.521,46.171],[-82.528,46.169],[-82.535,46.172],[-82.539,46.172],[-82.543,46.17],[-82.556,46.166],[-82.564,46.168],[-82.565,46.167],[-82.571,46.169],[-82.575,46.167],[-82.581,46.169],[-82.581,46.172],[-82.587,46.169],[-82.591,46.17],[-82.592,46.167],[-82.599,46.167],[-82.599,46.164],[-82.604,46.165],[-82.607,46.168],[-82.611,46.169],[-82.614,46.169],[-82.619,46.167],[-82.621,46.164],[-82.625,46.164],[-82.627,46.166],[-82.634,46.162],[-82.639,46.16],[-82.642,46.158],[-82.65,46.158],[-82.666,46.159],[-82.67,46.157],[-82.672,46.159],[-82.678,46.158],[-82.688,46.159],[-82.693,46.162],[-82.686,46.168],[-82.68,46.17],[-82.677,46.173],[-82.681,46.174],[-82.693,46.173],[-82.698,46.17],[-82.701,46.172],[-82.695,46.175],[-82.689,46.175],[-82.688,46.179],[-82.682,46.179],[-82.675,46.181],[-82.682,46.182],[-82.682,46.185],[-82.678,46.186],[-82.682,46.188],[-82.675,46.19],[-82.673,46.193],[-82.668,46.195],[-82.662,46.196],[-82.655,46.198],[-82.652,46.196],[-82.644,46.199],[-82.642,46.202],[-82.635,46.2],[-82.626,46.201],[-82.617,46.204],[-82.622,46.206],[-82.627,46.21],[-82.635,46.207],[-82.645,46.207],[-82.651,46.206],[-82.653,46.205],[-82.662,46.204],[-82.664,46.203],[-82.668,46.203],[-82.67,46.202],[-82.678,46.201],[-82.68,46.201],[-82.688,46.2],[-82.696,46.2],[-82.698,46.198],[-82.709,46.197],[-82.72,46.194],[-82.728,46.192],[-82.732,46.193],[-82.743,46.192],[-82.755,46.19],[-82.759,46.19],[-82.775,46.189],[-82.778,46.19],[-82.783,46.189],[-82.793,46.191],[-82.799,46.19],[-82.803,46.186],[-82.805,46.182],[-82.808,46.181],[-82.81,46.183],[-82.814,46.184],[-82.818,46.182],[-82.821,46.179],[-82.83,46.179],[-82.834,46.176],[-82.838,46.179],[-82.843,46.181],[-82.853,46.182],[-82.855,46.181],[-82.859,46.183],[-82.869,46.182],[-82.875,46.181],[-82.875,46.18],[-82.884,46.175],[-82.887,46.176],[-82.902,46.177],[-82.903,46.18],[-82.91,46.18],[-82.911,46.182],[-82.917,46.184],[-82.921,46.184],[-82.928,46.182],[-82.939,46.181],[-82.947,46.18],[-82.948,46.181],[-82.955,46.183],[-82.96,46.183],[-82.961,46.18],[-82.967,46.18],[-82.971,46.182],[-82.973,46.181],[-82.982,46.18],[-82.985,46.181],[-82.992,46.181],[-82.996,46.181],[-83.009,46.178],[-83.014,46.176],[-83.017,46.177],[-83.021,46.179],[-83.023,46.183],[-83.03,46.19],[-83.033,46.19],[-83.037,46.189],[-83.039,46.186],[-83.048,46.177],[-83.054,46.175],[-83.058,46.175],[-83.06,46.183],[-83.064,46.185],[-83.073,46.185],[-83.082,46.188],[-83.085,46.19],[-83.088,46.193],[-83.094,46.196],[-83.105,46.197],[-83.115,46.193],[-83.118,46.19],[-83.127,46.188],[-83.129,46.185],[-83.138,46.185],[-83.142,46.186],[-83.143,46.185],[-83.149,46.183],[-83.155,46.185],[-83.156,46.191],[-83.161,46.193],[-83.156,46.194],[-83.158,46.197],[-83.162,46.198],[-83.168,46.198],[-83.175,46.199],[-83.178,46.2],[-83.185,46.2],[-83.188,46.201],[-83.197,46.2],[-83.19,46.197],[-83.193,46.196],[-83.202,46.199],[-83.205,46.197],[-83.211,46.198],[-83.207,46.201],[-83.221,46.203],[-83.225,46.202],[-83.229,46.203],[-83.229,46.205],[-83.233,46.206],[-83.235,46.204],[-83.239,46.204],[-83.242,46.205],[-83.245,46.204],[-83.247,46.206],[-83.247,46.208],[-83.252,46.21],[-83.254,46.212],[-83.261,46.21],[-83.266,46.213],[-83.272,46.213],[-83.273,46.212],[-83.28,46.214],[-83.284,46.213],[-83.285,46.217],[-83.297,46.216],[-83.304,46.219],[-83.311,46.217],[-83.316,46.218],[-83.321,46.218],[-83.323,46.219],[-83.329,46.219],[-83.332,46.218],[-83.336,46.219],[-83.344,46.224],[-83.347,46.225],[-83.35,46.223],[-83.352,46.225],[-83.355,46.224],[-83.363,46.226],[-83.366,46.229],[-83.37,46.23],[-83.379,46.233],[-83.386,46.234],[-83.408,46.239],[-83.42,46.24],[-83.426,46.239],[-83.433,46.241],[-83.437,46.241],[-83.45,46.244],[-83.454,46.241],[-83.463,46.241],[-83.465,46.243],[-83.465,46.246],[-83.47,46.247],[-83.474,46.246],[-83.481,46.247],[-83.487,46.246],[-83.489,46.247],[-83.494,46.246],[-83.509,46.249],[-83.509,46.25],[-83.52,46.25],[-83.522,46.251],[-83.531,46.253],[-83.531,46.257],[-83.536,46.256],[-83.539,46.257],[-83.545,46.257],[-83.551,46.258],[-83.552,46.254],[-83.556,46.252],[-83.562,46.252],[-83.565,46.249],[-83.566,46.241],[-83.571,46.242],[-83.567,46.247],[-83.565,46.251],[-83.567,46.256],[-83.565,46.259],[-83.568,46.261],[-83.574,46.26],[-83.575,46.263],[-83.574,46.266],[-83.582,46.269],[-83.581,46.271],[-83.591,46.277],[-83.597,46.278],[-83.601,46.277],[-83.605,46.279],[-83.61,46.285],[-83.613,46.286],[-83.62,46.284],[-83.62,46.28],[-83.624,46.278],[-83.626,46.275],[-83.633,46.275],[-83.635,46.272],[-83.638,46.274],[-83.641,46.272],[-83.65,46.273],[-83.657,46.272],[-83.665,46.273],[-83.668,46.272],[-83.673,46.275],[-83.675,46.273],[-83.679,46.274],[-83.682,46.273],[-83.681,46.271],[-83.687,46.271],[-83.691,46.272],[-83.696,46.271],[-83.699,46.272],[-83.7,46.277],[-83.704,46.276],[-83.708,46.278],[-83.717,46.279],[-83.72,46.281],[-83.718,46.283],[-83.72,46.286],[-83.727,46.289],[-83.73,46.288],[-83.733,46.288],[-83.737,46.287],[-83.739,46.285],[-83.743,46.284],[-83.747,46.284],[-83.75,46.283],[-83.755,46.285],[-83.754,46.288],[-83.751,46.288],[-83.748,46.291],[-83.75,46.294],[-83.75,46.297],[-83.753,46.297],[-83.756,46.295],[-83.759,46.298],[-83.763,46.296],[-83.768,46.293],[-83.771,46.295],[-83.775,46.294],[-83.787,46.3],[-83.794,46.298],[-83.797,46.292],[-83.792,46.29],[-83.786,46.289],[-83.785,46.284],[-83.79,46.285],[-83.794,46.289],[-83.802,46.291],[-83.806,46.292],[-83.807,46.29],[-83.81,46.289],[-83.815,46.29],[-83.819,46.294],[-83.822,46.295],[-83.827,46.298],[-83.838,46.297],[-83.843,46.297],[-83.846,46.294],[-83.851,46.292],[-83.858,46.297],[-83.862,46.296],[-83.869,46.3],[-83.876,46.303],[-83.874,46.305],[-83.877,46.308],[-83.88,46.314],[-83.88,46.315],[-83.882,46.318],[-83.882,46.322],[-83.88,46.327],[-83.88,46.33],[-83.885,46.332],[-83.889,46.33],[-83.895,46.333],[-83.905,46.335],[-83.905,46.333],[-83.909,46.333],[-83.914,46.329],[-83.918,46.331],[-83.919,46.335],[-83.923,46.335],[-83.926,46.334],[-83.929,46.336],[-83.933,46.335],[-83.936,46.331],[-83.943,46.327],[-83.942,46.325],[-83.946,46.324],[-83.95,46.327],[-83.955,46.328],[-83.957,46.327],[-83.962,46.328],[-83.961,46.324],[-83.957,46.325],[-83.956,46.323],[-83.965,46.322],[-83.968,46.324],[-83.988,46.322],[-83.991,46.324],[-83.996,46.323],[-83.998,46.32],[-84.001,46.319],[-84.006,46.321],[-84.009,46.318],[-84.016,46.315],[-84.021,46.318],[-84.025,46.319],[-84.037,46.319],[-84.042,46.317],[-84.044,46.315],[-84.047,46.314],[-84.055,46.317],[-84.06,46.32],[-84.061,46.328],[-84.066,46.332],[-84.073,46.334],[-84.079,46.338],[-84.081,46.343],[-84.086,46.346],[-84.09,46.345],[-84.088,46.339],[-84.09,46.335],[-84.092,46.334],[-84.092,46.344],[-84.095,46.348],[-84.099,46.349],[-84.101,46.354],[-84.103,46.356],[-84.108,46.357],[-84.113,46.357],[-84.12,46.356],[-84.124,46.357],[-84.13,46.362],[-84.133,46.371],[-84.131,46.374],[-84.127,46.372],[-84.123,46.375],[-84.123,46.379],[-84.122,46.384],[-84.124,46.389],[-84.129,46.39],[-84.126,46.394],[-84.131,46.397],[-84.124,46.402],[-84.115,46.399],[-84.114,46.399],[-84.11,46.403],[-84.112,46.405],[-84.106,46.413],[-84.107,46.416],[-84.105,46.42],[-84.101,46.425],[-84.103,46.428],[-84.1,46.432],[-84.099,46.437],[-84.099,46.443],[-84.099,46.449],[-84.098,46.452],[-84.099,46.455],[-84.097,46.46],[-84.088,46.474],[-84.078,46.486],[-84.077,46.492],[-84.079,46.495],[-84.088,46.498],[-84.101,46.509],[-84.112,46.512],[-84.113,46.515],[-84.11,46.518],[-84.108,46.523],[-84.11,46.526],[-84.122,46.53],[-84.136,46.534],[-84.146,46.532],[-84.152,46.53],[-84.158,46.53],[-84.162,46.529],[-84.171,46.53],[-84.177,46.531],[-84.177,46.534],[-84.173,46.537],[-84.171,46.536],[-84.168,46.54],[-84.169,46.546],[-84.174,46.549],[-84.186,46.55],[-84.191,46.549],[-84.193,46.55],[-84.2,46.549],[-84.206,46.546],[-84.21,46.545],[-84.21,46.543],[-84.208,46.541],[-84.21,46.539],[-84.214,46.538],[-84.222,46.541],[-84.228,46.538],[-84.236,46.531],[-84.24,46.523],[-84.252,46.511],[-84.257,46.505],[-84.26,46.501],[-84.269,46.497],[-84.276,46.496],[-84.283,46.496],[-84.295,46.499],[-84.301,46.502],[-84.305,46.502],[-84.313,46.504],[-84.321,46.503],[-84.326,46.505],[-84.327,46.503],[-84.336,46.508],[-84.343,46.515],[-84.349,46.515],[-84.356,46.515],[-84.36,46.517],[-84.374,46.515],[-84.377,46.518],[-84.38,46.516],[-84.389,46.51],[-84.391,46.508],[-84.402,46.502],[-84.412,46.504],[-84.412,46.512],[-84.418,46.514],[-84.433,46.51],[-84.438,46.508],[-84.441,46.501],[-84.446,46.502],[-84.452,46.5],[-84.458,46.499],[-84.464,46.499],[-84.47,46.497],[-84.476,46.493],[-84.484,46.49],[-84.483,46.485],[-84.48,46.484],[-84.474,46.485],[-84.468,46.482],[-84.466,46.48],[-84.462,46.478],[-84.464,46.474],[-84.472,46.47],[-84.479,46.465],[-84.487,46.467],[-84.498,46.467],[-84.505,46.469],[-84.513,46.469],[-84.525,46.474],[-84.532,46.483],[-84.531,46.491],[-84.533,46.501],[-84.537,46.506],[-84.541,46.506],[-84.545,46.508],[-84.553,46.514],[-84.555,46.517],[-84.559,46.521],[-84.563,46.522],[-84.566,46.525],[-84.58,46.528],[-84.583,46.527],[-84.59,46.532],[-84.594,46.539],[-84.597,46.541],[-84.597,46.544],[-84.6,46.548],[-84.598,46.549],[-84.6,46.552],[-84.599,46.561],[-84.598,46.562],[-84.597,46.566],[-84.598,46.57],[-84.594,46.575],[-84.595,46.577],[-84.588,46.581],[-84.586,46.584],[-84.576,46.588],[-84.57,46.594],[-84.563,46.599],[-84.56,46.602],[-84.552,46.605],[-84.547,46.607],[-84.541,46.612],[-84.536,46.615],[-84.535,46.618],[-84.53,46.625],[-84.521,46.631],[-84.519,46.634],[-84.514,46.637],[-84.51,46.638],[-84.505,46.642],[-84.499,46.642],[-84.495,46.647],[-84.493,46.653],[-84.492,46.654],[-84.492,46.66],[-84.486,46.663],[-84.484,46.665],[-84.479,46.663],[-84.471,46.664],[-84.469,46.667],[-84.461,46.67],[-84.454,46.669],[-84.449,46.671],[-84.445,46.674],[-84.44,46.674],[-84.436,46.68],[-84.431,46.68],[-84.426,46.682],[-84.421,46.689],[-84.422,46.692],[-84.426,46.694],[-84.429,46.695],[-84.436,46.704],[-84.437,46.704],[-84.444,46.708],[-84.448,46.71],[-84.449,46.713],[-84.442,46.719],[-84.441,46.721],[-84.442,46.726],[-84.438,46.73],[-84.434,46.729],[-84.433,46.736],[-84.436,46.741],[-84.442,46.742],[-84.441,46.746],[-84.447,46.751],[-84.454,46.756],[-84.469,46.76],[-84.475,46.761],[-84.483,46.762],[-84.488,46.76],[-84.495,46.757],[-84.496,46.755],[-84.503,46.751],[-84.506,46.747],[-84.508,46.743],[-84.51,46.736],[-84.513,46.73],[-84.513,46.726],[-84.517,46.722],[-84.517,46.719],[-84.52,46.715],[-84.52,46.714],[-84.523,46.707],[-84.52,46.703],[-84.519,46.699],[-84.523,46.696],[-84.531,46.695],[-84.537,46.693],[-84.539,46.69],[-84.548,46.688],[-84.553,46.685],[-84.556,46.684],[-84.558,46.687],[-84.565,46.689],[-84.569,46.694],[-84.572,46.695],[-84.573,46.702],[-84.572,46.711],[-84.575,46.715],[-84.574,46.719],[-84.577,46.724],[-84.576,46.728],[-84.576,46.738],[-84.572,46.742],[-84.568,46.743],[-84.564,46.74],[-84.556,46.74],[-84.552,46.738],[-84.547,46.74],[-84.545,46.743],[-84.549,46.752],[-84.552,46.753],[-84.562,46.762],[-84.558,46.767],[-84.553,46.77],[-84.553,46.774],[-84.551,46.777],[-84.546,46.781],[-84.542,46.788],[-84.543,46.791],[-84.541,46.794],[-84.54,46.803],[-84.543,46.806],[-84.543,46.81],[-84.548,46.81],[-84.551,46.812],[-84.556,46.812],[-84.561,46.817],[-84.56,46.822],[-84.555,46.827],[-84.549,46.829],[-84.538,46.83],[-84.527,46.829],[-84.522,46.827],[-84.515,46.827],[-84.511,46.823],[-84.506,46.821],[-84.5,46.823],[-84.5,46.826],[-84.498,46.828],[-84.494,46.834],[-84.494,46.837],[-84.491,46.84],[-84.488,46.844],[-84.485,46.845],[-84.482,46.844],[-84.479,46.846],[-84.469,46.848],[-84.468,46.845],[-84.465,46.843],[-84.458,46.844],[-84.451,46.846],[-84.444,46.845],[-84.442,46.841],[-84.439,46.838],[-84.438,46.833],[-84.433,46.829],[-84.43,46.828],[-84.424,46.828],[-84.423,46.824],[-84.425,46.821],[-84.421,46.818],[-84.415,46.817],[-84.413,46.815],[-84.407,46.817],[-84.404,46.817],[-84.399,46.819],[-84.402,46.826],[-84.399,46.826],[-84.393,46.831],[-84.384,46.838],[-84.375,46.844],[-84.372,46.852],[-84.375,46.853],[-84.374,46.859],[-84.37,46.861],[-84.365,46.864],[-84.359,46.868],[-84.355,46.868],[-84.355,46.871],[-84.355,46.876],[-84.358,46.879],[-84.362,46.88],[-84.359,46.883],[-84.36,46.885],[-84.364,46.886],[-84.362,46.891],[-84.365,46.893],[-84.372,46.891],[-84.377,46.892],[-84.378,46.896],[-84.381,46.898],[-84.385,46.898],[-84.386,46.901],[-84.389,46.906],[-84.393,46.909],[-84.398,46.913],[-84.408,46.916],[-84.414,46.918],[-84.419,46.918],[-84.432,46.917],[-84.434,46.918],[-84.438,46.921],[-84.44,46.924],[-84.441,46.928],[-84.444,46.932],[-84.449,46.934],[-84.459,46.934],[-84.463,46.936],[-84.475,46.939],[-84.48,46.939],[-84.494,46.936],[-84.499,46.934],[-84.507,46.931],[-84.509,46.929],[-84.515,46.922],[-84.517,46.92],[-84.52,46.923],[-84.525,46.928],[-84.527,46.93],[-84.53,46.931],[-84.536,46.937],[-84.541,46.94],[-84.55,46.943],[-84.556,46.945],[-84.567,46.946],[-84.578,46.945],[-84.582,46.944],[-84.582,46.94],[-84.584,46.938],[-84.591,46.934],[-84.592,46.932],[-84.598,46.932],[-84.603,46.93],[-84.605,46.928],[-84.607,46.92],[-84.604,46.911],[-84.601,46.908],[-84.595,46.907],[-84.597,46.904],[-84.601,46.902],[-84.606,46.899],[-84.608,46.895],[-84.613,46.892],[-84.615,46.889],[-84.617,46.889],[-84.625,46.894],[-84.626,46.897],[-84.631,46.899],[-84.637,46.905],[-84.646,46.911],[-84.65,46.914],[-84.655,46.922],[-84.654,46.926],[-84.655,46.933],[-84.656,46.937],[-84.657,46.942],[-84.656,46.944],[-84.657,46.948],[-84.658,46.955],[-84.663,46.96],[-84.676,46.966],[-84.687,46.969],[-84.696,46.969],[-84.703,46.968],[-84.71,46.962],[-84.709,46.958],[-84.714,46.956],[-84.717,46.952],[-84.724,46.952],[-84.731,46.953],[-84.735,46.955],[-84.741,46.956],[-84.749,46.966],[-84.751,46.966],[-84.753,46.968],[-84.761,46.97],[-84.761,46.972],[-84.767,46.974],[-84.775,46.976],[-84.778,46.974],[-84.787,46.984],[-84.788,46.987],[-84.786,46.989],[-84.789,46.992],[-84.788,46.995],[-84.79,46.996],[-84.788,46.999],[-84.793,47.003],[-84.787,47.005],[-84.784,47.006],[-84.786,47.009],[-84.783,47.009],[-84.785,47.014],[-84.784,47.015],[-84.78,47.015],[-84.778,47.013],[-84.776,47.013],[-84.772,47.015],[-84.77,47.018],[-84.771,47.021],[-84.773,47.022],[-84.776,47.022],[-84.779,47.026],[-84.779,47.028],[-84.785,47.036],[-84.783,47.038],[-84.784,47.04],[-84.779,47.045],[-84.778,47.048],[-84.775,47.049],[-84.771,47.051],[-84.77,47.055],[-84.766,47.054],[-84.76,47.059],[-84.759,47.062],[-84.752,47.066],[-84.741,47.069],[-84.74,47.075],[-84.74,47.077],[-84.737,47.082],[-84.731,47.084],[-84.726,47.087],[-84.72,47.091],[-84.718,47.095],[-84.712,47.1],[-84.71,47.109],[-84.713,47.113],[-84.717,47.113],[-84.725,47.114],[-84.726,47.118],[-84.728,47.12],[-84.726,47.123],[-84.729,47.126],[-84.729,47.13],[-84.728,47.131],[-84.73,47.135],[-84.734,47.135],[-84.739,47.139],[-84.74,47.142],[-84.738,47.144],[-84.731,47.144],[-84.727,47.144],[-84.719,47.147],[-84.716,47.149],[-84.71,47.152],[-84.706,47.155],[-84.701,47.158],[-84.695,47.162],[-84.693,47.165],[-84.693,47.171],[-84.696,47.177],[-84.701,47.176],[-84.708,47.176],[-84.712,47.179],[-84.712,47.182],[-84.711,47.185],[-84.707,47.185],[-84.701,47.187],[-84.699,47.189],[-84.697,47.192],[-84.694,47.194],[-84.69,47.194],[-84.686,47.195],[-84.681,47.198],[-84.678,47.203],[-84.679,47.206],[-84.671,47.21],[-84.665,47.212],[-84.662,47.219],[-84.656,47.221],[-84.653,47.232],[-84.649,47.237],[-84.649,47.241],[-84.646,47.243],[-84.633,47.247],[-84.63,47.251],[-84.631,47.252],[-84.623,47.256],[-84.62,47.26],[-84.618,47.259],[-84.615,47.261],[-84.615,47.264],[-84.603,47.273],[-84.597,47.276],[-84.594,47.279],[-84.588,47.282],[-84.588,47.284],[-84.593,47.288],[-84.589,47.291],[-84.592,47.293],[-84.588,47.294],[-84.585,47.299],[-84.586,47.302],[-84.591,47.305],[-84.597,47.302],[-84.6,47.302],[-84.603,47.306],[-84.6,47.307],[-84.607,47.31],[-84.606,47.313],[-84.609,47.319],[-84.612,47.326],[-84.619,47.337],[-84.623,47.341],[-84.632,47.348],[-84.637,47.351],[-84.645,47.358],[-84.648,47.36],[-84.654,47.362],[-84.66,47.362],[-84.662,47.361],[-84.672,47.357],[-84.677,47.357],[-84.68,47.359],[-84.685,47.36],[-84.692,47.363],[-84.696,47.366],[-84.703,47.369],[-84.707,47.372],[-84.705,47.374],[-84.702,47.374],[-84.703,47.377],[-84.709,47.381],[-84.702,47.382],[-84.704,47.385],[-84.707,47.388],[-84.706,47.391],[-84.702,47.393],[-84.703,47.396],[-84.704,47.397],[-84.703,47.401],[-84.708,47.407],[-84.711,47.41],[-84.713,47.41],[-84.716,47.413],[-84.717,47.417],[-84.72,47.419],[-84.722,47.421],[-84.729,47.428],[-84.735,47.432],[-84.744,47.437],[-84.745,47.437],[-84.749,47.44],[-84.749,47.443],[-84.752,47.445],[-84.759,47.448],[-84.766,47.448],[-84.77,47.453],[-84.774,47.455],[-84.777,47.458],[-84.784,47.462],[-84.785,47.465],[-84.788,47.467],[-84.792,47.473],[-84.8,47.476],[-84.813,47.477],[-84.815,47.476],[-84.822,47.477],[-84.829,47.48],[-84.829,47.481],[-84.835,47.485],[-84.839,47.485],[-84.843,47.488],[-84.855,47.491],[-84.855,47.492],[-84.861,47.495],[-84.866,47.494],[-84.87,47.497],[-84.873,47.497],[-84.876,47.501],[-84.88,47.504],[-84.884,47.502],[-84.888,47.505],[-84.895,47.509],[-84.907,47.512],[-84.908,47.514],[-84.918,47.512],[-84.918,47.514],[-84.924,47.514],[-84.927,47.516],[-84.927,47.518],[-84.933,47.522],[-84.937,47.528],[-84.941,47.53],[-84.947,47.528],[-84.951,47.532],[-84.956,47.535],[-84.961,47.539],[-84.96,47.544],[-84.958,47.546],[-84.953,47.549],[-84.948,47.555],[-84.949,47.559],[-84.957,47.564],[-84.967,47.567],[-84.972,47.567],[-84.967,47.563],[-84.968,47.562],[-84.976,47.567],[-84.975,47.57],[-84.979,47.573],[-84.98,47.575],[-84.985,47.577],[-84.989,47.577],[-84.991,47.58],[-85,47.584],[-85.006,47.589],[-85.015,47.587],[-85.012,47.585],[-85.013,47.582],[-85.017,47.583],[-85.019,47.586],[-85.025,47.588],[-85.03,47.592],[-85.035,47.598],[-85.033,47.6],[-85.038,47.604],[-85.037,47.609],[-85.031,47.611],[-85.029,47.607],[-85.026,47.607],[-85.026,47.611],[-85.016,47.607],[-85.013,47.617],[-85.015,47.62],[-85.015,47.623],[-85.017,47.626],[-85.02,47.627],[-85.018,47.632],[-85.019,47.636],[-85.017,47.639],[-85.017,47.642],[-85.015,47.644],[-85.008,47.647],[-85.005,47.652],[-85,47.656],[-84.987,47.662],[-84.981,47.666],[-84.979,47.671],[-84.979,47.681],[-84.981,47.684],[-84.985,47.69],[-84.99,47.696],[-84.998,47.7],[-85.009,47.703],[-85.011,47.706],[-85.009,47.709],[-85.004,47.711],[-84.998,47.716],[-84.991,47.72],[-84.986,47.726],[-84.978,47.732],[-84.97,47.732],[-84.962,47.73],[-84.954,47.732],[-84.951,47.732],[-84.949,47.734],[-84.945,47.743],[-84.941,47.745],[-84.934,47.753],[-84.931,47.755],[-84.93,47.758],[-84.925,47.764],[-84.924,47.767],[-84.919,47.774],[-84.922,47.79],[-84.923,47.791],[-84.918,47.798],[-84.923,47.799],[-84.926,47.797],[-84.931,47.8],[-84.93,47.802],[-84.934,47.805],[-84.935,47.806],[-84.929,47.81],[-84.923,47.808],[-84.921,47.812],[-84.932,47.811],[-84.927,47.814],[-84.934,47.817],[-84.938,47.814],[-84.937,47.811],[-84.94,47.808],[-84.944,47.809],[-84.942,47.812],[-84.944,47.814],[-84.94,47.82],[-84.95,47.82],[-84.941,47.828],[-84.939,47.832],[-84.94,47.837],[-84.939,47.843],[-84.937,47.846],[-84.933,47.848],[-84.926,47.849],[-84.92,47.85],[-84.918,47.85],[-84.911,47.851],[-84.907,47.854],[-84.908,47.857],[-84.904,47.859],[-84.902,47.862],[-84.898,47.867],[-84.898,47.868],[-84.891,47.873],[-84.886,47.877],[-84.884,47.88],[-84.887,47.882],[-84.882,47.885],[-84.878,47.888],[-84.879,47.89],[-84.871,47.895],[-84.863,47.897],[-84.863,47.902],[-84.857,47.905],[-84.851,47.91],[-84.843,47.911],[-84.837,47.915],[-84.839,47.921],[-84.842,47.925],[-84.85,47.933],[-84.851,47.937],[-84.844,47.94],[-84.844,47.945],[-84.849,47.95],[-84.853,47.951],[-84.852,47.953],[-84.859,47.958],[-84.864,47.956],[-84.87,47.956],[-84.874,47.957],[-84.885,47.956],[-84.891,47.958],[-84.893,47.96],[-84.896,47.96],[-84.902,47.961],[-84.902,47.957],[-84.912,47.957],[-84.916,47.952],[-84.912,47.951],[-84.908,47.951],[-84.908,47.948],[-84.906,47.943],[-84.916,47.942],[-84.918,47.948],[-84.923,47.952],[-84.921,47.953],[-84.921,47.956],[-84.926,47.955],[-84.93,47.956],[-84.929,47.958],[-84.933,47.96],[-84.937,47.961],[-84.953,47.962],[-84.966,47.961],[-84.968,47.96],[-84.969,47.957],[-84.972,47.956],[-84.976,47.956],[-84.976,47.959],[-84.988,47.963],[-84.991,47.961],[-85.007,47.958],[-85.023,47.962],[-85.03,47.958],[-85.033,47.961],[-85.042,47.96],[-85.046,47.962],[-85.051,47.96],[-85.059,47.959],[-85.071,47.959],[-85.075,47.957],[-85.083,47.957],[-85.089,47.959],[-85.094,47.958],[-85.099,47.96],[-85.108,47.96],[-85.112,47.957],[-85.116,47.959],[-85.121,47.959],[-85.127,47.957],[-85.13,47.959],[-85.137,47.956],[-85.143,47.956],[-85.152,47.959],[-85.156,47.958],[-85.161,47.959],[-85.166,47.96],[-85.168,47.958],[-85.172,47.958],[-85.173,47.96],[-85.18,47.958],[-85.186,47.959],[-85.189,47.959],[-85.197,47.96],[-85.202,47.96],[-85.203,47.957],[-85.207,47.956],[-85.214,47.958],[-85.215,47.956],[-85.227,47.953],[-85.235,47.952],[-85.241,47.953],[-85.245,47.952],[-85.252,47.951],[-85.254,47.953],[-85.262,47.955],[-85.264,47.952],[-85.27,47.952],[-85.274,47.956],[-85.276,47.954],[-85.282,47.954],[-85.285,47.957],[-85.292,47.954],[-85.293,47.952],[-85.297,47.951],[-85.304,47.951],[-85.307,47.954],[-85.312,47.954],[-85.32,47.954],[-85.33,47.949],[-85.33,47.996],[-85.331,48.036],[-85.332,48.115],[-85.334,48.189],[-85.332,48.228],[-85.332,48.309],[-85.333,48.388],[-85.333,48.427],[-85.334,48.499],[-85.334,48.539],[-85.333,48.579],[-85.332,48.641],[-85.332,48.702],[-85.331,48.764],[-85.332,48.822],[-85.333,48.879],[-85.333,48.887],[-85.333,48.946],[-85.333,49.025],[-85.333,49.055],[-85.179,49.068],[-84.754,49.072],[-84.616,49.073],[-84.395,49.073],[-84.213,49.073],[-84.096,49.073],[-84.014,49.073],[-83.759,49.072],[-83.673,49.072],[-83.41,49.07],[-83.346,49.069],[-83.226,49.068],[-82.986,49.065],[-82.858,49.064],[-82.725,49.062],[-82.639,49.064],[-82.639,48.99],[-82.639,48.989],[-82.639,48.969],[-82.639,48.946],[-82.638,48.843],[-82.638,48.835],[-82.638,48.8],[-82.638,48.721],[-82.638,48.648],[-82.64,48.548],[-82.641,48.471],[-82.641,48.451]]]]}},{"type":"Feature","properties":{"HR_UID":"3527","ENGNAME":"Brant County Health Unit"},"geometry":{"type":"Polygon","coordinates":[[[-79.984,43.132],[-80.002,43.093],[-80.004,43.089],[-80.001,43.088],[-79.991,43.087],[-79.982,43.082],[-79.976,43.08],[-79.98,43.074],[-79.995,43.051],[-80.003,43.039],[-80.008,43.032],[-79.993,43.027],[-79.998,43.025],[-80.01,43.029],[-80.018,43.018],[-80.024,43.007],[-80.036,42.991],[-80.043,42.979],[-80.036,42.977],[-80.038,42.974],[-80.045,42.977],[-80.052,42.966],[-80.056,42.963],[-80.132,42.991],[-80.189,43.012],[-80.239,43.03],[-80.244,43.032],[-80.263,43.029],[-80.349,43.017],[-80.371,43.013],[-80.37,43.012],[-80.422,43.004],[-80.428,43.003],[-80.446,43],[-80.465,42.997],[-80.49,42.993],[-80.506,42.991],[-80.543,42.985],[-80.552,43.007],[-80.567,43.042],[-80.59,43.104],[-80.603,43.135],[-80.609,43.152],[-80.586,43.155],[-80.525,43.165],[-80.488,43.171],[-80.464,43.175],[-80.436,43.179],[-80.461,43.239],[-80.472,43.267],[-80.406,43.278],[-80.393,43.28],[-80.343,43.289],[-80.321,43.292],[-80.316,43.293],[-80.238,43.307],[-80.222,43.265],[-80.212,43.239],[-80.21,43.234],[-80.201,43.211],[-80.177,43.202],[-80.162,43.196],[-80.157,43.195],[-80.112,43.178],[-80.079,43.167],[-80.056,43.158],[-80.048,43.155],[-79.984,43.132]]]}},{"type":"Feature","properties":{"HR_UID":"3540","ENGNAME":"Chatham-Kent Public Health"},"geometry":{"type":"Polygon","coordinates":[[[-81.835,42.608],[-81.795,42.575],[-81.788,42.57],[-81.75,42.539],[-81.71,42.507],[-81.682,42.484],[-81.669,42.473],[-81.679,42.467],[-81.695,42.455],[-81.699,42.452],[-81.704,42.449],[-81.711,42.444],[-81.718,42.44],[-81.732,42.432],[-81.749,42.425],[-81.759,42.419],[-81.764,42.417],[-81.775,42.411],[-81.781,42.407],[-81.796,42.397],[-81.804,42.392],[-81.812,42.386],[-81.818,42.38],[-81.824,42.372],[-81.83,42.362],[-81.836,42.349],[-81.839,42.338],[-81.84,42.332],[-81.842,42.314],[-81.842,42.302],[-81.841,42.286],[-81.841,42.28],[-81.842,42.27],[-81.844,42.264],[-81.847,42.259],[-81.852,42.256],[-81.856,42.254],[-81.868,42.254],[-81.874,42.255],[-81.875,42.257],[-81.872,42.263],[-81.867,42.275],[-81.866,42.281],[-81.863,42.283],[-81.863,42.287],[-81.86,42.294],[-81.862,42.295],[-81.858,42.301],[-81.849,42.319],[-81.847,42.323],[-81.847,42.325],[-81.844,42.333],[-81.846,42.336],[-81.851,42.333],[-81.856,42.334],[-81.862,42.332],[-81.862,42.33],[-81.864,42.329],[-81.872,42.328],[-81.874,42.326],[-81.873,42.325],[-81.881,42.322],[-81.882,42.32],[-81.886,42.321],[-81.891,42.321],[-81.887,42.318],[-81.889,42.316],[-81.894,42.315],[-81.897,42.313],[-81.902,42.313],[-81.899,42.31],[-81.901,42.308],[-81.906,42.309],[-81.911,42.311],[-81.912,42.309],[-81.904,42.306],[-81.916,42.302],[-81.919,42.297],[-81.922,42.297],[-81.925,42.293],[-81.929,42.292],[-81.932,42.289],[-81.931,42.288],[-81.934,42.284],[-81.932,42.279],[-81.935,42.279],[-81.937,42.276],[-81.941,42.278],[-81.938,42.263],[-81.932,42.262],[-81.926,42.263],[-81.924,42.262],[-81.917,42.262],[-81.914,42.263],[-81.908,42.262],[-81.908,42.259],[-81.909,42.256],[-81.923,42.26],[-81.932,42.261],[-81.95,42.263],[-81.952,42.263],[-81.964,42.264],[-81.973,42.264],[-81.982,42.264],[-82.003,42.265],[-82.021,42.264],[-82.032,42.263],[-82.037,42.261],[-82.043,42.26],[-82.059,42.257],[-82.08,42.252],[-82.086,42.249],[-82.094,42.247],[-82.115,42.239],[-82.118,42.238],[-82.14,42.229],[-82.151,42.223],[-82.162,42.218],[-82.172,42.213],[-82.179,42.208],[-82.184,42.205],[-82.196,42.199],[-82.199,42.197],[-82.212,42.192],[-82.222,42.187],[-82.226,42.186],[-82.236,42.182],[-82.256,42.174],[-82.272,42.169],[-82.302,42.158],[-82.31,42.156],[-82.327,42.149],[-82.353,42.137],[-82.368,42.133],[-82.383,42.126],[-82.402,42.115],[-82.411,42.11],[-82.419,42.105],[-82.429,42.097],[-82.444,42.084],[-82.45,42.075],[-82.456,42.072],[-82.459,42.068],[-82.463,42.063],[-82.465,42.065],[-82.463,42.088],[-82.469,42.089],[-82.468,42.106],[-82.462,42.11],[-82.457,42.176],[-82.456,42.194],[-82.437,42.194],[-82.435,42.222],[-82.433,42.247],[-82.437,42.246],[-82.437,42.251],[-82.44,42.25],[-82.439,42.261],[-82.45,42.259],[-82.449,42.261],[-82.45,42.263],[-82.448,42.268],[-82.44,42.269],[-82.44,42.273],[-82.434,42.273],[-82.434,42.279],[-82.431,42.28],[-82.43,42.297],[-82.43,42.299],[-82.438,42.305],[-82.443,42.306],[-82.443,42.307],[-82.441,42.31],[-82.437,42.315],[-82.439,42.318],[-82.444,42.317],[-82.449,42.317],[-82.454,42.319],[-82.451,42.321],[-82.441,42.331],[-82.437,42.335],[-82.434,42.338],[-82.43,42.341],[-82.426,42.348],[-82.42,42.358],[-82.418,42.361],[-82.415,42.368],[-82.417,42.371],[-82.418,42.378],[-82.415,42.379],[-82.415,42.384],[-82.412,42.389],[-82.41,42.395],[-82.41,42.399],[-82.415,42.406],[-82.412,42.408],[-82.412,42.414],[-82.415,42.419],[-82.415,42.424],[-82.413,42.427],[-82.416,42.431],[-82.414,42.434],[-82.414,42.436],[-82.412,42.439],[-82.415,42.441],[-82.41,42.445],[-82.414,42.449],[-82.415,42.451],[-82.412,42.452],[-82.411,42.457],[-82.409,42.46],[-82.411,42.462],[-82.411,42.465],[-82.413,42.478],[-82.414,42.483],[-82.419,42.488],[-82.417,42.492],[-82.42,42.493],[-82.422,42.496],[-82.434,42.49],[-82.435,42.49],[-82.441,42.498],[-82.441,42.5],[-82.439,42.503],[-82.436,42.506],[-82.438,42.511],[-82.436,42.514],[-82.432,42.515],[-82.43,42.519],[-82.428,42.519],[-82.422,42.517],[-82.417,42.515],[-82.414,42.519],[-82.413,42.524],[-82.41,42.526],[-82.403,42.529],[-82.403,42.532],[-82.409,42.538],[-82.413,42.54],[-82.419,42.541],[-82.42,42.544],[-82.42,42.552],[-82.413,42.557],[-82.413,42.56],[-82.418,42.559],[-82.421,42.56],[-82.422,42.566],[-82.42,42.572],[-82.422,42.574],[-82.429,42.573],[-82.431,42.575],[-82.435,42.582],[-82.439,42.586],[-82.442,42.586],[-82.446,42.585],[-82.447,42.582],[-82.453,42.584],[-82.463,42.583],[-82.466,42.584],[-82.471,42.589],[-82.478,42.596],[-82.48,42.6],[-82.476,42.609],[-82.476,42.612],[-82.48,42.62],[-82.482,42.631],[-82.454,42.631],[-82.425,42.63],[-82.371,42.629],[-82.283,42.627],[-82.245,42.627],[-82.245,42.631],[-82.187,42.629],[-82.154,42.629],[-82.135,42.628],[-82.069,42.626],[-82.024,42.625],[-82.023,42.627],[-82.023,42.631],[-82.021,42.635],[-82.02,42.64],[-82.015,42.644],[-82.015,42.646],[-82.009,42.651],[-82.006,42.651],[-81.93,42.651],[-81.888,42.651],[-81.873,42.651],[-81.868,42.651],[-81.835,42.651],[-81.835,42.612],[-81.835,42.608]]]}},{"type":"Feature","properties":{"HR_UID":"3537","ENGNAME":"City of Hamilton Public Health Services"},"geometry":{"type":"MultiPolygon","coordinates":[[[[-79.875,43.286],[-79.881,43.283],[-79.886,43.284],[-79.887,43.289],[-79.884,43.288],[-79.877,43.288],[-79.875,43.286]]],[[[-79.887,43.291],[-79.89,43.285],[-79.89,43.28],[-79.886,43.274],[-79.883,43.271],[-79.875,43.271],[-79.873,43.273],[-79.867,43.271],[-79.868,43.274],[-79.861,43.274],[-79.861,43.278],[-79.852,43.276],[-79.84,43.273],[-79.834,43.271],[-79.832,43.272],[-79.826,43.285],[-79.824,43.284],[-79.815,43.282],[-79.814,43.282],[-79.797,43.279],[-79.797,43.274],[-79.794,43.275],[-79.787,43.269],[-79.781,43.268],[-79.787,43.273],[-79.793,43.28],[-79.794,43.284],[-79.79,43.285],[-79.795,43.291],[-79.794,43.293],[-79.797,43.297],[-79.794,43.298],[-79.786,43.284],[-79.779,43.275],[-79.77,43.265],[-79.762,43.256],[-79.756,43.252],[-79.749,43.247],[-79.741,43.245],[-79.731,43.245],[-79.723,43.243],[-79.719,43.24],[-79.711,43.237],[-79.705,43.235],[-79.692,43.236],[-79.686,43.234],[-79.682,43.234],[-79.674,43.231],[-79.665,43.226],[-79.661,43.224],[-79.654,43.223],[-79.65,43.223],[-79.628,43.229],[-79.622,43.226],[-79.627,43.214],[-79.631,43.206],[-79.638,43.189],[-79.646,43.171],[-79.65,43.163],[-79.658,43.146],[-79.659,43.144],[-79.678,43.148],[-79.692,43.152],[-79.71,43.156],[-79.742,43.08],[-79.751,43.056],[-79.754,43.051],[-79.772,43.057],[-79.832,43.078],[-79.851,43.085],[-79.901,43.102],[-79.933,43.114],[-79.984,43.132],[-80.048,43.155],[-80.056,43.158],[-80.079,43.167],[-80.112,43.178],[-80.157,43.195],[-80.162,43.196],[-80.177,43.202],[-80.201,43.211],[-80.21,43.234],[-80.212,43.239],[-80.222,43.265],[-80.238,43.307],[-80.248,43.334],[-80.213,43.339],[-80.188,43.343],[-80.19,43.353],[-80.195,43.365],[-80.196,43.371],[-80.205,43.398],[-80.153,43.406],[-80.107,43.414],[-80.079,43.418],[-80.084,43.435],[-80.059,43.453],[-80.034,43.471],[-79.975,43.428],[-79.938,43.402],[-79.913,43.385],[-79.86,43.347],[-79.862,43.342],[-79.865,43.338],[-79.875,43.329],[-79.882,43.328],[-79.884,43.329],[-79.913,43.308],[-79.893,43.295],[-79.89,43.292],[-79.887,43.291]]]]}},{"type":"Feature","properties":{"HR_UID":"3530","ENGNAME":"Durham Region Health Department"},"geometry":{"type":"Polygon","coordinates":[[[-78.516,44.099],[-78.509,44.081],[-78.498,44.057],[-78.49,44.038],[-78.485,44.021],[-78.473,43.995],[-78.464,43.973],[-78.453,43.947],[-78.437,43.912],[-78.446,43.91],[-78.455,43.905],[-78.464,43.902],[-78.466,43.9],[-78.482,43.897],[-78.487,43.897],[-78.497,43.9],[-78.503,43.901],[-78.509,43.9],[-78.52,43.899],[-78.536,43.897],[-78.541,43.896],[-78.556,43.896],[-78.564,43.895],[-78.57,43.897],[-78.574,43.897],[-78.577,43.896],[-78.586,43.895],[-78.592,43.896],[-78.598,43.896],[-78.602,43.897],[-78.607,43.898],[-78.612,43.899],[-78.618,43.899],[-78.623,43.897],[-78.633,43.895],[-78.636,43.893],[-78.64,43.893],[-78.653,43.892],[-78.658,43.891],[-78.663,43.889],[-78.669,43.888],[-78.676,43.885],[-78.681,43.88],[-78.684,43.878],[-78.683,43.873],[-78.685,43.873],[-78.69,43.877],[-78.694,43.876],[-78.699,43.874],[-78.702,43.872],[-78.712,43.868],[-78.715,43.867],[-78.726,43.867],[-78.731,43.868],[-78.732,43.869],[-78.738,43.87],[-78.75,43.868],[-78.76,43.868],[-78.773,43.868],[-78.785,43.87],[-78.797,43.867],[-78.804,43.869],[-78.811,43.87],[-78.818,43.869],[-78.819,43.866],[-78.823,43.865],[-78.83,43.861],[-78.831,43.859],[-78.839,43.858],[-78.847,43.855],[-78.857,43.854],[-78.868,43.851],[-78.87,43.85],[-78.888,43.853],[-78.895,43.852],[-78.903,43.846],[-78.91,43.847],[-78.922,43.85],[-78.929,43.852],[-78.935,43.851],[-78.939,43.849],[-78.941,43.847],[-78.951,43.846],[-78.956,43.845],[-78.962,43.842],[-78.972,43.832],[-78.977,43.829],[-78.983,43.827],[-78.995,43.827],[-78.998,43.826],[-79.008,43.822],[-79.011,43.82],[-79.016,43.819],[-79.025,43.816],[-79.033,43.817],[-79.043,43.816],[-79.048,43.814],[-79.055,43.809],[-79.06,43.808],[-79.061,43.806],[-79.065,43.808],[-79.072,43.809],[-79.072,43.811],[-79.079,43.812],[-79.092,43.812],[-79.097,43.81],[-79.103,43.805],[-79.109,43.799],[-79.115,43.795],[-79.12,43.796],[-79.124,43.799],[-79.131,43.802],[-79.134,43.801],[-79.134,43.807],[-79.138,43.808],[-79.142,43.809],[-79.146,43.81],[-79.152,43.815],[-79.16,43.834],[-79.17,43.855],[-79.183,43.884],[-79.199,43.92],[-79.207,43.938],[-79.214,43.953],[-79.222,43.978],[-79.248,44.037],[-79.262,44.07],[-79.278,44.107],[-79.292,44.138],[-79.307,44.173],[-79.328,44.223],[-79.273,44.236],[-79.228,44.247],[-79.196,44.254],[-79.156,44.263],[-79.164,44.282],[-79.172,44.299],[-79.182,44.321],[-79.203,44.368],[-79.231,44.432],[-79.233,44.439],[-79.238,44.448],[-79.241,44.45],[-79.244,44.448],[-79.25,44.45],[-79.252,44.452],[-79.249,44.455],[-79.243,44.458],[-79.242,44.46],[-79.164,44.471],[-79.161,44.472],[-79.161,44.474],[-79.157,44.477],[-79.159,44.48],[-79.157,44.482],[-79.16,44.485],[-79.16,44.487],[-79.154,44.49],[-79.154,44.495],[-79.155,44.497],[-79.152,44.5],[-79.148,44.5],[-79.148,44.505],[-79.144,44.509],[-79.145,44.511],[-79.14,44.513],[-79.131,44.51],[-79.128,44.507],[-79.122,44.506],[-79.121,44.507],[-79.106,44.51],[-79.097,44.514],[-79.093,44.517],[-79.082,44.516],[-79.07,44.488],[-79.045,44.432],[-79.039,44.419],[-79.028,44.393],[-79.015,44.367],[-78.993,44.317],[-78.979,44.285],[-78.974,44.274],[-78.969,44.261],[-78.959,44.236],[-78.952,44.22],[-78.946,44.207],[-78.937,44.189],[-78.929,44.168],[-78.922,44.154],[-78.921,44.156],[-78.919,44.169],[-78.918,44.178],[-78.911,44.193],[-78.903,44.203],[-78.901,44.205],[-78.883,44.217],[-78.877,44.219],[-78.87,44.218],[-78.864,44.218],[-78.86,44.218],[-78.855,44.216],[-78.851,44.212],[-78.849,44.202],[-78.846,44.179],[-78.842,44.169],[-78.829,44.179],[-78.792,44.204],[-78.77,44.227],[-78.767,44.22],[-78.758,44.199],[-78.755,44.193],[-78.748,44.177],[-78.707,44.09],[-78.693,44.058],[-78.664,44.065],[-78.61,44.077],[-78.606,44.079],[-78.602,44.079],[-78.592,44.081],[-78.56,44.089],[-78.542,44.093],[-78.526,44.097],[-78.516,44.099]]]}},{"type":"Feature","properties":{"HR_UID":"3558","ENGNAME":"Eastern Ontario Health Unit"},"geometry":{"type":"MultiPolygon","coordinates":[[[[-75.36,44.801],[-75.361,44.801],[-75.345,44.813],[-75.341,44.815],[-75.337,44.815],[-75.339,44.812],[-75.343,44.812],[-75.344,44.814],[-75.36,44.801]]],[[[-74.927,45.001],[-74.926,45],[-74.928,44.995],[-74.926,44.995],[-74.923,44.999],[-74.921,44.996],[-74.921,44.993],[-74.925,44.993],[-74.926,44.995],[-74.933,44.992],[-74.938,44.993],[-74.94,44.995],[-74.944,44.993],[-74.961,44.99],[-74.962,44.989],[-74.972,44.988],[-74.972,44.991],[-74.97,44.993],[-74.966,44.991],[-74.96,44.995],[-74.958,44.995],[-74.957,44.999],[-74.951,44.998],[-74.947,44.999],[-74.94,44.999],[-74.937,44.997],[-74.931,44.997],[-74.927,45.001]]],[[[-74.871,45.021],[-74.872,45.019],[-74.88,45.013],[-74.884,45.012],[-74.885,45.016],[-74.891,45.015],[-74.895,45.011],[-74.894,45.006],[-74.889,45.006],[-74.888,45.003],[-74.895,45.001],[-74.898,44.998],[-74.9,44.998],[-74.905,44.995],[-74.908,44.997],[-74.91,44.995],[-74.915,44.997],[-74.915,45],[-74.912,45],[-74.907,44.997],[-74.906,44.999],[-74.9,44.998],[-74.9,45.001],[-74.894,45.006],[-74.896,45.01],[-74.898,45.009],[-74.904,45.008],[-74.905,45.013],[-74.902,45.013],[-74.899,45.011],[-74.899,45.015],[-74.894,45.022],[-74.89,45.022],[-74.888,45.017],[-74.885,45.016],[-74.878,45.019],[-74.877,45.021],[-74.871,45.021]]],[[[-74.664,45.015],[-74.667,45.011],[-74.672,45.007],[-74.674,45.003],[-74.684,45.001],[-74.687,45.002],[-74.694,45.005],[-74.702,45.004],[-74.705,45.005],[-74.721,45],[-74.729,44.995],[-74.733,44.993],[-74.744,44.992],[-74.746,44.994],[-74.751,44.995],[-74.754,44.997],[-74.759,44.996],[-74.761,45],[-74.759,45.004],[-74.754,45.007],[-74.748,45.008],[-74.737,45.007],[-74.723,45.01],[-74.713,45.009],[-74.708,45.012],[-74.705,45.013],[-74.702,45.011],[-74.699,45.011],[-74.692,45.015],[-74.69,45.014],[-74.683,45.018],[-74.678,45.017],[-74.674,45.015],[-74.666,45.016],[-74.664,45.015]]],[[[-75.361,44.801],[-75.387,44.832],[-75.405,44.853],[-75.409,44.857],[-75.412,44.862],[-75.445,44.904],[-75.458,44.922],[-75.472,44.939],[-75.483,44.954],[-75.486,44.957],[-75.496,44.97],[-75.507,44.983],[-75.517,44.995],[-75.522,45.001],[-75.539,45.021],[-75.547,45.029],[-75.562,45.045],[-75.571,45.056],[-75.594,45.084],[-75.595,45.084],[-75.56,45.1],[-75.538,45.109],[-75.512,45.12],[-75.496,45.127],[-75.477,45.133],[-75.452,45.142],[-75.435,45.148],[-75.377,45.172],[-75.353,45.182],[-75.364,45.199],[-75.38,45.226],[-75.402,45.265],[-75.408,45.275],[-75.426,45.312],[-75.407,45.318],[-75.379,45.325],[-75.328,45.339],[-75.268,45.356],[-75.267,45.359],[-75.246,45.365],[-75.267,45.402],[-75.282,45.43],[-75.288,45.442],[-75.297,45.459],[-75.31,45.483],[-75.325,45.509],[-75.328,45.511],[-75.343,45.537],[-75.33,45.541],[-75.317,45.546],[-75.308,45.551],[-75.305,45.553],[-75.3,45.558],[-75.297,45.56],[-75.243,45.586],[-75.236,45.587],[-75.222,45.588],[-75.205,45.587],[-75.198,45.585],[-75.18,45.578],[-75.174,45.577],[-75.155,45.578],[-75.147,45.578],[-75.133,45.577],[-75.123,45.577],[-75.114,45.579],[-75.103,45.582],[-75.087,45.588],[-75.081,45.59],[-75.069,45.591],[-75.053,45.591],[-75.045,45.592],[-75.035,45.594],[-75.016,45.599],[-75.006,45.603],[-74.989,45.611],[-74.978,45.617],[-74.967,45.625],[-74.955,45.636],[-74.949,45.64],[-74.943,45.643],[-74.937,45.645],[-74.928,45.646],[-74.916,45.645],[-74.902,45.643],[-74.878,45.642],[-74.864,45.639],[-74.848,45.637],[-74.835,45.636],[-74.821,45.637],[-74.801,45.639],[-74.786,45.639],[-74.77,45.637],[-74.753,45.634],[-74.736,45.629],[-74.729,45.628],[-74.717,45.628],[-74.691,45.631],[-74.678,45.632],[-74.661,45.635],[-74.648,45.638],[-74.638,45.639],[-74.63,45.637],[-74.626,45.635],[-74.619,45.629],[-74.614,45.625],[-74.61,45.623],[-74.598,45.618],[-74.579,45.612],[-74.563,45.607],[-74.553,45.602],[-74.535,45.595],[-74.526,45.593],[-74.519,45.592],[-74.51,45.592],[-74.5,45.593],[-74.49,45.595],[-74.482,45.596],[-74.472,45.594],[-74.461,45.589],[-74.443,45.576],[-74.438,45.574],[-74.432,45.572],[-74.418,45.571],[-74.396,45.57],[-74.386,45.568],[-74.387,45.565],[-74.382,45.564],[-74.383,45.559],[-74.389,45.539],[-74.405,45.489],[-74.421,45.44],[-74.427,45.424],[-74.429,45.417],[-74.434,45.405],[-74.443,45.38],[-74.47,45.307],[-74.472,45.303],[-74.452,45.288],[-74.373,45.228],[-74.343,45.205],[-74.351,45.199],[-74.355,45.197],[-74.36,45.194],[-74.361,45.191],[-74.364,45.191],[-74.367,45.188],[-74.371,45.187],[-74.374,45.183],[-74.384,45.182],[-74.388,45.181],[-74.391,45.179],[-74.391,45.174],[-74.386,45.172],[-74.391,45.168],[-74.401,45.168],[-74.406,45.168],[-74.416,45.168],[-74.417,45.165],[-74.42,45.162],[-74.425,45.163],[-74.43,45.161],[-74.43,45.158],[-74.435,45.157],[-74.44,45.159],[-74.445,45.158],[-74.455,45.155],[-74.463,45.149],[-74.468,45.148],[-74.47,45.145],[-74.472,45.144],[-74.474,45.141],[-74.474,45.138],[-74.476,45.136],[-74.483,45.133],[-74.483,45.131],[-74.487,45.129],[-74.489,45.127],[-74.496,45.125],[-74.499,45.123],[-74.504,45.122],[-74.502,45.117],[-74.508,45.114],[-74.505,45.11],[-74.51,45.11],[-74.515,45.106],[-74.511,45.105],[-74.512,45.1],[-74.517,45.094],[-74.516,45.089],[-74.519,45.089],[-74.523,45.088],[-74.53,45.082],[-74.53,45.078],[-74.536,45.073],[-74.538,45.072],[-74.544,45.067],[-74.545,45.064],[-74.548,45.062],[-74.565,45.057],[-74.567,45.055],[-74.573,45.052],[-74.576,45.052],[-74.584,45.05],[-74.592,45.047],[-74.597,45.045],[-74.6,45.046],[-74.604,45.045],[-74.608,45.041],[-74.612,45.041],[-74.614,45.037],[-74.618,45.035],[-74.623,45.037],[-74.629,45.033],[-74.64,45.034],[-74.644,45.036],[-74.648,45.035],[-74.651,45.033],[-74.656,45.031],[-74.66,45.029],[-74.661,45.031],[-74.665,45.032],[-74.673,45.028],[-74.681,45.026],[-74.688,45.022],[-74.694,45.02],[-74.7,45.016],[-74.707,45.017],[-74.709,45.015],[-74.717,45.013],[-74.729,45.013],[-74.736,45.009],[-74.744,45.011],[-74.75,45.01],[-74.756,45.009],[-74.767,45.008],[-74.769,45.009],[-74.777,45.009],[-74.783,45.008],[-74.79,45.009],[-74.792,45.012],[-74.792,45.017],[-74.79,45.02],[-74.79,45.024],[-74.793,45.027],[-74.799,45.027],[-74.804,45.025],[-74.813,45.025],[-74.816,45.026],[-74.819,45.028],[-74.826,45.03],[-74.831,45.032],[-74.837,45.032],[-74.843,45.03],[-74.847,45.031],[-74.851,45.029],[-74.853,45.03],[-74.857,45.031],[-74.861,45.028],[-74.865,45.026],[-74.875,45.029],[-74.88,45.028],[-74.884,45.027],[-74.89,45.027],[-74.899,45.024],[-74.901,45.024],[-74.909,45.023],[-74.91,45.019],[-74.914,45.015],[-74.914,45.02],[-74.92,45.019],[-74.924,45.012],[-74.929,45.01],[-74.93,45.012],[-74.936,45.013],[-74.937,45.015],[-74.936,45.019],[-74.934,45.022],[-74.935,45.024],[-74.94,45.023],[-74.943,45.022],[-74.947,45.023],[-74.955,45.017],[-74.953,45.015],[-74.956,45.015],[-74.96,45.013],[-74.963,45.013],[-74.964,45.011],[-74.969,45.007],[-74.966,45.007],[-74.962,45.009],[-74.96,45.012],[-74.956,45.014],[-74.955,45.014],[-74.952,45.015],[-74.952,45.016],[-74.946,45.016],[-74.944,45.012],[-74.939,45.009],[-74.939,45.004],[-74.943,45.004],[-74.945,45.006],[-74.954,45.005],[-74.957,45.004],[-74.964,44.997],[-74.977,44.995],[-74.994,44.99],[-74.989,44.988],[-74.991,44.984],[-74.997,44.983],[-75,44.984],[-75.001,44.986],[-75.009,44.982],[-75.003,44.978],[-75.007,44.977],[-75.015,44.969],[-75.02,44.966],[-75.02,44.963],[-75.013,44.967],[-75.01,44.968],[-75.007,44.974],[-75.003,44.975],[-75.002,44.973],[-75.006,44.97],[-75.005,44.966],[-75.007,44.964],[-75.011,44.962],[-75.016,44.961],[-75.019,44.959],[-75.022,44.96],[-75.02,44.963],[-75.022,44.964],[-75.026,44.96],[-75.034,44.959],[-75.033,44.956],[-75.036,44.952],[-75.045,44.946],[-75.05,44.947],[-75.054,44.944],[-75.06,44.944],[-75.056,44.949],[-75.054,44.95],[-75.053,44.953],[-75.05,44.952],[-75.05,44.955],[-75.051,44.959],[-75.056,44.958],[-75.054,44.955],[-75.058,44.952],[-75.059,44.948],[-75.062,44.946],[-75.065,44.946],[-75.07,44.941],[-75.072,44.941],[-75.074,44.938],[-75.079,44.937],[-75.082,44.939],[-75.085,44.937],[-75.091,44.935],[-75.092,44.938],[-75.095,44.937],[-75.096,44.934],[-75.109,44.934],[-75.114,44.933],[-75.119,44.93],[-75.121,44.928],[-75.125,44.928],[-75.129,44.926],[-75.132,44.923],[-75.137,44.924],[-75.145,44.918],[-75.147,44.913],[-75.154,44.91],[-75.162,44.903],[-75.166,44.903],[-75.168,44.899],[-75.179,44.895],[-75.184,44.892],[-75.192,44.89],[-75.198,44.884],[-75.203,44.882],[-75.206,44.883],[-75.21,44.882],[-75.214,44.883],[-75.224,44.878],[-75.229,44.875],[-75.237,44.873],[-75.239,44.873],[-75.244,44.871],[-75.249,44.866],[-75.254,44.863],[-75.258,44.861],[-75.265,44.86],[-75.267,44.859],[-75.279,44.854],[-75.283,44.854],[-75.286,44.855],[-75.29,44.853],[-75.297,44.85],[-75.304,44.845],[-75.308,44.844],[-75.316,44.836],[-75.31,44.837],[-75.314,44.829],[-75.32,44.822],[-75.323,44.823],[-75.32,44.831],[-75.316,44.835],[-75.321,44.835],[-75.326,44.829],[-75.325,44.826],[-75.328,44.823],[-75.326,44.821],[-75.339,44.817],[-75.344,44.815],[-75.353,44.809],[-75.361,44.801]]]]}},{"type":"Feature","properties":{"HR_UID":"3533","ENGNAME":"Grey Bruce Health Unit"},"geometry":{"type":"MultiPolygon","coordinates":[[[[-80.97,44.852],[-80.967,44.85],[-80.965,44.847],[-80.968,44.84],[-80.964,44.833],[-80.964,44.83],[-80.967,44.827],[-80.972,44.824],[-80.984,44.822],[-80.986,44.823],[-80.992,44.824],[-80.997,44.825],[-80.997,44.826],[-80.992,44.83],[-80.982,44.833],[-80.983,44.837],[-80.99,44.841],[-80.99,44.844],[-80.977,44.849],[-80.97,44.852]]],[[[-80.901,44.859],[-80.896,44.857],[-80.892,44.854],[-80.891,44.85],[-80.891,44.84],[-80.891,44.837],[-80.892,44.832],[-80.896,44.829],[-80.904,44.828],[-80.909,44.829],[-80.924,44.828],[-80.927,44.834],[-80.926,44.841],[-80.919,44.847],[-80.915,44.855],[-80.912,44.858],[-80.909,44.86],[-80.901,44.859]]],[[[-80.97,44.905],[-80.963,44.902],[-80.96,44.898],[-80.958,44.893],[-80.958,44.889],[-80.961,44.88],[-80.966,44.875],[-80.968,44.871],[-80.971,44.867],[-80.978,44.874],[-80.981,44.881],[-80.983,44.885],[-80.983,44.891],[-80.983,44.899],[-80.977,44.906],[-80.97,44.905]]],[[[-81.39,44.957],[-81.396,44.954],[-81.398,44.952],[-81.397,44.95],[-81.398,44.944],[-81.401,44.941],[-81.409,44.938],[-81.412,44.939],[-81.41,44.942],[-81.415,44.945],[-81.417,44.948],[-81.42,44.949],[-81.419,44.954],[-81.414,44.958],[-81.409,44.96],[-81.405,44.958],[-81.401,44.959],[-81.398,44.957],[-81.396,44.959],[-81.39,44.957]]],[[[-80.293,44.533],[-80.293,44.532],[-80.286,44.5],[-80.28,44.476],[-80.274,44.449],[-80.267,44.42],[-80.259,44.386],[-80.251,44.351],[-80.229,44.253],[-80.254,44.248],[-80.281,44.242],[-80.329,44.232],[-80.377,44.222],[-80.411,44.215],[-80.408,44.213],[-80.423,44.2],[-80.418,44.198],[-80.41,44.195],[-80.405,44.193],[-80.361,44.167],[-80.38,44.15],[-80.398,44.135],[-80.395,44.122],[-80.392,44.111],[-80.388,44.093],[-80.375,44.039],[-80.395,44.035],[-80.438,44.026],[-80.495,44.014],[-80.513,44.01],[-80.569,43.998],[-80.574,43.998],[-80.626,43.992],[-80.678,43.986],[-80.716,43.981],[-80.722,43.986],[-80.726,43.999],[-80.733,43.993],[-80.74,43.997],[-80.747,44.002],[-80.748,44.001],[-80.756,43.995],[-80.75,43.991],[-80.746,43.989],[-80.755,43.982],[-80.751,43.979],[-80.754,43.977],[-80.782,43.973],[-80.809,43.97],[-80.827,43.968],[-80.836,44.005],[-80.873,44],[-80.992,43.986],[-81.058,43.977],[-81.094,43.972],[-81.185,43.959],[-81.277,43.943],[-81.329,43.934],[-81.368,43.927],[-81.371,43.924],[-81.384,43.908],[-81.417,43.922],[-81.507,43.958],[-81.511,43.952],[-81.525,43.957],[-81.52,43.963],[-81.612,44],[-81.65,44.016],[-81.716,44.042],[-81.746,44.054],[-81.75,44.059],[-81.754,44.064],[-81.757,44.072],[-81.754,44.078],[-81.748,44.084],[-81.744,44.089],[-81.743,44.091],[-81.739,44.094],[-81.733,44.1],[-81.726,44.105],[-81.712,44.112],[-81.705,44.118],[-81.688,44.133],[-81.682,44.138],[-81.678,44.143],[-81.668,44.149],[-81.664,44.152],[-81.657,44.161],[-81.652,44.164],[-81.646,44.169],[-81.641,44.176],[-81.639,44.182],[-81.639,44.187],[-81.637,44.19],[-81.637,44.192],[-81.635,44.194],[-81.63,44.198],[-81.627,44.202],[-81.622,44.209],[-81.622,44.21],[-81.616,44.215],[-81.614,44.219],[-81.615,44.221],[-81.611,44.232],[-81.609,44.246],[-81.605,44.251],[-81.605,44.254],[-81.602,44.257],[-81.602,44.262],[-81.605,44.266],[-81.609,44.267],[-81.608,44.27],[-81.605,44.272],[-81.601,44.278],[-81.596,44.283],[-81.592,44.286],[-81.591,44.291],[-81.596,44.297],[-81.602,44.296],[-81.604,44.298],[-81.598,44.303],[-81.596,44.306],[-81.597,44.307],[-81.602,44.307],[-81.606,44.309],[-81.606,44.313],[-81.608,44.315],[-81.607,44.32],[-81.601,44.327],[-81.594,44.334],[-81.591,44.333],[-81.585,44.336],[-81.583,44.334],[-81.581,44.337],[-81.582,44.342],[-81.577,44.343],[-81.57,44.342],[-81.565,44.335],[-81.561,44.333],[-81.557,44.334],[-81.555,44.335],[-81.552,44.341],[-81.551,44.346],[-81.554,44.351],[-81.553,44.357],[-81.55,44.357],[-81.55,44.36],[-81.547,44.363],[-81.54,44.362],[-81.54,44.364],[-81.533,44.367],[-81.531,44.369],[-81.529,44.374],[-81.532,44.375],[-81.529,44.377],[-81.525,44.376],[-81.523,44.38],[-81.523,44.383],[-81.521,44.387],[-81.518,44.389],[-81.515,44.393],[-81.509,44.397],[-81.508,44.402],[-81.504,44.401],[-81.502,44.403],[-81.497,44.409],[-81.493,44.412],[-81.491,44.412],[-81.479,44.417],[-81.471,44.419],[-81.468,44.416],[-81.464,44.418],[-81.456,44.419],[-81.449,44.422],[-81.442,44.421],[-81.436,44.422],[-81.431,44.425],[-81.429,44.424],[-81.426,44.424],[-81.422,44.428],[-81.419,44.428],[-81.409,44.433],[-81.404,44.437],[-81.403,44.445],[-81.408,44.45],[-81.404,44.457],[-81.402,44.46],[-81.4,44.464],[-81.39,44.468],[-81.39,44.471],[-81.388,44.473],[-81.39,44.475],[-81.385,44.48],[-81.388,44.49],[-81.379,44.494],[-81.376,44.5],[-81.368,44.508],[-81.359,44.516],[-81.358,44.518],[-81.353,44.525],[-81.35,44.532],[-81.347,44.536],[-81.343,44.538],[-81.342,44.541],[-81.339,44.542],[-81.332,44.549],[-81.329,44.548],[-81.324,44.55],[-81.32,44.554],[-81.319,44.558],[-81.313,44.563],[-81.309,44.566],[-81.306,44.571],[-81.301,44.575],[-81.296,44.579],[-81.293,44.584],[-81.293,44.587],[-81.295,44.59],[-81.294,44.591],[-81.286,44.594],[-81.284,44.597],[-81.281,44.6],[-81.277,44.607],[-81.273,44.617],[-81.272,44.625],[-81.271,44.632],[-81.272,44.649],[-81.276,44.657],[-81.28,44.661],[-81.279,44.663],[-81.283,44.664],[-81.285,44.67],[-81.288,44.67],[-81.294,44.672],[-81.293,44.674],[-81.3,44.677],[-81.303,44.68],[-81.303,44.684],[-81.305,44.685],[-81.307,44.691],[-81.307,44.694],[-81.304,44.697],[-81.301,44.696],[-81.297,44.697],[-81.292,44.695],[-81.291,44.693],[-81.282,44.692],[-81.282,44.693],[-81.278,44.695],[-81.278,44.698],[-81.274,44.7],[-81.278,44.704],[-81.275,44.706],[-81.277,44.71],[-81.275,44.713],[-81.281,44.717],[-81.284,44.715],[-81.287,44.717],[-81.283,44.718],[-81.277,44.725],[-81.28,44.727],[-81.278,44.736],[-81.28,44.738],[-81.286,44.734],[-81.288,44.735],[-81.285,44.738],[-81.284,44.741],[-81.281,44.745],[-81.281,44.747],[-81.277,44.751],[-81.277,44.756],[-81.278,44.761],[-81.281,44.762],[-81.285,44.762],[-81.285,44.768],[-81.284,44.77],[-81.284,44.773],[-81.283,44.775],[-81.289,44.779],[-81.294,44.779],[-81.295,44.782],[-81.299,44.783],[-81.294,44.786],[-81.293,44.789],[-81.296,44.789],[-81.299,44.792],[-81.298,44.796],[-81.295,44.796],[-81.288,44.799],[-81.285,44.805],[-81.285,44.806],[-81.297,44.812],[-81.294,44.816],[-81.295,44.82],[-81.299,44.824],[-81.308,44.821],[-81.31,44.826],[-81.317,44.827],[-81.319,44.83],[-81.323,44.831],[-81.325,44.836],[-81.324,44.838],[-81.326,44.842],[-81.33,44.842],[-81.331,44.846],[-81.33,44.852],[-81.332,44.853],[-81.329,44.861],[-81.327,44.864],[-81.33,44.866],[-81.326,44.867],[-81.325,44.869],[-81.319,44.873],[-81.321,44.876],[-81.325,44.875],[-81.326,44.878],[-81.33,44.876],[-81.333,44.874],[-81.331,44.871],[-81.334,44.868],[-81.336,44.863],[-81.341,44.865],[-81.342,44.863],[-81.345,44.863],[-81.345,44.869],[-81.346,44.87],[-81.344,44.876],[-81.349,44.875],[-81.354,44.877],[-81.354,44.885],[-81.359,44.891],[-81.363,44.891],[-81.366,44.893],[-81.365,44.895],[-81.368,44.896],[-81.366,44.899],[-81.361,44.899],[-81.355,44.904],[-81.358,44.906],[-81.362,44.902],[-81.367,44.903],[-81.368,44.906],[-81.373,44.906],[-81.375,44.911],[-81.374,44.916],[-81.373,44.918],[-81.374,44.925],[-81.369,44.932],[-81.368,44.94],[-81.363,44.949],[-81.361,44.953],[-81.358,44.955],[-81.357,44.964],[-81.354,44.966],[-81.359,44.967],[-81.366,44.968],[-81.37,44.967],[-81.377,44.967],[-81.376,44.971],[-81.374,44.976],[-81.366,44.984],[-81.365,44.987],[-81.371,44.99],[-81.372,44.997],[-81.373,44.999],[-81.377,44.999],[-81.382,44.997],[-81.389,44.991],[-81.396,44.986],[-81.394,44.985],[-81.395,44.982],[-81.402,44.978],[-81.406,44.979],[-81.404,44.983],[-81.406,44.986],[-81.403,44.989],[-81.409,44.988],[-81.409,44.991],[-81.405,44.992],[-81.406,44.995],[-81.402,44.999],[-81.407,44.998],[-81.414,44.995],[-81.417,44.989],[-81.417,44.987],[-81.419,44.985],[-81.418,44.982],[-81.421,44.978],[-81.426,44.974],[-81.431,44.973],[-81.433,44.971],[-81.437,44.971],[-81.437,44.976],[-81.434,44.982],[-81.433,44.985],[-81.431,44.99],[-81.436,44.991],[-81.439,44.99],[-81.441,44.991],[-81.439,44.993],[-81.441,44.996],[-81.44,44.998],[-81.448,45],[-81.454,45.004],[-81.452,45.008],[-81.45,45.012],[-81.455,45.015],[-81.457,45.02],[-81.455,45.025],[-81.458,45.028],[-81.461,45.025],[-81.464,45.028],[-81.461,45.029],[-81.463,45.032],[-81.466,45.031],[-81.468,45.033],[-81.466,45.035],[-81.466,45.039],[-81.465,45.042],[-81.468,45.042],[-81.467,45.048],[-81.473,45.047],[-81.476,45.045],[-81.483,45.046],[-81.484,45.049],[-81.483,45.053],[-81.484,45.055],[-81.49,45.054],[-81.495,45.054],[-81.495,45.057],[-81.49,45.059],[-81.491,45.061],[-81.496,45.06],[-81.499,45.062],[-81.496,45.067],[-81.498,45.069],[-81.498,45.073],[-81.494,45.074],[-81.497,45.076],[-81.503,45.071],[-81.504,45.069],[-81.507,45.068],[-81.508,45.071],[-81.505,45.072],[-81.506,45.076],[-81.514,45.076],[-81.516,45.077],[-81.513,45.083],[-81.516,45.087],[-81.514,45.09],[-81.516,45.094],[-81.521,45.097],[-81.52,45.101],[-81.524,45.104],[-81.52,45.106],[-81.522,45.109],[-81.527,45.107],[-81.528,45.108],[-81.528,45.114],[-81.538,45.112],[-81.543,45.113],[-81.545,45.115],[-81.541,45.12],[-81.546,45.122],[-81.549,45.118],[-81.552,45.118],[-81.551,45.125],[-81.558,45.124],[-81.564,45.125],[-81.566,45.127],[-81.566,45.131],[-81.562,45.135],[-81.57,45.136],[-81.579,45.134],[-81.58,45.137],[-81.575,45.14],[-81.572,45.139],[-81.575,45.146],[-81.572,45.149],[-81.572,45.151],[-81.578,45.152],[-81.589,45.148],[-81.595,45.149],[-81.595,45.151],[-81.59,45.156],[-81.594,45.16],[-81.591,45.162],[-81.594,45.165],[-81.588,45.171],[-81.584,45.172],[-81.583,45.176],[-81.578,45.182],[-81.583,45.181],[-81.584,45.183],[-81.577,45.189],[-81.578,45.192],[-81.585,45.192],[-81.587,45.19],[-81.598,45.186],[-81.603,45.181],[-81.607,45.18],[-81.615,45.181],[-81.615,45.188],[-81.619,45.191],[-81.619,45.194],[-81.628,45.187],[-81.629,45.183],[-81.631,45.182],[-81.637,45.182],[-81.636,45.184],[-81.63,45.185],[-81.627,45.19],[-81.635,45.191],[-81.644,45.187],[-81.648,45.187],[-81.65,45.186],[-81.656,45.184],[-81.659,45.186],[-81.663,45.185],[-81.665,45.186],[-81.662,45.188],[-81.657,45.19],[-81.656,45.198],[-81.662,45.201],[-81.664,45.201],[-81.675,45.199],[-81.676,45.2],[-81.681,45.198],[-81.684,45.197],[-81.702,45.198],[-81.701,45.201],[-81.703,45.204],[-81.7,45.208],[-81.701,45.212],[-81.707,45.209],[-81.712,45.213],[-81.717,45.212],[-81.716,45.215],[-81.722,45.214],[-81.726,45.215],[-81.73,45.219],[-81.729,45.222],[-81.727,45.222],[-81.723,45.226],[-81.718,45.229],[-81.708,45.233],[-81.704,45.235],[-81.702,45.234],[-81.696,45.236],[-81.692,45.235],[-81.689,45.238],[-81.693,45.242],[-81.694,45.246],[-81.69,45.247],[-81.691,45.25],[-81.69,45.255],[-81.688,45.257],[-81.68,45.259],[-81.679,45.255],[-81.67,45.257],[-81.665,45.258],[-81.661,45.258],[-81.66,45.261],[-81.665,45.263],[-81.657,45.266],[-81.649,45.266],[-81.645,45.264],[-81.638,45.265],[-81.636,45.263],[-81.638,45.26],[-81.64,45.261],[-81.647,45.258],[-81.644,45.256],[-81.639,45.256],[-81.638,45.254],[-81.642,45.252],[-81.64,45.25],[-81.62,45.254],[-81.616,45.254],[-81.611,45.253],[-81.612,45.249],[-81.606,45.248],[-81.588,45.252],[-81.585,45.252],[-81.578,45.247],[-81.582,45.242],[-81.58,45.24],[-81.571,45.241],[-81.563,45.245],[-81.559,45.245],[-81.551,45.247],[-81.546,45.245],[-81.535,45.247],[-81.531,45.247],[-81.53,45.245],[-81.521,45.246],[-81.517,45.242],[-81.509,45.24],[-81.503,45.241],[-81.494,45.238],[-81.487,45.239],[-81.483,45.236],[-81.472,45.232],[-81.463,45.23],[-81.456,45.231],[-81.44,45.232],[-81.438,45.232],[-81.431,45.233],[-81.422,45.232],[-81.412,45.235],[-81.407,45.235],[-81.394,45.239],[-81.391,45.241],[-81.386,45.242],[-81.381,45.242],[-81.373,45.243],[-81.367,45.242],[-81.365,45.243],[-81.355,45.242],[-81.352,45.24],[-81.344,45.24],[-81.339,45.242],[-81.32,45.245],[-81.311,45.247],[-81.304,45.248],[-81.299,45.242],[-81.294,45.243],[-81.294,45.245],[-81.291,45.245],[-81.288,45.238],[-81.284,45.234],[-81.284,45.228],[-81.287,45.222],[-81.295,45.213],[-81.298,45.21],[-81.31,45.203],[-81.313,45.2],[-81.321,45.193],[-81.327,45.19],[-81.332,45.183],[-81.335,45.177],[-81.337,45.165],[-81.336,45.161],[-81.334,45.157],[-81.335,45.152],[-81.334,45.149],[-81.336,45.143],[-81.333,45.138],[-81.325,45.131],[-81.322,45.128],[-81.318,45.125],[-81.312,45.122],[-81.298,45.119],[-81.289,45.117],[-81.283,45.118],[-81.281,45.117],[-81.283,45.112],[-81.282,45.108],[-81.278,45.105],[-81.275,45.097],[-81.269,45.09],[-81.267,45.084],[-81.262,45.077],[-81.266,45.068],[-81.267,45.06],[-81.268,45.057],[-81.27,45.05],[-81.268,45.041],[-81.266,45.031],[-81.272,45.026],[-81.277,45.023],[-81.277,45.019],[-81.271,45.009],[-81.268,45.005],[-81.261,45],[-81.253,44.996],[-81.25,44.991],[-81.252,44.988],[-81.249,44.987],[-81.245,44.991],[-81.24,44.994],[-81.236,44.998],[-81.223,45.01],[-81.217,45.009],[-81.213,45.005],[-81.204,45.002],[-81.199,45.002],[-81.197,45.001],[-81.195,44.997],[-81.202,44.989],[-81.207,44.984],[-81.22,44.973],[-81.216,44.966],[-81.216,44.963],[-81.214,44.961],[-81.209,44.961],[-81.196,44.958],[-81.192,44.958],[-81.18,44.959],[-81.174,44.96],[-81.167,44.96],[-81.158,44.958],[-81.153,44.959],[-81.123,44.961],[-81.12,44.961],[-81.116,44.955],[-81.114,44.95],[-81.115,44.942],[-81.117,44.939],[-81.12,44.942],[-81.128,44.939],[-81.134,44.932],[-81.133,44.931],[-81.135,44.927],[-81.138,44.929],[-81.142,44.927],[-81.152,44.916],[-81.157,44.912],[-81.159,44.907],[-81.159,44.906],[-81.153,44.902],[-81.151,44.901],[-81.142,44.903],[-81.137,44.907],[-81.137,44.908],[-81.128,44.913],[-81.127,44.915],[-81.122,44.918],[-81.111,44.922],[-81.103,44.923],[-81.094,44.921],[-81.092,44.919],[-81.088,44.915],[-81.087,44.911],[-81.087,44.906],[-81.091,44.903],[-81.096,44.903],[-81.1,44.899],[-81.101,44.896],[-81.098,44.894],[-81.093,44.895],[-81.082,44.892],[-81.081,44.893],[-81.077,44.893],[-81.064,44.896],[-81.06,44.901],[-81.059,44.905],[-81.063,44.909],[-81.062,44.915],[-81.054,44.916],[-81.05,44.918],[-81.048,44.918],[-81.041,44.918],[-81.031,44.918],[-81.028,44.921],[-81.027,44.923],[-81.024,44.926],[-81.025,44.928],[-81.029,44.931],[-81.033,44.93],[-81.035,44.926],[-81.04,44.927],[-81.04,44.928],[-81.047,44.932],[-81.051,44.933],[-81.051,44.938],[-81.056,44.945],[-81.05,44.95],[-81.051,44.955],[-81.044,44.96],[-81.035,44.967],[-81.026,44.97],[-81.019,44.97],[-81.013,44.967],[-81.013,44.965],[-81.01,44.957],[-81.004,44.956],[-81,44.96],[-80.994,44.965],[-80.993,44.97],[-80.989,44.972],[-80.985,44.972],[-80.984,44.966],[-80.981,44.964],[-80.969,44.961],[-80.96,44.956],[-80.96,44.953],[-80.963,44.947],[-80.968,44.944],[-80.981,44.94],[-80.989,44.936],[-80.994,44.934],[-81,44.93],[-81.007,44.924],[-81.018,44.918],[-81.021,44.913],[-81.022,44.906],[-81.027,44.901],[-81.028,44.898],[-81.031,44.895],[-81.029,44.891],[-81.026,44.889],[-81.016,44.89],[-81.01,44.887],[-81.006,44.884],[-81.005,44.877],[-81.007,44.872],[-81.017,44.863],[-81.019,44.859],[-81.019,44.855],[-81.021,44.85],[-81.026,44.844],[-81.035,44.836],[-81.044,44.832],[-81.05,44.828],[-81.056,44.824],[-81.074,44.81],[-81.09,44.8],[-81.097,44.796],[-81.104,44.793],[-81.125,44.78],[-81.126,44.779],[-81.132,44.775],[-81.131,44.766],[-81.14,44.747],[-81.133,44.743],[-81.127,44.743],[-81.112,44.754],[-81.102,44.763],[-81.096,44.767],[-81.089,44.772],[-81.085,44.778],[-81.078,44.781],[-81.058,44.788],[-81.049,44.792],[-81.037,44.797],[-81.031,44.798],[-81.019,44.802],[-81.014,44.803],[-81.008,44.806],[-80.995,44.808],[-80.992,44.809],[-80.985,44.809],[-80.977,44.807],[-80.968,44.801],[-80.963,44.798],[-80.951,44.793],[-80.947,44.793],[-80.938,44.793],[-80.934,44.794],[-80.923,44.799],[-80.915,44.798],[-80.909,44.796],[-80.906,44.794],[-80.898,44.786],[-80.893,44.776],[-80.89,44.77],[-80.888,44.763],[-80.889,44.753],[-80.889,44.752],[-80.887,44.743],[-80.888,44.743],[-80.888,44.737],[-80.891,44.732],[-80.892,44.729],[-80.896,44.725],[-80.899,44.72],[-80.901,44.714],[-80.904,44.711],[-80.91,44.707],[-80.911,44.704],[-80.909,44.701],[-80.909,44.696],[-80.917,44.685],[-80.916,44.68],[-80.918,44.677],[-80.917,44.671],[-80.918,44.669],[-80.921,44.667],[-80.922,44.663],[-80.924,44.662],[-80.926,44.659],[-80.933,44.638],[-80.934,44.636],[-80.936,44.629],[-80.938,44.626],[-80.939,44.621],[-80.944,44.619],[-80.947,44.614],[-80.944,44.609],[-80.945,44.601],[-80.943,44.591],[-80.946,44.587],[-80.946,44.581],[-80.945,44.578],[-80.941,44.58],[-80.937,44.579],[-80.934,44.585],[-80.931,44.589],[-80.925,44.593],[-80.924,44.596],[-80.92,44.602],[-80.919,44.604],[-80.912,44.612],[-80.913,44.613],[-80.911,44.618],[-80.9,44.621],[-80.896,44.62],[-80.893,44.62],[-80.889,44.623],[-80.886,44.625],[-80.876,44.626],[-80.873,44.631],[-80.873,44.633],[-80.87,44.634],[-80.865,44.641],[-80.865,44.643],[-80.862,44.646],[-80.861,44.65],[-80.854,44.659],[-80.851,44.661],[-80.845,44.668],[-80.824,44.689],[-80.817,44.691],[-80.812,44.692],[-80.806,44.694],[-80.799,44.698],[-80.799,44.7],[-80.796,44.704],[-80.79,44.706],[-80.785,44.707],[-80.78,44.709],[-80.778,44.711],[-80.776,44.713],[-80.769,44.713],[-80.761,44.713],[-80.754,44.716],[-80.749,44.721],[-80.751,44.724],[-80.745,44.725],[-80.74,44.722],[-80.735,44.72],[-80.727,44.72],[-80.724,44.72],[-80.717,44.721],[-80.715,44.72],[-80.697,44.723],[-80.688,44.723],[-80.684,44.722],[-80.675,44.723],[-80.668,44.721],[-80.66,44.722],[-80.656,44.723],[-80.643,44.721],[-80.637,44.718],[-80.636,44.716],[-80.639,44.71],[-80.638,44.702],[-80.633,44.696],[-80.626,44.686],[-80.626,44.681],[-80.627,44.678],[-80.624,44.673],[-80.623,44.669],[-80.628,44.66],[-80.627,44.65],[-80.625,44.641],[-80.622,44.637],[-80.61,44.623],[-80.601,44.618],[-80.594,44.612],[-80.589,44.61],[-80.583,44.608],[-80.579,44.605],[-80.572,44.603],[-80.565,44.602],[-80.559,44.602],[-80.556,44.599],[-80.554,44.595],[-80.549,44.593],[-80.536,44.592],[-80.514,44.594],[-80.51,44.595],[-80.506,44.593],[-80.494,44.589],[-80.487,44.584],[-80.489,44.581],[-80.486,44.579],[-80.48,44.577],[-80.475,44.577],[-80.466,44.573],[-80.459,44.571],[-80.452,44.566],[-80.445,44.564],[-80.444,44.561],[-80.44,44.56],[-80.438,44.558],[-80.43,44.553],[-80.429,44.551],[-80.422,44.549],[-80.419,44.547],[-80.414,44.546],[-80.411,44.543],[-80.409,44.543],[-80.406,44.54],[-80.397,44.539],[-80.393,44.538],[-80.386,44.537],[-80.383,44.538],[-80.38,44.54],[-80.369,44.539],[-80.35,44.538],[-80.335,44.531],[-80.329,44.528],[-80.322,44.524],[-80.318,44.524],[-80.313,44.522],[-80.306,44.524],[-80.302,44.527],[-80.297,44.529],[-80.293,44.533]]],[[[-81.612,45.307],[-81.613,45.301],[-81.616,45.299],[-81.62,45.299],[-81.621,45.296],[-81.627,45.294],[-81.632,45.298],[-81.639,45.3],[-81.64,45.301],[-81.638,45.304],[-81.632,45.306],[-81.621,45.307],[-81.619,45.306],[-81.614,45.307],[-81.612,45.307]]],[[[-81.738,45.328],[-81.735,45.327],[-81.735,45.322],[-81.731,45.318],[-81.725,45.316],[-81.719,45.313],[-81.719,45.312],[-81.713,45.311],[-81.711,45.309],[-81.713,45.306],[-81.711,45.304],[-81.716,45.301],[-81.715,45.299],[-81.709,45.297],[-81.71,45.294],[-81.703,45.29],[-81.714,45.285],[-81.715,45.288],[-81.721,45.287],[-81.725,45.289],[-81.737,45.292],[-81.736,45.295],[-81.738,45.299],[-81.744,45.3],[-81.743,45.303],[-81.739,45.306],[-81.742,45.309],[-81.74,45.311],[-81.748,45.314],[-81.757,45.312],[-81.762,45.312],[-81.768,45.314],[-81.768,45.316],[-81.762,45.316],[-81.758,45.318],[-81.751,45.318],[-81.747,45.32],[-81.741,45.324],[-81.738,45.328]]]]}},{"type":"Feature","properties":{"HR_UID":"3534","ENGNAME":"Haldimand-Norfolk Health Unit"},"geometry":{"type":"MultiPolygon","coordinates":[[[[-80.044,42.549],[-80.047,42.548],[-80.061,42.545],[-80.082,42.544],[-80.091,42.542],[-80.109,42.541],[-80.118,42.54],[-80.133,42.539],[-80.15,42.539],[-80.164,42.541],[-80.205,42.547],[-80.218,42.55],[-80.241,42.553],[-80.244,42.554],[-80.268,42.557],[-80.276,42.559],[-80.304,42.563],[-80.296,42.563],[-80.29,42.564],[-80.286,42.561],[-80.277,42.56],[-80.274,42.559],[-80.269,42.559],[-80.264,42.56],[-80.262,42.561],[-80.261,42.561],[-80.255,42.562],[-80.254,42.562],[-80.252,42.562],[-80.25,42.563],[-80.248,42.563],[-80.244,42.563],[-80.236,42.565],[-80.218,42.564],[-80.226,42.562],[-80.235,42.56],[-80.234,42.562],[-80.246,42.561],[-80.255,42.559],[-80.258,42.56],[-80.266,42.559],[-80.266,42.557],[-80.26,42.556],[-80.253,42.556],[-80.252,42.555],[-80.242,42.555],[-80.236,42.553],[-80.23,42.554],[-80.227,42.553],[-80.215,42.554],[-80.211,42.553],[-80.212,42.551],[-80.207,42.552],[-80.199,42.553],[-80.196,42.552],[-80.193,42.553],[-80.19,42.552],[-80.186,42.552],[-80.18,42.552],[-80.174,42.553],[-80.171,42.553],[-80.161,42.555],[-80.157,42.554],[-80.151,42.555],[-80.157,42.55],[-80.151,42.551],[-80.143,42.55],[-80.133,42.551],[-80.131,42.551],[-80.129,42.552],[-80.127,42.552],[-80.118,42.553],[-80.117,42.55],[-80.114,42.551],[-80.11,42.549],[-80.106,42.549],[-80.102,42.55],[-80.095,42.548],[-80.083,42.55],[-80.083,42.548],[-80.072,42.549],[-80.072,42.546],[-80.065,42.548],[-80.065,42.547],[-80.055,42.548],[-80.052,42.55],[-80.044,42.549]]],[[[-79.754,43.051],[-79.724,43.04],[-79.668,43.02],[-79.618,43.002],[-79.563,42.983],[-79.562,42.982],[-79.549,42.978],[-79.511,42.965],[-79.488,42.936],[-79.481,42.927],[-79.458,42.899],[-79.449,42.889],[-79.438,42.876],[-79.448,42.876],[-79.452,42.875],[-79.453,42.871],[-79.463,42.865],[-79.465,42.862],[-79.47,42.86],[-79.473,42.858],[-79.474,42.851],[-79.476,42.85],[-79.477,42.846],[-79.479,42.843],[-79.483,42.841],[-79.491,42.844],[-79.499,42.845],[-79.512,42.849],[-79.52,42.853],[-79.526,42.854],[-79.533,42.854],[-79.539,42.851],[-79.541,42.847],[-79.545,42.845],[-79.544,42.84],[-79.551,42.842],[-79.554,42.845],[-79.565,42.852],[-79.575,42.856],[-79.584,42.858],[-79.593,42.857],[-79.594,42.853],[-79.599,42.849],[-79.602,42.848],[-79.607,42.844],[-79.613,42.842],[-79.625,42.84],[-79.631,42.838],[-79.639,42.835],[-79.644,42.84],[-79.649,42.843],[-79.657,42.845],[-79.661,42.844],[-79.663,42.847],[-79.666,42.849],[-79.671,42.852],[-79.674,42.852],[-79.679,42.851],[-79.681,42.853],[-79.69,42.856],[-79.697,42.86],[-79.703,42.861],[-79.709,42.859],[-79.714,42.855],[-79.719,42.853],[-79.727,42.855],[-79.734,42.855],[-79.738,42.853],[-79.738,42.85],[-79.745,42.849],[-79.749,42.845],[-79.751,42.841],[-79.759,42.843],[-79.765,42.842],[-79.774,42.845],[-79.779,42.844],[-79.788,42.844],[-79.79,42.841],[-79.795,42.841],[-79.798,42.839],[-79.803,42.834],[-79.811,42.833],[-79.813,42.834],[-79.819,42.835],[-79.832,42.83],[-79.836,42.83],[-79.839,42.828],[-79.838,42.826],[-79.844,42.823],[-79.858,42.825],[-79.866,42.824],[-79.872,42.825],[-79.877,42.822],[-79.885,42.821],[-79.888,42.82],[-79.888,42.816],[-79.891,42.815],[-79.899,42.818],[-79.906,42.819],[-79.907,42.819],[-79.918,42.82],[-79.927,42.818],[-79.928,42.815],[-79.933,42.814],[-79.937,42.813],[-79.94,42.811],[-79.94,42.809],[-79.946,42.809],[-79.952,42.808],[-79.958,42.81],[-79.972,42.806],[-79.978,42.803],[-79.981,42.797],[-79.98,42.796],[-79.981,42.792],[-79.986,42.792],[-79.991,42.796],[-79.996,42.8],[-80.004,42.802],[-80.011,42.802],[-80.017,42.805],[-80.025,42.808],[-80.029,42.808],[-80.036,42.807],[-80.038,42.804],[-80.038,42.8],[-80.043,42.797],[-80.054,42.795],[-80.058,42.798],[-80.064,42.798],[-80.069,42.797],[-80.073,42.795],[-80.073,42.792],[-80.082,42.792],[-80.088,42.789],[-80.095,42.791],[-80.103,42.791],[-80.108,42.789],[-80.117,42.789],[-80.122,42.79],[-80.126,42.789],[-80.128,42.787],[-80.134,42.787],[-80.143,42.786],[-80.147,42.787],[-80.153,42.786],[-80.158,42.786],[-80.165,42.788],[-80.174,42.788],[-80.188,42.786],[-80.19,42.784],[-80.194,42.784],[-80.195,42.782],[-80.2,42.784],[-80.212,42.784],[-80.216,42.783],[-80.224,42.781],[-80.231,42.778],[-80.237,42.771],[-80.24,42.767],[-80.239,42.763],[-80.248,42.759],[-80.249,42.757],[-80.253,42.756],[-80.257,42.754],[-80.262,42.751],[-80.268,42.745],[-80.271,42.738],[-80.275,42.735],[-80.281,42.732],[-80.287,42.726],[-80.292,42.72],[-80.298,42.716],[-80.312,42.708],[-80.317,42.704],[-80.322,42.697],[-80.327,42.693],[-80.329,42.686],[-80.333,42.672],[-80.335,42.671],[-80.337,42.665],[-80.339,42.663],[-80.341,42.659],[-80.344,42.656],[-80.344,42.665],[-80.344,42.668],[-80.346,42.671],[-80.343,42.673],[-80.344,42.676],[-80.35,42.678],[-80.348,42.679],[-80.35,42.683],[-80.354,42.683],[-80.361,42.682],[-80.363,42.678],[-80.362,42.676],[-80.365,42.673],[-80.369,42.673],[-80.37,42.674],[-80.374,42.668],[-80.378,42.669],[-80.377,42.666],[-80.376,42.661],[-80.378,42.661],[-80.387,42.66],[-80.392,42.663],[-80.396,42.662],[-80.4,42.659],[-80.406,42.657],[-80.409,42.653],[-80.411,42.652],[-80.416,42.652],[-80.421,42.648],[-80.427,42.645],[-80.431,42.641],[-80.431,42.639],[-80.436,42.634],[-80.44,42.633],[-80.443,42.628],[-80.448,42.624],[-80.448,42.621],[-80.452,42.619],[-80.455,42.613],[-80.452,42.608],[-80.452,42.605],[-80.449,42.602],[-80.451,42.6],[-80.45,42.595],[-80.445,42.59],[-80.438,42.583],[-80.437,42.58],[-80.434,42.582],[-80.423,42.585],[-80.424,42.58],[-80.414,42.581],[-80.413,42.583],[-80.409,42.584],[-80.405,42.583],[-80.403,42.584],[-80.395,42.587],[-80.396,42.584],[-80.394,42.582],[-80.385,42.581],[-80.382,42.583],[-80.377,42.584],[-80.374,42.58],[-80.373,42.577],[-80.371,42.577],[-80.367,42.575],[-80.357,42.574],[-80.359,42.578],[-80.356,42.579],[-80.349,42.576],[-80.352,42.575],[-80.353,42.574],[-80.352,42.574],[-80.351,42.574],[-80.346,42.575],[-80.346,42.574],[-80.343,42.574],[-80.339,42.572],[-80.346,42.572],[-80.366,42.575],[-80.381,42.578],[-80.394,42.579],[-80.406,42.579],[-80.424,42.579],[-80.445,42.577],[-80.465,42.575],[-80.479,42.575],[-80.497,42.575],[-80.517,42.574],[-80.531,42.574],[-80.542,42.574],[-80.548,42.575],[-80.572,42.577],[-80.584,42.578],[-80.593,42.579],[-80.602,42.579],[-80.617,42.58],[-80.632,42.584],[-80.645,42.589],[-80.66,42.595],[-80.682,42.604],[-80.721,42.62],[-80.721,42.635],[-80.719,42.682],[-80.718,42.706],[-80.718,42.736],[-80.718,42.754],[-80.717,42.783],[-80.717,42.788],[-80.745,42.824],[-80.727,42.846],[-80.723,42.846],[-80.723,42.844],[-80.725,42.84],[-80.722,42.835],[-80.717,42.836],[-80.715,42.83],[-80.701,42.848],[-80.705,42.855],[-80.676,42.859],[-80.62,42.867],[-80.573,42.874],[-80.528,42.881],[-80.505,42.884],[-80.513,42.903],[-80.516,42.913],[-80.526,42.939],[-80.543,42.985],[-80.506,42.991],[-80.49,42.993],[-80.465,42.997],[-80.446,43],[-80.428,43.003],[-80.422,43.004],[-80.37,43.012],[-80.371,43.013],[-80.349,43.017],[-80.263,43.029],[-80.244,43.032],[-80.239,43.03],[-80.189,43.012],[-80.132,42.991],[-80.056,42.963],[-80.052,42.966],[-80.045,42.977],[-80.038,42.974],[-80.036,42.977],[-80.043,42.979],[-80.036,42.991],[-80.024,43.007],[-80.018,43.018],[-80.01,43.029],[-79.998,43.025],[-79.993,43.027],[-80.008,43.032],[-80.003,43.039],[-79.995,43.051],[-79.98,43.074],[-79.976,43.08],[-79.982,43.082],[-79.991,43.087],[-80.001,43.088],[-80.004,43.089],[-80.002,43.093],[-79.984,43.132],[-79.933,43.114],[-79.901,43.102],[-79.851,43.085],[-79.832,43.078],[-79.772,43.057],[-79.754,43.051]]]]}},{"type":"Feature","properties":{"HR_UID":"3535","ENGNAME":"Haliburton, Kawartha, Pine Ridge District Health Unit"},"geometry":{"type":"MultiPolygon","coordinates":[[[[-77.654,44.022],[-77.664,44.02],[-77.67,44.022],[-77.672,44.02],[-77.668,44.019],[-77.681,44.012],[-77.684,44.013],[-77.684,44.016],[-77.692,44.019],[-77.692,44.026],[-77.688,44.026],[-77.68,44.028],[-77.675,44.033],[-77.661,44.037],[-77.654,44.022]]],[[[-77.661,44.037],[-77.674,44.033],[-77.676,44.034],[-77.679,44.033],[-77.689,44.032],[-77.694,44.03],[-77.698,44.029],[-77.704,44.031],[-77.709,44.026],[-77.712,44.026],[-77.714,44.03],[-77.717,44.027],[-77.716,44.025],[-77.712,44.025],[-77.714,44.022],[-77.72,44.019],[-77.724,44.021],[-77.729,44.021],[-77.728,44.019],[-77.735,44.015],[-77.738,44.015],[-77.739,44.011],[-77.733,44.012],[-77.729,44.009],[-77.72,44.007],[-77.715,44.001],[-77.717,44.001],[-77.718,43.995],[-77.701,44.003],[-77.697,44.004],[-77.686,44.004],[-77.682,44.002],[-77.675,43.998],[-77.68,43.996],[-77.691,43.994],[-77.695,43.991],[-77.699,43.991],[-77.704,43.989],[-77.711,43.989],[-77.718,43.99],[-77.724,43.99],[-77.729,43.99],[-77.734,43.989],[-77.732,43.992],[-77.733,43.995],[-77.738,44.003],[-77.747,44.009],[-77.751,44.011],[-77.763,44.008],[-77.77,44.009],[-77.785,44.008],[-77.791,44.005],[-77.797,44.003],[-77.801,44.003],[-77.809,44.004],[-77.817,44.004],[-77.828,44.002],[-77.832,44],[-77.839,43.998],[-77.842,43.995],[-77.856,43.993],[-77.862,43.991],[-77.867,43.986],[-77.867,43.984],[-77.876,43.979],[-77.878,43.976],[-77.882,43.978],[-77.89,43.98],[-77.898,43.981],[-77.903,43.98],[-77.908,43.977],[-77.916,43.976],[-77.923,43.974],[-77.929,43.973],[-77.935,43.97],[-77.94,43.972],[-77.956,43.974],[-77.963,43.976],[-77.971,43.978],[-77.977,43.977],[-77.984,43.975],[-77.993,43.97],[-77.998,43.968],[-78.001,43.965],[-78.007,43.963],[-78.014,43.964],[-78.034,43.969],[-78.044,43.969],[-78.056,43.968],[-78.065,43.969],[-78.071,43.965],[-78.08,43.967],[-78.089,43.968],[-78.098,43.966],[-78.104,43.963],[-78.106,43.961],[-78.116,43.957],[-78.121,43.957],[-78.13,43.958],[-78.141,43.957],[-78.148,43.957],[-78.152,43.955],[-78.157,43.957],[-78.165,43.957],[-78.167,43.957],[-78.168,43.954],[-78.181,43.954],[-78.186,43.955],[-78.192,43.956],[-78.201,43.955],[-78.215,43.951],[-78.217,43.951],[-78.23,43.952],[-78.233,43.953],[-78.24,43.952],[-78.245,43.953],[-78.257,43.953],[-78.264,43.951],[-78.272,43.95],[-78.288,43.946],[-78.291,43.944],[-78.291,43.941],[-78.3,43.941],[-78.304,43.94],[-78.31,43.94],[-78.316,43.939],[-78.332,43.938],[-78.335,43.937],[-78.339,43.934],[-78.347,43.931],[-78.354,43.931],[-78.373,43.93],[-78.377,43.929],[-78.381,43.928],[-78.392,43.921],[-78.405,43.918],[-78.411,43.915],[-78.415,43.913],[-78.427,43.913],[-78.437,43.912],[-78.453,43.947],[-78.464,43.973],[-78.473,43.995],[-78.485,44.021],[-78.49,44.038],[-78.498,44.057],[-78.509,44.081],[-78.499,44.085],[-78.486,44.088],[-78.447,44.095],[-78.422,44.101],[-78.381,44.112],[-78.346,44.12],[-78.344,44.12],[-78.308,44.129],[-78.304,44.127],[-78.298,44.126],[-78.293,44.125],[-78.282,44.125],[-78.271,44.126],[-78.264,44.129],[-78.254,44.134],[-78.227,44.15],[-78.22,44.143],[-78.165,44.181],[-78.155,44.188],[-78.145,44.194],[-78.12,44.217],[-78.115,44.224],[-78.102,44.234],[-78.091,44.244],[-78.082,44.254],[-78.074,44.257],[-78.059,44.26],[-78.045,44.262],[-78.036,44.267],[-78.024,44.278],[-78.021,44.28],[-78.014,44.282],[-78.008,44.284],[-78.005,44.287],[-77.999,44.289],[-77.992,44.291],[-77.975,44.296],[-77.969,44.297],[-77.965,44.301],[-77.966,44.304],[-77.97,44.31],[-77.973,44.315],[-77.957,44.32],[-77.952,44.312],[-77.95,44.316],[-77.946,44.319],[-77.937,44.321],[-77.935,44.322],[-77.927,44.331],[-77.92,44.336],[-77.912,44.343],[-77.903,44.361],[-77.901,44.365],[-77.909,44.381],[-77.913,44.389],[-77.876,44.398],[-77.861,44.401],[-77.839,44.406],[-77.826,44.408],[-77.807,44.411],[-77.76,44.427],[-77.727,44.436],[-77.717,44.416],[-77.7,44.384],[-77.685,44.354],[-77.668,44.319],[-77.663,44.307],[-77.653,44.286],[-77.646,44.272],[-77.651,44.271],[-77.64,44.249],[-77.647,44.252],[-77.648,44.256],[-77.654,44.258],[-77.671,44.259],[-77.675,44.26],[-77.678,44.262],[-77.684,44.263],[-77.687,44.26],[-77.691,44.257],[-77.696,44.256],[-77.708,44.258],[-77.714,44.25],[-77.739,44.245],[-77.741,44.244],[-77.746,44.239],[-77.75,44.239],[-77.753,44.237],[-77.752,44.233],[-77.746,44.222],[-77.739,44.206],[-77.727,44.181],[-77.729,44.18],[-77.717,44.157],[-77.711,44.146],[-77.707,44.137],[-77.703,44.128],[-77.685,44.092],[-77.689,44.091],[-77.683,44.077],[-77.675,44.062],[-77.664,44.038],[-77.661,44.037]]],[[[-77.961,44.911],[-77.977,44.908],[-78.078,44.885],[-78.101,44.879],[-78.119,44.876],[-78.127,44.893],[-78.129,44.893],[-78.138,44.911],[-78.141,44.917],[-78.187,44.903],[-78.208,44.898],[-78.312,44.875],[-78.325,44.872],[-78.347,44.866],[-78.372,44.86],[-78.38,44.858],[-78.397,44.855],[-78.419,44.85],[-78.431,44.847],[-78.448,44.843],[-78.46,44.839],[-78.481,44.835],[-78.498,44.831],[-78.516,44.827],[-78.525,44.825],[-78.541,44.821],[-78.562,44.816],[-78.573,44.813],[-78.579,44.812],[-78.601,44.807],[-78.614,44.804],[-78.646,44.796],[-78.655,44.794],[-78.636,44.753],[-78.634,44.747],[-78.622,44.722],[-78.615,44.707],[-78.615,44.705],[-78.612,44.698],[-78.609,44.692],[-78.599,44.67],[-78.583,44.635],[-78.578,44.625],[-78.569,44.604],[-78.553,44.57],[-78.544,44.55],[-78.529,44.554],[-78.526,44.548],[-78.514,44.523],[-78.512,44.509],[-78.51,44.497],[-78.508,44.493],[-78.505,44.49],[-78.493,44.479],[-78.49,44.475],[-78.488,44.466],[-78.488,44.462],[-78.492,44.453],[-78.492,44.446],[-78.49,44.431],[-78.486,44.422],[-78.479,44.407],[-78.471,44.388],[-78.459,44.364],[-78.447,44.337],[-78.438,44.317],[-78.425,44.29],[-78.452,44.284],[-78.476,44.278],[-78.513,44.269],[-78.556,44.26],[-78.583,44.253],[-78.584,44.251],[-78.58,44.243],[-78.563,44.204],[-78.552,44.179],[-78.548,44.168],[-78.545,44.166],[-78.546,44.165],[-78.533,44.135],[-78.522,44.111],[-78.516,44.099],[-78.526,44.097],[-78.542,44.093],[-78.56,44.089],[-78.592,44.081],[-78.602,44.079],[-78.606,44.079],[-78.61,44.077],[-78.664,44.065],[-78.693,44.058],[-78.707,44.09],[-78.748,44.177],[-78.755,44.193],[-78.758,44.199],[-78.767,44.22],[-78.77,44.227],[-78.792,44.204],[-78.829,44.179],[-78.842,44.169],[-78.846,44.179],[-78.849,44.202],[-78.851,44.212],[-78.855,44.216],[-78.86,44.218],[-78.864,44.218],[-78.87,44.218],[-78.877,44.219],[-78.883,44.217],[-78.901,44.205],[-78.903,44.203],[-78.911,44.193],[-78.918,44.178],[-78.919,44.169],[-78.921,44.156],[-78.922,44.154],[-78.929,44.168],[-78.937,44.189],[-78.946,44.207],[-78.952,44.22],[-78.959,44.236],[-78.969,44.261],[-78.974,44.274],[-78.979,44.285],[-78.993,44.317],[-79.015,44.367],[-79.028,44.393],[-79.039,44.419],[-79.045,44.432],[-79.07,44.488],[-79.082,44.516],[-79.088,44.529],[-79.106,44.57],[-79.12,44.6],[-79.124,44.61],[-79.146,44.66],[-79.155,44.681],[-79.16,44.692],[-79.164,44.7],[-79.174,44.723],[-79.187,44.75],[-79.189,44.755],[-79.194,44.767],[-79.208,44.795],[-79.207,44.796],[-79.209,44.8],[-79.158,44.815],[-79.145,44.818],[-79.096,44.831],[-79.063,44.84],[-79.068,44.849],[-79.09,44.893],[-79.119,44.95],[-79.1,44.954],[-79.094,44.943],[-79.057,44.953],[-79.033,44.959],[-79.022,44.962],[-78.994,44.97],[-78.934,44.986],[-78.955,45.023],[-78.977,45.062],[-78.981,45.068],[-78.988,45.082],[-78.994,45.094],[-79.001,45.105],[-78.978,45.111],[-78.909,45.128],[-78.854,45.142],[-78.843,45.145],[-78.846,45.15],[-78.846,45.153],[-78.845,45.158],[-78.851,45.166],[-78.854,45.168],[-78.856,45.175],[-78.861,45.177],[-78.865,45.178],[-78.87,45.177],[-78.872,45.179],[-78.867,45.182],[-78.87,45.189],[-78.867,45.191],[-78.866,45.194],[-78.872,45.197],[-78.873,45.205],[-78.874,45.207],[-78.868,45.213],[-78.882,45.215],[-78.884,45.221],[-78.884,45.224],[-78.887,45.226],[-78.886,45.23],[-78.888,45.233],[-78.895,45.241],[-78.894,45.244],[-78.893,45.25],[-78.899,45.253],[-78.903,45.261],[-78.905,45.263],[-78.905,45.267],[-78.907,45.273],[-78.907,45.276],[-78.911,45.277],[-78.918,45.285],[-78.92,45.292],[-78.923,45.298],[-78.927,45.302],[-78.929,45.306],[-78.935,45.314],[-78.937,45.321],[-78.935,45.323],[-78.936,45.327],[-78.94,45.334],[-78.943,45.339],[-78.943,45.345],[-78.947,45.347],[-78.95,45.351],[-78.952,45.36],[-78.957,45.362],[-78.958,45.363],[-78.957,45.371],[-78.968,45.372],[-78.968,45.377],[-78.973,45.38],[-78.971,45.384],[-78.92,45.398],[-78.918,45.399],[-78.901,45.404],[-78.873,45.412],[-78.86,45.415],[-78.853,45.416],[-78.789,45.434],[-78.78,45.436],[-78.768,45.439],[-78.717,45.453],[-78.618,45.479],[-78.546,45.498],[-78.49,45.514],[-78.422,45.532],[-78.405,45.536],[-78.366,45.547],[-78.315,45.561],[-78.298,45.532],[-78.248,45.44],[-78.215,45.38],[-78.184,45.32],[-78.178,45.31],[-78.17,45.295],[-78.147,45.253],[-78.116,45.196],[-78.11,45.185],[-78.087,45.143],[-78.07,45.11],[-78.059,45.09],[-78.049,45.073],[-78.036,45.049],[-78.01,45.001],[-78.007,44.992],[-78.005,44.99],[-78,44.977],[-77.987,44.957],[-77.961,44.911]]]]}},{"type":"Feature","properties":{"HR_UID":"3536","ENGNAME":"Halton Region Public Health"},"geometry":{"type":"Polygon","coordinates":[[[-79.625,43.481],[-79.627,43.478],[-79.63,43.476],[-79.636,43.472],[-79.642,43.468],[-79.644,43.466],[-79.644,43.462],[-79.649,43.459],[-79.654,43.454],[-79.654,43.453],[-79.659,43.449],[-79.665,43.443],[-79.667,43.44],[-79.678,43.431],[-79.679,43.427],[-79.684,43.424],[-79.685,43.419],[-79.687,43.416],[-79.69,43.415],[-79.691,43.413],[-79.691,43.405],[-79.692,43.403],[-79.701,43.4],[-79.706,43.395],[-79.709,43.393],[-79.712,43.388],[-79.713,43.383],[-79.716,43.379],[-79.718,43.376],[-79.721,43.373],[-79.725,43.371],[-79.727,43.368],[-79.734,43.365],[-79.747,43.356],[-79.748,43.354],[-79.754,43.352],[-79.759,43.346],[-79.763,43.344],[-79.766,43.339],[-79.77,43.338],[-79.772,43.335],[-79.778,43.332],[-79.795,43.324],[-79.8,43.32],[-79.801,43.318],[-79.8,43.313],[-79.797,43.303],[-79.794,43.301],[-79.8,43.298],[-79.802,43.297],[-79.804,43.301],[-79.8,43.303],[-79.802,43.305],[-79.807,43.312],[-79.812,43.313],[-79.825,43.309],[-79.829,43.307],[-79.832,43.307],[-79.854,43.297],[-79.864,43.29],[-79.868,43.287],[-79.872,43.287],[-79.875,43.286],[-79.877,43.288],[-79.884,43.288],[-79.887,43.289],[-79.887,43.291],[-79.89,43.292],[-79.893,43.295],[-79.913,43.308],[-79.884,43.329],[-79.882,43.328],[-79.875,43.329],[-79.865,43.338],[-79.862,43.342],[-79.86,43.347],[-79.913,43.385],[-79.938,43.402],[-79.975,43.428],[-80.034,43.471],[-80.069,43.495],[-80.08,43.504],[-80.148,43.552],[-80.16,43.561],[-80.15,43.571],[-80.145,43.567],[-80.129,43.582],[-80.134,43.585],[-80.096,43.619],[-80.086,43.629],[-80.044,43.667],[-80.019,43.689],[-79.969,43.734],[-79.897,43.681],[-79.825,43.627],[-79.788,43.601],[-79.797,43.599],[-79.802,43.596],[-79.81,43.589],[-79.808,43.585],[-79.795,43.575],[-79.791,43.572],[-79.783,43.566],[-79.771,43.558],[-79.764,43.553],[-79.757,43.547],[-79.746,43.539],[-79.731,43.531],[-79.728,43.527],[-79.725,43.525],[-79.717,43.523],[-79.697,43.508],[-79.682,43.523],[-79.628,43.483],[-79.625,43.481]]]}},{"type":"Feature","properties":{"HR_UID":"3538","ENGNAME":"Hastings Prince Edward Public Health"},"geometry":{"type":"MultiPolygon","coordinates":[[[[-76.617,43.931],[-76.619,43.928],[-76.615,43.927],[-76.611,43.925],[-76.608,43.926],[-76.606,43.925],[-76.601,43.925],[-76.599,43.927],[-76.596,43.925],[-76.605,43.921],[-76.615,43.922],[-76.625,43.925],[-76.633,43.927],[-76.639,43.931],[-76.637,43.933],[-76.63,43.935],[-76.625,43.935],[-76.622,43.937],[-76.621,43.934],[-76.617,43.931]]],[[[-76.963,44.003],[-76.964,43.999],[-76.963,43.995],[-76.966,43.991],[-76.966,43.986],[-76.969,43.983],[-76.974,43.98],[-76.981,43.977],[-76.984,43.978],[-76.985,43.981],[-76.985,43.987],[-76.988,43.989],[-76.988,43.992],[-76.985,43.994],[-76.979,43.996],[-76.972,43.999],[-76.97,44.003],[-76.963,44.003]]],[[[-77.654,44.022],[-77.661,44.037],[-77.588,44.059],[-77.585,44.058],[-77.576,44.055],[-77.571,44.055],[-77.569,44.056],[-77.566,44.06],[-77.561,44.064],[-77.554,44.067],[-77.552,44.07],[-77.542,44.077],[-77.535,44.08],[-77.53,44.08],[-77.518,44.086],[-77.509,44.092],[-77.504,44.098],[-77.5,44.099],[-77.5,44.102],[-77.498,44.104],[-77.497,44.107],[-77.493,44.108],[-77.488,44.107],[-77.485,44.106],[-77.477,44.11],[-77.452,44.116],[-77.45,44.116],[-77.443,44.118],[-77.434,44.119],[-77.429,44.121],[-77.425,44.122],[-77.416,44.126],[-77.41,44.126],[-77.405,44.128],[-77.401,44.132],[-77.393,44.136],[-77.386,44.143],[-77.384,44.143],[-77.376,44.14],[-77.374,44.136],[-77.371,44.134],[-77.373,44.129],[-77.368,44.133],[-77.362,44.138],[-77.358,44.139],[-77.356,44.139],[-77.351,44.14],[-77.346,44.144],[-77.342,44.143],[-77.343,44.14],[-77.338,44.14],[-77.335,44.142],[-77.33,44.142],[-77.324,44.144],[-77.322,44.146],[-77.319,44.145],[-77.313,44.149],[-77.308,44.146],[-77.311,44.144],[-77.31,44.142],[-77.31,44.138],[-77.306,44.138],[-77.301,44.141],[-77.298,44.139],[-77.304,44.135],[-77.306,44.131],[-77.31,44.132],[-77.313,44.13],[-77.318,44.129],[-77.323,44.129],[-77.329,44.124],[-77.329,44.121],[-77.327,44.12],[-77.324,44.122],[-77.321,44.126],[-77.316,44.127],[-77.314,44.123],[-77.309,44.122],[-77.308,44.12],[-77.313,44.114],[-77.322,44.111],[-77.321,44.103],[-77.32,44.101],[-77.323,44.097],[-77.328,44.095],[-77.332,44.089],[-77.328,44.085],[-77.323,44.082],[-77.319,44.082],[-77.315,44.079],[-77.307,44.077],[-77.298,44.082],[-77.29,44.083],[-77.288,44.081],[-77.278,44.083],[-77.275,44.082],[-77.268,44.084],[-77.263,44.087],[-77.259,44.089],[-77.261,44.091],[-77.256,44.094],[-77.251,44.093],[-77.243,44.094],[-77.243,44.098],[-77.238,44.098],[-77.232,44.101],[-77.231,44.103],[-77.233,44.105],[-77.238,44.104],[-77.24,44.102],[-77.245,44.101],[-77.25,44.099],[-77.254,44.096],[-77.257,44.095],[-77.263,44.096],[-77.267,44.095],[-77.274,44.096],[-77.278,44.094],[-77.289,44.092],[-77.291,44.094],[-77.289,44.098],[-77.29,44.104],[-77.292,44.105],[-77.289,44.116],[-77.283,44.116],[-77.284,44.113],[-77.278,44.114],[-77.278,44.117],[-77.272,44.122],[-77.266,44.124],[-77.262,44.126],[-77.257,44.129],[-77.255,44.129],[-77.248,44.132],[-77.242,44.133],[-77.239,44.135],[-77.233,44.135],[-77.229,44.134],[-77.224,44.135],[-77.213,44.139],[-77.207,44.139],[-77.203,44.141],[-77.196,44.143],[-77.192,44.138],[-77.195,44.133],[-77.198,44.132],[-77.2,44.129],[-77.205,44.125],[-77.202,44.124],[-77.195,44.127],[-77.194,44.13],[-77.192,44.132],[-77.188,44.133],[-77.187,44.138],[-77.185,44.139],[-77.182,44.144],[-77.175,44.147],[-77.172,44.149],[-77.167,44.148],[-77.16,44.15],[-77.158,44.149],[-77.15,44.148],[-77.144,44.151],[-77.137,44.152],[-77.132,44.157],[-77.124,44.162],[-77.121,44.161],[-77.113,44.163],[-77.102,44.164],[-77.094,44.166],[-77.085,44.171],[-77.081,44.171],[-77.073,44.174],[-77.071,44.173],[-77.066,44.174],[-77.066,44.17],[-77.069,44.166],[-77.067,44.164],[-77.064,44.165],[-77.059,44.165],[-77.059,44.162],[-77.061,44.159],[-77.062,44.154],[-77.062,44.152],[-77.065,44.15],[-77.067,44.147],[-77.068,44.142],[-77.07,44.138],[-77.07,44.135],[-77.073,44.132],[-77.075,44.128],[-77.074,44.125],[-77.075,44.117],[-77.081,44.112],[-77.078,44.105],[-77.078,44.103],[-77.082,44.101],[-77.08,44.099],[-77.08,44.095],[-77.083,44.091],[-77.089,44.087],[-77.089,44.084],[-77.093,44.08],[-77.094,44.077],[-77.109,44.067],[-77.11,44.062],[-77.114,44.059],[-77.119,44.052],[-77.121,44.048],[-77.124,44.046],[-77.124,44.044],[-77.126,44.04],[-77.136,44.034],[-77.133,44.028],[-77.134,44.025],[-77.133,44.022],[-77.134,44.015],[-77.131,44.013],[-77.127,44.017],[-77.123,44.025],[-77.121,44.03],[-77.122,44.032],[-77.116,44.038],[-77.111,44.042],[-77.099,44.046],[-77.089,44.046],[-77.084,44.046],[-77.078,44.045],[-77.061,44.043],[-77.06,44.042],[-77.046,44.038],[-77.042,44.039],[-77.032,44.036],[-77.031,44.036],[-77.024,44.033],[-77.022,44.034],[-77.018,44.037],[-77.01,44.038],[-77.002,44.04],[-76.998,44.039],[-76.993,44.039],[-76.993,44.042],[-76.979,44.048],[-76.965,44.051],[-76.956,44.054],[-76.954,44.056],[-76.944,44.059],[-76.938,44.06],[-76.935,44.063],[-76.933,44.063],[-76.929,44.066],[-76.927,44.069],[-76.916,44.076],[-76.907,44.081],[-76.903,44.082],[-76.902,44.085],[-76.894,44.092],[-76.89,44.095],[-76.887,44.096],[-76.885,44.099],[-76.881,44.1],[-76.878,44.1],[-76.877,44.097],[-76.882,44.094],[-76.882,44.092],[-76.885,44.091],[-76.882,44.089],[-76.879,44.093],[-76.876,44.095],[-76.872,44.099],[-76.87,44.1],[-76.856,44.11],[-76.851,44.112],[-76.85,44.114],[-76.845,44.112],[-76.843,44.11],[-76.844,44.108],[-76.842,44.105],[-76.843,44.101],[-76.843,44.095],[-76.847,44.09],[-76.85,44.087],[-76.853,44.083],[-76.858,44.081],[-76.869,44.077],[-76.883,44.069],[-76.885,44.066],[-76.894,44.062],[-76.899,44.058],[-76.901,44.054],[-76.903,44.049],[-76.901,44.045],[-76.903,44.042],[-76.901,44.038],[-76.899,44.036],[-76.9,44.034],[-76.911,44.031],[-76.915,44.028],[-76.926,44.024],[-76.932,44.023],[-76.936,44.02],[-76.945,44.02],[-76.95,44.019],[-76.956,44.019],[-76.965,44.017],[-76.978,44.009],[-76.987,44.004],[-76.991,44.001],[-76.997,43.999],[-77.007,43.999],[-77.009,44],[-77.013,44],[-77.019,43.997],[-77.027,43.991],[-77.03,43.986],[-77.028,43.983],[-77.02,43.986],[-77.018,43.986],[-77.011,43.991],[-77.008,43.989],[-77.006,43.986],[-77,43.987],[-76.997,43.986],[-76.999,43.984],[-77.006,43.979],[-77.007,43.977],[-77.01,43.975],[-77.01,43.973],[-77.005,43.972],[-77.007,43.968],[-77.017,43.968],[-77.02,43.967],[-77.025,43.959],[-77.027,43.958],[-77.043,43.949],[-77.041,43.944],[-77.042,43.94],[-77.038,43.937],[-77.039,43.931],[-77.046,43.927],[-77.045,43.925],[-77.049,43.921],[-77.048,43.919],[-77.045,43.92],[-77.039,43.916],[-77.04,43.911],[-77.033,43.914],[-77.026,43.919],[-77.025,43.922],[-77.022,43.925],[-77.019,43.939],[-77.014,43.942],[-77.007,43.942],[-77.007,43.938],[-77.006,43.936],[-77.001,43.934],[-76.997,43.934],[-76.993,43.936],[-76.99,43.936],[-76.987,43.933],[-76.982,43.933],[-76.973,43.937],[-76.96,43.941],[-76.957,43.941],[-76.952,43.938],[-76.951,43.936],[-76.944,43.931],[-76.938,43.93],[-76.926,43.932],[-76.921,43.934],[-76.915,43.935],[-76.902,43.94],[-76.89,43.943],[-76.886,43.945],[-76.875,43.947],[-76.87,43.946],[-76.865,43.948],[-76.859,43.94],[-76.859,43.937],[-76.86,43.933],[-76.866,43.931],[-76.871,43.929],[-76.881,43.93],[-76.889,43.928],[-76.893,43.924],[-76.897,43.924],[-76.902,43.922],[-76.907,43.922],[-76.917,43.921],[-76.925,43.923],[-76.934,43.922],[-76.938,43.921],[-76.941,43.919],[-76.938,43.917],[-76.94,43.914],[-76.943,43.913],[-76.955,43.912],[-76.961,43.91],[-76.968,43.906],[-76.972,43.902],[-76.98,43.9],[-76.993,43.899],[-76.996,43.898],[-77.002,43.893],[-77.009,43.89],[-77.029,43.888],[-77.033,43.888],[-77.036,43.89],[-77.041,43.891],[-77.045,43.89],[-77.048,43.889],[-77.055,43.884],[-77.061,43.88],[-77.069,43.876],[-77.079,43.869],[-77.081,43.867],[-77.089,43.864],[-77.1,43.863],[-77.109,43.861],[-77.117,43.856],[-77.121,43.853],[-77.123,43.85],[-77.126,43.847],[-77.13,43.846],[-77.135,43.846],[-77.14,43.846],[-77.145,43.843],[-77.149,43.841],[-77.152,43.839],[-77.156,43.839],[-77.16,43.844],[-77.16,43.847],[-77.163,43.85],[-77.162,43.852],[-77.16,43.855],[-77.16,43.857],[-77.165,43.859],[-77.167,43.863],[-77.169,43.865],[-77.177,43.868],[-77.181,43.869],[-77.187,43.869],[-77.193,43.865],[-77.197,43.862],[-77.205,43.859],[-77.209,43.856],[-77.214,43.856],[-77.223,43.855],[-77.23,43.857],[-77.233,43.856],[-77.243,43.859],[-77.241,43.862],[-77.232,43.869],[-77.229,43.872],[-77.226,43.875],[-77.22,43.879],[-77.215,43.883],[-77.222,43.893],[-77.229,43.899],[-77.236,43.903],[-77.244,43.904],[-77.246,43.902],[-77.249,43.902],[-77.255,43.899],[-77.265,43.896],[-77.273,43.896],[-77.278,43.892],[-77.282,43.893],[-77.28,43.898],[-77.286,43.906],[-77.294,43.914],[-77.297,43.918],[-77.304,43.924],[-77.32,43.939],[-77.315,43.938],[-77.315,43.936],[-77.31,43.934],[-77.309,43.932],[-77.302,43.925],[-77.297,43.925],[-77.293,43.923],[-77.292,43.921],[-77.286,43.917],[-77.283,43.917],[-77.281,43.914],[-77.279,43.913],[-77.275,43.911],[-77.273,43.911],[-77.264,43.924],[-77.261,43.928],[-77.262,43.932],[-77.266,43.935],[-77.271,43.933],[-77.277,43.932],[-77.27,43.936],[-77.262,43.939],[-77.259,43.939],[-77.26,43.935],[-77.262,43.934],[-77.26,43.932],[-77.255,43.936],[-77.254,43.939],[-77.252,43.942],[-77.246,43.945],[-77.246,43.953],[-77.243,43.956],[-77.247,43.96],[-77.251,43.959],[-77.259,43.955],[-77.259,43.952],[-77.266,43.949],[-77.268,43.951],[-77.265,43.953],[-77.269,43.954],[-77.278,43.952],[-77.282,43.949],[-77.287,43.944],[-77.295,43.941],[-77.291,43.947],[-77.293,43.949],[-77.291,43.95],[-77.294,43.954],[-77.287,43.957],[-77.29,43.959],[-77.294,43.957],[-77.296,43.959],[-77.304,43.958],[-77.305,43.959],[-77.311,43.957],[-77.315,43.957],[-77.318,43.958],[-77.338,43.951],[-77.338,43.949],[-77.345,43.951],[-77.359,43.949],[-77.365,43.947],[-77.375,43.943],[-77.382,43.941],[-77.401,43.935],[-77.409,43.934],[-77.42,43.933],[-77.423,43.932],[-77.429,43.93],[-77.432,43.932],[-77.439,43.93],[-77.442,43.928],[-77.451,43.927],[-77.461,43.93],[-77.472,43.929],[-77.481,43.927],[-77.489,43.925],[-77.494,43.926],[-77.493,43.93],[-77.495,43.933],[-77.499,43.938],[-77.504,43.941],[-77.498,43.944],[-77.496,43.947],[-77.498,43.95],[-77.494,43.953],[-77.494,43.955],[-77.486,43.958],[-77.485,43.959],[-77.489,43.962],[-77.5,43.958],[-77.506,43.955],[-77.505,43.952],[-77.513,43.949],[-77.52,43.949],[-77.516,43.946],[-77.516,43.944],[-77.51,43.947],[-77.507,43.945],[-77.515,43.941],[-77.518,43.944],[-77.522,43.95],[-77.528,43.96],[-77.532,43.963],[-77.537,43.963],[-77.54,43.964],[-77.545,43.97],[-77.557,43.97],[-77.565,43.972],[-77.567,43.976],[-77.574,43.979],[-77.576,43.983],[-77.589,43.995],[-77.599,44.001],[-77.611,44.009],[-77.608,44.01],[-77.607,44.014],[-77.602,44.013],[-77.606,44.007],[-77.601,44.005],[-77.599,44.002],[-77.595,44],[-77.592,43.998],[-77.586,43.993],[-77.582,43.992],[-77.581,43.989],[-77.577,43.987],[-77.577,43.984],[-77.574,43.982],[-77.572,43.984],[-77.575,43.988],[-77.57,43.99],[-77.569,43.991],[-77.564,43.991],[-77.56,43.986],[-77.549,43.988],[-77.55,43.99],[-77.543,43.992],[-77.541,43.99],[-77.538,43.989],[-77.531,43.993],[-77.528,43.996],[-77.526,43.996],[-77.522,44],[-77.521,44.003],[-77.525,44.004],[-77.533,44.009],[-77.548,44.01],[-77.551,44.01],[-77.556,44.013],[-77.56,44.012],[-77.561,44.01],[-77.568,44.007],[-77.571,44.009],[-77.57,44.011],[-77.572,44.015],[-77.574,44.016],[-77.578,44.015],[-77.584,44.015],[-77.587,44.016],[-77.586,44.019],[-77.581,44.022],[-77.583,44.026],[-77.592,44.026],[-77.592,44.028],[-77.597,44.035],[-77.602,44.037],[-77.607,44.036],[-77.614,44.031],[-77.625,44.033],[-77.626,44.03],[-77.624,44.027],[-77.628,44.026],[-77.632,44.022],[-77.637,44.02],[-77.645,44.02],[-77.649,44.022],[-77.654,44.022]],[[-77.164,43.945],[-77.169,43.944],[-77.181,43.938],[-77.194,43.931],[-77.197,43.93],[-77.207,43.924],[-77.221,43.919],[-77.225,43.916],[-77.228,43.911],[-77.232,43.909],[-77.231,43.905],[-77.224,43.903],[-77.214,43.896],[-77.212,43.892],[-77.209,43.889],[-77.205,43.891],[-77.2,43.899],[-77.203,43.902],[-77.198,43.904],[-77.197,43.906],[-77.192,43.913],[-77.187,43.918],[-77.181,43.923],[-77.184,43.925],[-77.179,43.929],[-77.174,43.931],[-77.165,43.933],[-77.158,43.938],[-77.159,43.941],[-77.164,43.945]]],[[[-77.541,45.144],[-77.525,45.106],[-77.52,45.103],[-77.515,45.094],[-77.512,45.089],[-77.509,45.084],[-77.503,45.074],[-77.479,45.031],[-77.468,45.01],[-77.444,44.967],[-77.411,44.906],[-77.404,44.892],[-77.381,44.851],[-77.357,44.805],[-77.324,44.744],[-77.314,44.726],[-77.288,44.732],[-77.258,44.671],[-77.246,44.645],[-77.245,44.642],[-77.232,44.616],[-77.231,44.614],[-77.211,44.572],[-77.208,44.567],[-77.19,44.571],[-77.177,44.557],[-77.167,44.545],[-77.163,44.541],[-77.145,44.52],[-77.125,44.499],[-77.11,44.481],[-77.105,44.476],[-77.09,44.459],[-77.084,44.452],[-77.076,44.443],[-77.069,44.435],[-77.055,44.42],[-77.083,44.413],[-77.108,44.407],[-77.14,44.398],[-77.126,44.372],[-77.114,44.347],[-77.106,44.328],[-77.097,44.31],[-77.09,44.297],[-77.077,44.272],[-77.059,44.236],[-77.051,44.22],[-77.039,44.199],[-77.048,44.193],[-77.055,44.192],[-77.062,44.188],[-77.07,44.182],[-77.073,44.182],[-77.081,44.179],[-77.086,44.177],[-77.091,44.175],[-77.096,44.176],[-77.103,44.174],[-77.108,44.171],[-77.114,44.17],[-77.121,44.169],[-77.127,44.166],[-77.148,44.162],[-77.158,44.163],[-77.163,44.165],[-77.171,44.166],[-77.178,44.164],[-77.181,44.164],[-77.184,44.162],[-77.186,44.159],[-77.191,44.157],[-77.196,44.16],[-77.2,44.158],[-77.202,44.159],[-77.214,44.155],[-77.214,44.158],[-77.211,44.164],[-77.209,44.165],[-77.208,44.168],[-77.218,44.174],[-77.221,44.174],[-77.225,44.177],[-77.23,44.18],[-77.241,44.177],[-77.244,44.177],[-77.245,44.173],[-77.249,44.172],[-77.251,44.177],[-77.255,44.18],[-77.257,44.179],[-77.259,44.176],[-77.264,44.174],[-77.266,44.172],[-77.272,44.168],[-77.275,44.164],[-77.28,44.163],[-77.282,44.16],[-77.295,44.154],[-77.299,44.157],[-77.304,44.157],[-77.305,44.155],[-77.312,44.155],[-77.318,44.159],[-77.318,44.163],[-77.319,44.165],[-77.325,44.165],[-77.331,44.168],[-77.335,44.168],[-77.338,44.165],[-77.342,44.163],[-77.346,44.162],[-77.348,44.165],[-77.352,44.164],[-77.357,44.162],[-77.363,44.161],[-77.37,44.158],[-77.372,44.156],[-77.375,44.156],[-77.377,44.154],[-77.38,44.156],[-77.383,44.157],[-77.383,44.16],[-77.387,44.158],[-77.385,44.155],[-77.382,44.153],[-77.387,44.152],[-77.392,44.149],[-77.392,44.152],[-77.406,44.145],[-77.412,44.144],[-77.412,44.141],[-77.417,44.139],[-77.432,44.136],[-77.44,44.132],[-77.447,44.132],[-77.454,44.129],[-77.458,44.126],[-77.472,44.121],[-77.489,44.119],[-77.493,44.12],[-77.495,44.119],[-77.501,44.118],[-77.503,44.118],[-77.511,44.114],[-77.512,44.113],[-77.519,44.11],[-77.519,44.108],[-77.529,44.106],[-77.531,44.103],[-77.535,44.105],[-77.543,44.105],[-77.548,44.103],[-77.556,44.103],[-77.559,44.101],[-77.56,44.099],[-77.563,44.099],[-77.568,44.099],[-77.57,44.101],[-77.574,44.099],[-77.575,44.096],[-77.575,44.089],[-77.576,44.086],[-77.579,44.086],[-77.582,44.082],[-77.586,44.079],[-77.593,44.073],[-77.595,44.072],[-77.599,44.066],[-77.594,44.062],[-77.587,44.06],[-77.603,44.055],[-77.661,44.037],[-77.664,44.038],[-77.675,44.062],[-77.683,44.077],[-77.689,44.091],[-77.685,44.092],[-77.703,44.128],[-77.707,44.137],[-77.711,44.146],[-77.717,44.157],[-77.729,44.18],[-77.727,44.181],[-77.739,44.206],[-77.746,44.222],[-77.752,44.233],[-77.753,44.237],[-77.75,44.239],[-77.746,44.239],[-77.741,44.244],[-77.739,44.245],[-77.714,44.25],[-77.708,44.258],[-77.696,44.256],[-77.691,44.257],[-77.687,44.26],[-77.684,44.263],[-77.678,44.262],[-77.675,44.26],[-77.671,44.259],[-77.654,44.258],[-77.648,44.256],[-77.647,44.252],[-77.64,44.249],[-77.651,44.271],[-77.646,44.272],[-77.653,44.286],[-77.663,44.307],[-77.668,44.319],[-77.685,44.354],[-77.7,44.384],[-77.717,44.416],[-77.727,44.436],[-77.733,44.447],[-77.741,44.462],[-77.75,44.478],[-77.753,44.483],[-77.759,44.494],[-77.766,44.509],[-77.782,44.54],[-77.786,44.55],[-77.797,44.573],[-77.813,44.599],[-77.815,44.602],[-77.821,44.615],[-77.822,44.617],[-77.829,44.631],[-77.852,44.684],[-77.86,44.703],[-77.866,44.719],[-77.881,44.757],[-77.887,44.769],[-77.884,44.77],[-77.911,44.819],[-77.919,44.834],[-77.921,44.839],[-77.941,44.873],[-77.958,44.905],[-77.961,44.911],[-77.987,44.957],[-78,44.977],[-78.005,44.99],[-78.007,44.992],[-78.01,45.001],[-78.036,45.049],[-78.049,45.073],[-78.059,45.09],[-78.07,45.11],[-78.087,45.143],[-78.11,45.185],[-78.116,45.196],[-78.147,45.253],[-78.17,45.295],[-78.178,45.31],[-78.142,45.318],[-78.109,45.327],[-78.024,45.349],[-77.98,45.361],[-77.908,45.38],[-77.868,45.39],[-77.781,45.414],[-77.773,45.415],[-77.729,45.428],[-77.705,45.434],[-77.691,45.438],[-77.665,45.39],[-77.652,45.369],[-77.642,45.35],[-77.631,45.33],[-77.626,45.321],[-77.624,45.315],[-77.636,45.312],[-77.63,45.3],[-77.622,45.288],[-77.602,45.25],[-77.601,45.249],[-77.577,45.204],[-77.561,45.176],[-77.546,45.148],[-77.544,45.144],[-77.541,45.144]]]]}},{"type":"Feature","properties":{"HR_UID":"3550","ENGNAME":"Huron Perth Health Unit"},"geometry":{"type":"Polygon","coordinates":[[[-80.755,43.648],[-80.777,43.619],[-80.803,43.587],[-80.824,43.56],[-80.838,43.542],[-80.846,43.531],[-80.859,43.512],[-80.869,43.498],[-80.835,43.484],[-80.797,43.468],[-80.794,43.467],[-80.767,43.439],[-80.752,43.423],[-80.738,43.408],[-80.737,43.407],[-80.737,43.386],[-80.736,43.353],[-80.8,43.332],[-80.822,43.325],[-80.825,43.329],[-80.836,43.328],[-80.839,43.329],[-80.839,43.324],[-80.846,43.325],[-80.846,43.318],[-80.87,43.31],[-80.938,43.29],[-80.974,43.279],[-81.023,43.265],[-81.051,43.257],[-81.132,43.231],[-81.143,43.228],[-81.176,43.218],[-81.224,43.203],[-81.258,43.218],[-81.333,43.251],[-81.389,43.275],[-81.431,43.293],[-81.444,43.292],[-81.469,43.289],[-81.465,43.271],[-81.5,43.267],[-81.565,43.26],[-81.616,43.254],[-81.641,43.252],[-81.691,43.246],[-81.741,43.24],[-81.77,43.237],[-81.774,43.238],[-81.776,43.24],[-81.777,43.249],[-81.774,43.253],[-81.769,43.257],[-81.772,43.259],[-81.771,43.262],[-81.767,43.265],[-81.77,43.267],[-81.769,43.272],[-81.763,43.274],[-81.76,43.277],[-81.763,43.279],[-81.764,43.284],[-81.761,43.287],[-81.762,43.289],[-81.763,43.293],[-81.755,43.293],[-81.753,43.307],[-81.745,43.307],[-81.743,43.311],[-81.758,43.317],[-81.76,43.319],[-81.744,43.334],[-81.737,43.341],[-81.73,43.351],[-81.723,43.362],[-81.717,43.375],[-81.713,43.386],[-81.71,43.398],[-81.712,43.406],[-81.713,43.412],[-81.714,43.414],[-81.714,43.42],[-81.715,43.423],[-81.717,43.425],[-81.717,43.432],[-81.717,43.439],[-81.718,43.446],[-81.718,43.454],[-81.716,43.458],[-81.716,43.475],[-81.713,43.48],[-81.712,43.485],[-81.712,43.49],[-81.711,43.498],[-81.712,43.503],[-81.711,43.512],[-81.707,43.52],[-81.706,43.532],[-81.707,43.546],[-81.706,43.55],[-81.707,43.561],[-81.706,43.563],[-81.707,43.569],[-81.709,43.57],[-81.708,43.578],[-81.709,43.587],[-81.71,43.595],[-81.711,43.599],[-81.712,43.612],[-81.713,43.615],[-81.712,43.626],[-81.714,43.629],[-81.714,43.634],[-81.716,43.639],[-81.719,43.645],[-81.719,43.65],[-81.721,43.656],[-81.721,43.663],[-81.723,43.664],[-81.723,43.668],[-81.723,43.682],[-81.726,43.688],[-81.727,43.693],[-81.729,43.698],[-81.724,43.704],[-81.722,43.71],[-81.722,43.714],[-81.725,43.718],[-81.724,43.722],[-81.724,43.728],[-81.726,43.73],[-81.724,43.733],[-81.727,43.739],[-81.726,43.744],[-81.722,43.744],[-81.718,43.747],[-81.724,43.747],[-81.728,43.748],[-81.725,43.751],[-81.723,43.757],[-81.722,43.766],[-81.72,43.779],[-81.719,43.784],[-81.723,43.792],[-81.725,43.8],[-81.729,43.805],[-81.724,43.811],[-81.721,43.818],[-81.721,43.822],[-81.72,43.828],[-81.721,43.836],[-81.725,43.849],[-81.725,43.858],[-81.724,43.86],[-81.725,43.866],[-81.727,43.868],[-81.725,43.874],[-81.723,43.881],[-81.723,43.888],[-81.721,43.901],[-81.721,43.911],[-81.723,43.917],[-81.721,43.93],[-81.723,43.941],[-81.728,43.957],[-81.729,43.959],[-81.732,43.968],[-81.734,43.979],[-81.734,43.987],[-81.733,44.009],[-81.733,44.015],[-81.735,44.029],[-81.739,44.038],[-81.741,44.045],[-81.746,44.054],[-81.716,44.042],[-81.65,44.016],[-81.612,44],[-81.52,43.963],[-81.525,43.957],[-81.511,43.952],[-81.507,43.958],[-81.417,43.922],[-81.384,43.908],[-81.371,43.924],[-81.368,43.927],[-81.329,43.934],[-81.277,43.943],[-81.185,43.959],[-81.094,43.972],[-81.058,43.977],[-80.992,43.986],[-80.991,43.983],[-80.981,43.942],[-80.974,43.909],[-80.971,43.895],[-80.966,43.877],[-80.958,43.84],[-80.954,43.822],[-80.903,43.828],[-80.859,43.833],[-80.852,43.83],[-80.855,43.827],[-80.853,43.824],[-80.849,43.823],[-80.847,43.823],[-80.845,43.827],[-80.839,43.825],[-80.83,43.836],[-80.797,43.84],[-80.763,43.844],[-80.761,43.844],[-80.783,43.815],[-80.815,43.773],[-80.824,43.762],[-80.84,43.741],[-80.865,43.709],[-80.874,43.699],[-80.822,43.677],[-80.815,43.674],[-80.755,43.648]]]}},{"type":"Feature","properties":{"HR_UID":"3541","ENGNAME":"Kingston, Frontenac and Lennox & Addington Health Unit"},"geometry":{"type":"MultiPolygon","coordinates":[[[[-76.642,44.192],[-76.641,44.189],[-76.637,44.188],[-76.63,44.187],[-76.625,44.187],[-76.621,44.186],[-76.619,44.18],[-76.621,44.177],[-76.628,44.172],[-76.643,44.165],[-76.646,44.164],[-76.652,44.161],[-76.657,44.157],[-76.662,44.151],[-76.663,44.149],[-76.67,44.147],[-76.676,44.143],[-76.682,44.138],[-76.68,44.134],[-76.683,44.13],[-76.683,44.128],[-76.691,44.121],[-76.691,44.12],[-76.694,44.112],[-76.7,44.105],[-76.702,44.108],[-76.699,44.113],[-76.702,44.116],[-76.71,44.117],[-76.715,44.116],[-76.715,44.114],[-76.718,44.111],[-76.721,44.11],[-76.73,44.114],[-76.735,44.115],[-76.742,44.113],[-76.748,44.108],[-76.75,44.106],[-76.753,44.104],[-76.754,44.102],[-76.763,44.103],[-76.766,44.106],[-76.769,44.107],[-76.774,44.107],[-76.777,44.106],[-76.783,44.103],[-76.784,44.105],[-76.781,44.109],[-76.783,44.112],[-76.779,44.116],[-76.78,44.119],[-76.783,44.121],[-76.788,44.121],[-76.793,44.119],[-76.797,44.117],[-76.804,44.118],[-76.804,44.121],[-76.808,44.126],[-76.813,44.128],[-76.807,44.133],[-76.807,44.137],[-76.804,44.14],[-76.796,44.143],[-76.788,44.146],[-76.785,44.145],[-76.782,44.144],[-76.777,44.147],[-76.77,44.149],[-76.767,44.151],[-76.756,44.155],[-76.751,44.157],[-76.746,44.158],[-76.744,44.16],[-76.735,44.165],[-76.733,44.166],[-76.727,44.172],[-76.724,44.174],[-76.721,44.172],[-76.725,44.167],[-76.723,44.165],[-76.711,44.17],[-76.706,44.169],[-76.703,44.172],[-76.698,44.174],[-76.695,44.172],[-76.684,44.18],[-76.678,44.181],[-76.675,44.179],[-76.669,44.181],[-76.665,44.185],[-76.659,44.187],[-76.652,44.188],[-76.646,44.191],[-76.642,44.192]]],[[[-76.505,44.184],[-76.499,44.179],[-76.494,44.179],[-76.503,44.173],[-76.508,44.171],[-76.511,44.171],[-76.513,44.169],[-76.516,44.168],[-76.521,44.163],[-76.531,44.158],[-76.534,44.158],[-76.548,44.15],[-76.552,44.149],[-76.556,44.152],[-76.554,44.155],[-76.547,44.159],[-76.537,44.164],[-76.535,44.168],[-76.533,44.169],[-76.527,44.173],[-76.528,44.179],[-76.527,44.182],[-76.519,44.182],[-76.513,44.182],[-76.509,44.184],[-76.505,44.184]]],[[[-76.184,44.239],[-76.183,44.235],[-76.18,44.232],[-76.185,44.228],[-76.191,44.227],[-76.192,44.225],[-76.196,44.221],[-76.201,44.218],[-76.21,44.215],[-76.214,44.215],[-76.218,44.214],[-76.219,44.212],[-76.229,44.21],[-76.231,44.209],[-76.238,44.207],[-76.24,44.208],[-76.244,44.206],[-76.248,44.207],[-76.254,44.206],[-76.267,44.207],[-76.267,44.211],[-76.273,44.207],[-76.28,44.206],[-76.287,44.206],[-76.292,44.208],[-76.297,44.205],[-76.302,44.204],[-76.305,44.204],[-76.31,44.202],[-76.312,44.206],[-76.317,44.206],[-76.323,44.208],[-76.327,44.204],[-76.335,44.202],[-76.34,44.204],[-76.342,44.2],[-76.35,44.201],[-76.359,44.202],[-76.364,44.201],[-76.366,44.199],[-76.37,44.199],[-76.373,44.2],[-76.381,44.199],[-76.368,44.197],[-76.364,44.191],[-76.365,44.19],[-76.36,44.186],[-76.358,44.182],[-76.353,44.18],[-76.348,44.18],[-76.34,44.184],[-76.336,44.183],[-76.341,44.178],[-76.342,44.175],[-76.346,44.172],[-76.351,44.171],[-76.357,44.166],[-76.358,44.162],[-76.362,44.159],[-76.368,44.156],[-76.37,44.153],[-76.378,44.15],[-76.381,44.146],[-76.381,44.143],[-76.383,44.14],[-76.378,44.136],[-76.375,44.14],[-76.37,44.136],[-76.359,44.142],[-76.356,44.141],[-76.356,44.137],[-76.358,44.135],[-76.363,44.135],[-76.367,44.133],[-76.371,44.134],[-76.376,44.134],[-76.379,44.13],[-76.382,44.129],[-76.384,44.126],[-76.388,44.124],[-76.395,44.122],[-76.398,44.119],[-76.403,44.118],[-76.413,44.118],[-76.417,44.117],[-76.417,44.111],[-76.419,44.109],[-76.426,44.105],[-76.438,44.098],[-76.435,44.102],[-76.436,44.105],[-76.441,44.11],[-76.445,44.112],[-76.454,44.116],[-76.458,44.117],[-76.467,44.117],[-76.473,44.113],[-76.477,44.108],[-76.48,44.106],[-76.488,44.104],[-76.49,44.106],[-76.481,44.111],[-76.474,44.114],[-76.461,44.122],[-76.46,44.127],[-76.458,44.131],[-76.453,44.135],[-76.451,44.138],[-76.452,44.14],[-76.457,44.145],[-76.461,44.146],[-76.465,44.144],[-76.469,44.14],[-76.481,44.136],[-76.487,44.135],[-76.487,44.137],[-76.49,44.14],[-76.493,44.139],[-76.499,44.139],[-76.506,44.136],[-76.507,44.139],[-76.512,44.14],[-76.508,44.144],[-76.506,44.148],[-76.503,44.149],[-76.502,44.153],[-76.498,44.157],[-76.502,44.16],[-76.508,44.159],[-76.512,44.158],[-76.514,44.159],[-76.505,44.164],[-76.506,44.167],[-76.503,44.169],[-76.498,44.17],[-76.489,44.176],[-76.485,44.179],[-76.471,44.186],[-76.466,44.187],[-76.466,44.189],[-76.46,44.192],[-76.458,44.189],[-76.453,44.19],[-76.443,44.194],[-76.434,44.196],[-76.432,44.195],[-76.427,44.199],[-76.424,44.199],[-76.422,44.201],[-76.427,44.202],[-76.434,44.199],[-76.439,44.204],[-76.446,44.205],[-76.442,44.207],[-76.436,44.21],[-76.434,44.21],[-76.428,44.212],[-76.424,44.216],[-76.417,44.214],[-76.408,44.214],[-76.402,44.216],[-76.397,44.216],[-76.394,44.217],[-76.392,44.223],[-76.396,44.227],[-76.401,44.225],[-76.406,44.226],[-76.406,44.227],[-76.402,44.23],[-76.397,44.233],[-76.395,44.231],[-76.39,44.233],[-76.389,44.228],[-76.387,44.225],[-76.38,44.223],[-76.377,44.226],[-76.376,44.228],[-76.372,44.228],[-76.371,44.224],[-76.366,44.224],[-76.364,44.228],[-76.36,44.231],[-76.352,44.232],[-76.347,44.23],[-76.344,44.233],[-76.34,44.233],[-76.335,44.237],[-76.332,44.233],[-76.33,44.232],[-76.325,44.234],[-76.318,44.227],[-76.315,44.226],[-76.314,44.224],[-76.31,44.222],[-76.305,44.221],[-76.302,44.223],[-76.3,44.23],[-76.297,44.232],[-76.293,44.233],[-76.283,44.23],[-76.285,44.227],[-76.291,44.223],[-76.295,44.219],[-76.289,44.216],[-76.278,44.222],[-76.271,44.224],[-76.269,44.227],[-76.264,44.23],[-76.259,44.232],[-76.251,44.234],[-76.245,44.233],[-76.241,44.236],[-76.237,44.233],[-76.231,44.232],[-76.231,44.229],[-76.233,44.224],[-76.226,44.227],[-76.218,44.228],[-76.213,44.233],[-76.206,44.234],[-76.202,44.233],[-76.198,44.233],[-76.195,44.235],[-76.192,44.234],[-76.191,44.237],[-76.187,44.239],[-76.184,44.239]]],[[[-76.205,44.305],[-76.202,44.303],[-76.2,44.299],[-76.205,44.296],[-76.206,44.29],[-76.207,44.288],[-76.213,44.282],[-76.218,44.279],[-76.225,44.278],[-76.229,44.278],[-76.23,44.275],[-76.234,44.273],[-76.239,44.272],[-76.244,44.268],[-76.248,44.267],[-76.252,44.264],[-76.255,44.264],[-76.262,44.262],[-76.266,44.263],[-76.272,44.262],[-76.278,44.261],[-76.283,44.255],[-76.295,44.249],[-76.307,44.246],[-76.316,44.248],[-76.32,44.249],[-76.327,44.25],[-76.329,44.249],[-76.339,44.246],[-76.347,44.248],[-76.342,44.253],[-76.34,44.255],[-76.337,44.261],[-76.342,44.258],[-76.348,44.257],[-76.349,44.258],[-76.346,44.262],[-76.341,44.264],[-76.336,44.266],[-76.332,44.265],[-76.326,44.274],[-76.309,44.279],[-76.309,44.28],[-76.297,44.291],[-76.289,44.293],[-76.287,44.296],[-76.283,44.297],[-76.281,44.299],[-76.277,44.298],[-76.267,44.302],[-76.262,44.302],[-76.262,44.3],[-76.257,44.299],[-76.261,44.297],[-76.264,44.292],[-76.271,44.284],[-76.276,44.282],[-76.275,44.28],[-76.271,44.28],[-76.266,44.282],[-76.261,44.285],[-76.262,44.287],[-76.258,44.29],[-76.258,44.292],[-76.254,44.295],[-76.25,44.297],[-76.252,44.3],[-76.243,44.298],[-76.241,44.3],[-76.24,44.303],[-76.236,44.301],[-76.226,44.3],[-76.219,44.302],[-76.214,44.305],[-76.205,44.305]]],[[[-76.77,45.142],[-76.759,45.123],[-76.75,45.106],[-76.74,45.084],[-76.737,45.077],[-76.725,45.063],[-76.713,45.042],[-76.711,45.039],[-76.706,45.034],[-76.7,45.019],[-76.689,45],[-76.665,44.957],[-76.657,44.944],[-76.637,44.909],[-76.635,44.903],[-76.624,44.885],[-76.613,44.866],[-76.609,44.859],[-76.597,44.837],[-76.595,44.832],[-76.578,44.801],[-76.554,44.757],[-76.55,44.751],[-76.545,44.741],[-76.532,44.717],[-76.526,44.721],[-76.521,44.717],[-76.5,44.698],[-76.496,44.694],[-76.476,44.676],[-76.472,44.672],[-76.454,44.656],[-76.453,44.654],[-76.42,44.623],[-76.41,44.614],[-76.382,44.589],[-76.364,44.573],[-76.342,44.555],[-76.321,44.537],[-76.308,44.527],[-76.278,44.501],[-76.263,44.491],[-76.255,44.498],[-76.252,44.478],[-76.25,44.464],[-76.248,44.456],[-76.248,44.447],[-76.244,44.415],[-76.241,44.385],[-76.24,44.373],[-76.236,44.356],[-76.235,44.328],[-76.235,44.326],[-76.234,44.31],[-76.236,44.306],[-76.24,44.309],[-76.243,44.31],[-76.245,44.309],[-76.25,44.308],[-76.251,44.306],[-76.258,44.307],[-76.258,44.305],[-76.264,44.306],[-76.271,44.306],[-76.278,44.302],[-76.28,44.303],[-76.287,44.299],[-76.29,44.3],[-76.3,44.295],[-76.303,44.296],[-76.306,44.291],[-76.314,44.291],[-76.32,44.286],[-76.32,44.284],[-76.326,44.28],[-76.334,44.273],[-76.338,44.272],[-76.343,44.272],[-76.349,44.27],[-76.356,44.27],[-76.358,44.266],[-76.366,44.266],[-76.371,44.265],[-76.375,44.261],[-76.371,44.261],[-76.373,44.258],[-76.376,44.26],[-76.379,44.261],[-76.38,44.257],[-76.39,44.251],[-76.393,44.25],[-76.399,44.25],[-76.411,44.243],[-76.421,44.241],[-76.425,44.239],[-76.428,44.236],[-76.439,44.233],[-76.443,44.234],[-76.446,44.232],[-76.45,44.234],[-76.46,44.228],[-76.464,44.235],[-76.466,44.228],[-76.469,44.227],[-76.471,44.228],[-76.471,44.234],[-76.477,44.234],[-76.478,44.231],[-76.483,44.224],[-76.489,44.222],[-76.499,44.222],[-76.504,44.221],[-76.512,44.218],[-76.517,44.218],[-76.523,44.214],[-76.529,44.214],[-76.532,44.215],[-76.536,44.219],[-76.546,44.22],[-76.549,44.216],[-76.545,44.211],[-76.549,44.208],[-76.551,44.21],[-76.553,44.213],[-76.557,44.212],[-76.557,44.209],[-76.565,44.208],[-76.567,44.209],[-76.568,44.213],[-76.574,44.211],[-76.577,44.212],[-76.576,44.217],[-76.581,44.215],[-76.584,44.218],[-76.586,44.219],[-76.591,44.215],[-76.596,44.217],[-76.6,44.215],[-76.607,44.213],[-76.618,44.219],[-76.618,44.224],[-76.615,44.229],[-76.615,44.232],[-76.611,44.236],[-76.602,44.24],[-76.605,44.242],[-76.616,44.239],[-76.623,44.233],[-76.628,44.226],[-76.628,44.224],[-76.632,44.222],[-76.644,44.218],[-76.652,44.217],[-76.654,44.216],[-76.659,44.214],[-76.665,44.214],[-76.669,44.212],[-76.675,44.212],[-76.674,44.21],[-76.681,44.207],[-76.686,44.206],[-76.69,44.209],[-76.69,44.211],[-76.686,44.215],[-76.688,44.216],[-76.698,44.211],[-76.702,44.209],[-76.704,44.209],[-76.711,44.205],[-76.719,44.203],[-76.726,44.203],[-76.729,44.198],[-76.737,44.194],[-76.74,44.194],[-76.745,44.19],[-76.756,44.183],[-76.769,44.18],[-76.772,44.183],[-76.774,44.183],[-76.784,44.176],[-76.787,44.175],[-76.79,44.17],[-76.794,44.167],[-76.796,44.167],[-76.811,44.16],[-76.818,44.158],[-76.827,44.153],[-76.834,44.15],[-76.838,44.147],[-76.849,44.142],[-76.867,44.131],[-76.873,44.129],[-76.881,44.126],[-76.885,44.124],[-76.887,44.121],[-76.892,44.118],[-76.904,44.114],[-76.907,44.114],[-76.911,44.112],[-76.918,44.109],[-76.921,44.105],[-76.924,44.106],[-76.928,44.105],[-76.931,44.102],[-76.933,44.099],[-76.937,44.098],[-76.941,44.093],[-76.942,44.089],[-76.952,44.084],[-76.957,44.08],[-76.958,44.078],[-76.954,44.074],[-76.961,44.07],[-76.966,44.066],[-76.97,44.064],[-76.98,44.062],[-76.985,44.062],[-76.989,44.061],[-76.993,44.064],[-77,44.063],[-77.012,44.058],[-77.013,44.056],[-77.021,44.051],[-77.025,44.055],[-77.029,44.055],[-77.035,44.052],[-77.039,44.052],[-77.051,44.048],[-77.057,44.05],[-77.059,44.053],[-77.056,44.055],[-77.05,44.056],[-77.042,44.058],[-77.032,44.062],[-77.031,44.064],[-77.026,44.068],[-77.027,44.071],[-77.02,44.075],[-77.026,44.077],[-77.031,44.075],[-77.039,44.069],[-77.047,44.066],[-77.053,44.067],[-77.044,44.071],[-77.048,44.077],[-77.054,44.076],[-77.055,44.073],[-77.058,44.071],[-77.069,44.067],[-77.07,44.068],[-77.065,44.07],[-77.065,44.073],[-77.061,44.075],[-77.063,44.078],[-77.067,44.075],[-77.071,44.076],[-77.078,44.075],[-77.08,44.077],[-77.078,44.083],[-77.076,44.085],[-77.07,44.083],[-77.065,44.085],[-77.058,44.091],[-77.049,44.096],[-77.047,44.094],[-77.042,44.094],[-77.038,44.094],[-77.033,44.097],[-77.029,44.1],[-77.018,44.103],[-77.015,44.104],[-77.014,44.111],[-77.011,44.116],[-77.007,44.123],[-77.007,44.124],[-77.011,44.127],[-77.007,44.131],[-77.005,44.135],[-76.996,44.138],[-76.985,44.143],[-76.98,44.143],[-76.978,44.141],[-76.965,44.148],[-76.961,44.147],[-76.955,44.149],[-76.947,44.151],[-76.945,44.149],[-76.94,44.149],[-76.932,44.152],[-76.924,44.155],[-76.918,44.157],[-76.915,44.156],[-76.919,44.154],[-76.916,44.152],[-76.911,44.154],[-76.907,44.151],[-76.903,44.152],[-76.899,44.155],[-76.89,44.156],[-76.885,44.155],[-76.884,44.16],[-76.885,44.163],[-76.894,44.164],[-76.889,44.168],[-76.89,44.172],[-76.899,44.169],[-76.903,44.169],[-76.907,44.172],[-76.906,44.175],[-76.908,44.178],[-76.911,44.176],[-76.91,44.174],[-76.916,44.169],[-76.918,44.167],[-76.92,44.172],[-76.923,44.174],[-76.929,44.174],[-76.93,44.175],[-76.931,44.18],[-76.94,44.176],[-76.952,44.173],[-76.956,44.172],[-76.957,44.171],[-76.963,44.17],[-76.964,44.166],[-76.96,44.165],[-76.96,44.162],[-76.957,44.156],[-76.966,44.154],[-76.971,44.156],[-76.976,44.154],[-76.976,44.15],[-76.983,44.148],[-76.989,44.147],[-76.993,44.144],[-76.998,44.144],[-77.009,44.138],[-77.014,44.135],[-77.015,44.131],[-77.022,44.127],[-77.021,44.123],[-77.024,44.12],[-77.024,44.118],[-77.026,44.115],[-77.032,44.112],[-77.037,44.112],[-77.048,44.108],[-77.052,44.106],[-77.062,44.104],[-77.067,44.105],[-77.068,44.106],[-77.065,44.116],[-77.064,44.123],[-77.065,44.125],[-77.064,44.129],[-77.062,44.133],[-77.059,44.135],[-77.059,44.139],[-77.055,44.142],[-77.053,44.146],[-77.052,44.151],[-77.05,44.155],[-77.05,44.158],[-77.047,44.161],[-77.046,44.165],[-77.041,44.173],[-77.039,44.177],[-77.032,44.18],[-77.024,44.184],[-77.019,44.185],[-77.019,44.188],[-77.023,44.199],[-77.029,44.197],[-77.032,44.2],[-77.036,44.2],[-77.039,44.199],[-77.051,44.22],[-77.059,44.236],[-77.077,44.272],[-77.09,44.297],[-77.097,44.31],[-77.106,44.328],[-77.114,44.347],[-77.126,44.372],[-77.14,44.398],[-77.108,44.407],[-77.083,44.413],[-77.055,44.42],[-77.069,44.435],[-77.076,44.443],[-77.084,44.452],[-77.09,44.459],[-77.105,44.476],[-77.11,44.481],[-77.125,44.499],[-77.145,44.52],[-77.163,44.541],[-77.167,44.545],[-77.177,44.557],[-77.19,44.571],[-77.208,44.567],[-77.211,44.572],[-77.231,44.614],[-77.232,44.616],[-77.245,44.642],[-77.246,44.645],[-77.258,44.671],[-77.288,44.732],[-77.314,44.726],[-77.324,44.744],[-77.357,44.805],[-77.381,44.851],[-77.404,44.892],[-77.411,44.906],[-77.444,44.967],[-77.468,45.01],[-77.479,45.031],[-77.503,45.074],[-77.509,45.084],[-77.512,45.089],[-77.515,45.094],[-77.52,45.103],[-77.525,45.106],[-77.541,45.144],[-77.513,45.152],[-77.5,45.156],[-77.487,45.159],[-77.465,45.166],[-77.446,45.171],[-77.409,45.181],[-77.377,45.19],[-77.37,45.192],[-77.355,45.196],[-77.34,45.201],[-77.237,45.231],[-77.216,45.237],[-77.215,45.235],[-77.202,45.213],[-77.199,45.207],[-77.181,45.173],[-77.169,45.15],[-77.157,45.134],[-77.146,45.114],[-77.14,45.107],[-77.137,45.099],[-77.128,45.102],[-77.121,45.103],[-77.102,45.109],[-77.072,45.117],[-77.005,45.136],[-76.987,45.14],[-76.982,45.142],[-76.971,45.145],[-76.992,45.184],[-76.984,45.182],[-76.981,45.183],[-76.973,45.19],[-76.966,45.194],[-76.961,45.197],[-76.956,45.201],[-76.947,45.207],[-76.938,45.211],[-76.929,45.211],[-76.927,45.21],[-76.923,45.206],[-76.917,45.202],[-76.918,45.198],[-76.917,45.195],[-76.911,45.194],[-76.902,45.197],[-76.9,45.197],[-76.895,45.194],[-76.889,45.195],[-76.885,45.2],[-76.873,45.203],[-76.866,45.208],[-76.856,45.214],[-76.85,45.216],[-76.832,45.219],[-76.815,45.221],[-76.797,45.19],[-76.792,45.184],[-76.786,45.171],[-76.77,45.142]]]]}},{"type":"Feature","properties":{"HR_UID":"3542","ENGNAME":"Lambton Public Health"},"geometry":{"type":"MultiPolygon","coordinates":[[[[-82.586,42.548],[-82.585,42.544],[-82.58,42.538],[-82.576,42.532],[-82.577,42.531],[-82.575,42.526],[-82.571,42.522],[-82.572,42.518],[-82.574,42.513],[-82.578,42.511],[-82.585,42.507],[-82.587,42.505],[-82.591,42.508],[-82.592,42.504],[-82.589,42.503],[-82.592,42.497],[-82.595,42.494],[-82.597,42.496],[-82.596,42.506],[-82.591,42.518],[-82.594,42.521],[-82.601,42.522],[-82.603,42.524],[-82.607,42.526],[-82.61,42.53],[-82.616,42.529],[-82.618,42.531],[-82.613,42.533],[-82.613,42.536],[-82.617,42.533],[-82.621,42.532],[-82.626,42.535],[-82.62,42.538],[-82.594,42.548],[-82.59,42.548],[-82.587,42.551],[-82.586,42.548]]],[[[-82.624,42.555],[-82.618,42.554],[-82.614,42.549],[-82.608,42.546],[-82.613,42.545],[-82.618,42.542],[-82.622,42.541],[-82.626,42.542],[-82.647,42.534],[-82.647,42.532],[-82.653,42.53],[-82.654,42.531],[-82.661,42.528],[-82.665,42.528],[-82.671,42.524],[-82.676,42.524],[-82.667,42.534],[-82.662,42.538],[-82.654,42.545],[-82.645,42.551],[-82.639,42.554],[-82.631,42.556],[-82.624,42.555]]],[[[-81.774,43.238],[-81.776,43.231],[-81.779,43.228],[-81.781,43.222],[-81.781,43.217],[-81.783,43.211],[-81.787,43.213],[-81.793,43.216],[-81.795,43.222],[-81.798,43.224],[-81.8,43.222],[-81.813,43.215],[-81.814,43.209],[-81.811,43.206],[-81.813,43.204],[-81.814,43.2],[-81.812,43.198],[-81.814,43.194],[-81.816,43.191],[-81.819,43.19],[-81.818,43.186],[-81.815,43.183],[-81.814,43.179],[-81.81,43.179],[-81.808,43.177],[-81.808,43.175],[-81.811,43.174],[-81.81,43.168],[-81.806,43.167],[-81.807,43.164],[-81.812,43.165],[-81.816,43.161],[-81.815,43.158],[-81.816,43.155],[-81.812,43.154],[-81.808,43.15],[-81.808,43.147],[-81.805,43.143],[-81.808,43.137],[-81.806,43.135],[-81.807,43.132],[-81.807,43.129],[-81.8,43.127],[-81.797,43.125],[-81.798,43.122],[-81.802,43.121],[-81.808,43.123],[-81.811,43.123],[-81.813,43.118],[-81.813,43.115],[-81.806,43.116],[-81.803,43.114],[-81.805,43.111],[-81.811,43.111],[-81.814,43.11],[-81.818,43.106],[-81.821,43.106],[-81.824,43.104],[-81.819,43.102],[-81.814,43.096],[-81.814,43.092],[-81.816,43.088],[-81.817,43.084],[-81.816,43.082],[-81.813,43.082],[-81.808,43.084],[-81.809,43.079],[-81.808,43.069],[-81.789,43.066],[-81.789,43.054],[-81.789,43.008],[-81.789,42.954],[-81.789,42.905],[-81.79,42.856],[-81.79,42.816],[-81.796,42.812],[-81.825,42.835],[-81.835,42.843],[-81.835,42.826],[-81.835,42.82],[-81.835,42.77],[-81.835,42.757],[-81.835,42.731],[-81.835,42.669],[-81.835,42.651],[-81.868,42.651],[-81.873,42.651],[-81.888,42.651],[-81.93,42.651],[-82.006,42.651],[-82.009,42.651],[-82.015,42.646],[-82.015,42.644],[-82.02,42.64],[-82.021,42.635],[-82.023,42.631],[-82.023,42.627],[-82.024,42.625],[-82.069,42.626],[-82.135,42.628],[-82.154,42.629],[-82.187,42.629],[-82.245,42.631],[-82.245,42.627],[-82.283,42.627],[-82.371,42.629],[-82.425,42.63],[-82.454,42.631],[-82.482,42.631],[-82.48,42.62],[-82.476,42.612],[-82.476,42.609],[-82.48,42.6],[-82.478,42.596],[-82.471,42.589],[-82.466,42.584],[-82.463,42.583],[-82.453,42.584],[-82.447,42.582],[-82.446,42.585],[-82.442,42.586],[-82.439,42.586],[-82.435,42.582],[-82.431,42.575],[-82.429,42.573],[-82.422,42.574],[-82.42,42.572],[-82.422,42.566],[-82.421,42.56],[-82.418,42.559],[-82.413,42.56],[-82.413,42.557],[-82.42,42.552],[-82.42,42.544],[-82.419,42.541],[-82.413,42.54],[-82.409,42.538],[-82.403,42.532],[-82.403,42.529],[-82.41,42.526],[-82.413,42.524],[-82.414,42.519],[-82.417,42.515],[-82.422,42.517],[-82.428,42.519],[-82.43,42.519],[-82.432,42.515],[-82.436,42.514],[-82.438,42.511],[-82.436,42.506],[-82.439,42.503],[-82.441,42.5],[-82.441,42.498],[-82.435,42.49],[-82.437,42.489],[-82.442,42.488],[-82.452,42.484],[-82.451,42.487],[-82.452,42.493],[-82.453,42.496],[-82.456,42.498],[-82.462,42.497],[-82.463,42.495],[-82.459,42.492],[-82.463,42.49],[-82.467,42.491],[-82.469,42.495],[-82.472,42.495],[-82.473,42.498],[-82.476,42.496],[-82.479,42.498],[-82.483,42.497],[-82.485,42.495],[-82.491,42.497],[-82.495,42.496],[-82.496,42.498],[-82.492,42.499],[-82.486,42.499],[-82.481,42.502],[-82.482,42.505],[-82.481,42.507],[-82.477,42.508],[-82.476,42.512],[-82.473,42.513],[-82.475,42.517],[-82.483,42.518],[-82.487,42.516],[-82.491,42.513],[-82.496,42.514],[-82.502,42.508],[-82.504,42.51],[-82.508,42.509],[-82.51,42.511],[-82.508,42.514],[-82.508,42.52],[-82.505,42.524],[-82.507,42.53],[-82.512,42.532],[-82.514,42.532],[-82.518,42.534],[-82.522,42.531],[-82.529,42.53],[-82.534,42.527],[-82.536,42.525],[-82.534,42.52],[-82.531,42.516],[-82.526,42.514],[-82.519,42.511],[-82.514,42.51],[-82.511,42.511],[-82.509,42.509],[-82.513,42.504],[-82.512,42.501],[-82.518,42.498],[-82.519,42.496],[-82.519,42.493],[-82.522,42.492],[-82.533,42.5],[-82.535,42.504],[-82.541,42.504],[-82.544,42.502],[-82.549,42.504],[-82.551,42.506],[-82.558,42.507],[-82.564,42.505],[-82.565,42.504],[-82.569,42.502],[-82.573,42.504],[-82.576,42.503],[-82.578,42.507],[-82.574,42.508],[-82.57,42.511],[-82.567,42.513],[-82.565,42.518],[-82.567,42.525],[-82.574,42.533],[-82.573,42.534],[-82.575,42.539],[-82.579,42.538],[-82.579,42.542],[-82.583,42.547],[-82.579,42.554],[-82.58,42.558],[-82.578,42.562],[-82.576,42.562],[-82.571,42.568],[-82.568,42.571],[-82.562,42.576],[-82.558,42.577],[-82.554,42.582],[-82.548,42.587],[-82.543,42.592],[-82.536,42.596],[-82.531,42.598],[-82.524,42.604],[-82.52,42.606],[-82.516,42.613],[-82.51,42.621],[-82.508,42.626],[-82.508,42.633],[-82.504,42.639],[-82.505,42.643],[-82.505,42.648],[-82.507,42.66],[-82.506,42.665],[-82.502,42.675],[-82.496,42.683],[-82.495,42.687],[-82.492,42.694],[-82.485,42.699],[-82.483,42.703],[-82.482,42.707],[-82.477,42.72],[-82.477,42.722],[-82.479,42.732],[-82.478,42.734],[-82.473,42.744],[-82.468,42.748],[-82.466,42.751],[-82.463,42.76],[-82.463,42.764],[-82.466,42.776],[-82.467,42.779],[-82.468,42.785],[-82.469,42.789],[-82.473,42.797],[-82.478,42.804],[-82.478,42.809],[-82.477,42.815],[-82.473,42.823],[-82.467,42.837],[-82.466,42.846],[-82.463,42.857],[-82.462,42.87],[-82.46,42.876],[-82.456,42.886],[-82.455,42.891],[-82.458,42.899],[-82.458,42.907],[-82.453,42.922],[-82.45,42.928],[-82.447,42.934],[-82.442,42.939],[-82.43,42.947],[-82.426,42.95],[-82.423,42.955],[-82.413,42.965],[-82.411,42.968],[-82.409,42.975],[-82.407,42.979],[-82.406,42.982],[-82.409,42.982],[-82.412,42.981],[-82.416,42.986],[-82.418,42.99],[-82.421,42.991],[-82.423,42.996],[-82.422,42.998],[-82.418,43.003],[-82.415,43.001],[-82.411,43.001],[-82.412,43.004],[-82.406,43.005],[-82.398,43.007],[-82.385,43.014],[-82.378,43.016],[-82.367,43.017],[-82.349,43.02],[-82.339,43.021],[-82.317,43.025],[-82.285,43.029],[-82.258,43.033],[-82.243,43.035],[-82.239,43.037],[-82.233,43.038],[-82.221,43.041],[-82.207,43.045],[-82.191,43.05],[-82.179,43.055],[-82.168,43.06],[-82.163,43.064],[-82.156,43.069],[-82.15,43.075],[-82.148,43.081],[-82.151,43.085],[-82.15,43.091],[-82.149,43.093],[-82.139,43.094],[-82.124,43.098],[-82.116,43.102],[-82.104,43.107],[-82.097,43.111],[-82.073,43.13],[-82.066,43.135],[-82.057,43.146],[-82.046,43.155],[-82.039,43.159],[-82.027,43.169],[-82.026,43.171],[-82.022,43.172],[-82.022,43.175],[-82.02,43.179],[-82.016,43.184],[-82.016,43.189],[-82.021,43.194],[-82.023,43.2],[-82.021,43.202],[-82.02,43.206],[-82.022,43.209],[-82.023,43.212],[-82.02,43.213],[-82.017,43.216],[-82.014,43.213],[-82.008,43.211],[-81.998,43.208],[-81.988,43.209],[-81.982,43.21],[-81.968,43.213],[-81.939,43.223],[-81.917,43.23],[-81.91,43.233],[-81.906,43.234],[-81.901,43.236],[-81.886,43.242],[-81.865,43.252],[-81.85,43.26],[-81.823,43.274],[-81.805,43.286],[-81.784,43.3],[-81.771,43.309],[-81.766,43.314],[-81.76,43.319],[-81.758,43.317],[-81.743,43.311],[-81.745,43.307],[-81.753,43.307],[-81.755,43.293],[-81.763,43.293],[-81.762,43.289],[-81.761,43.287],[-81.764,43.284],[-81.763,43.279],[-81.76,43.277],[-81.763,43.274],[-81.769,43.272],[-81.77,43.267],[-81.767,43.265],[-81.771,43.262],[-81.772,43.259],[-81.769,43.257],[-81.774,43.253],[-81.777,43.249],[-81.776,43.24],[-81.774,43.238]]]]}},{"type":"Feature","properties":{"HR_UID":"3543","ENGNAME":"Leeds, Grenville & Lanark District Health Unit"},"geometry":{"type":"MultiPolygon","coordinates":[[[[-75.933,44.364],[-75.936,44.361],[-75.938,44.358],[-75.944,44.356],[-75.948,44.35],[-75.956,44.35],[-75.959,44.347],[-75.966,44.347],[-75.97,44.343],[-75.975,44.347],[-75.978,44.348],[-75.984,44.347],[-75.991,44.347],[-75.994,44.349],[-75.997,44.35],[-75.986,44.355],[-75.979,44.357],[-75.978,44.358],[-75.969,44.36],[-75.965,44.362],[-75.963,44.364],[-75.961,44.364],[-75.955,44.365],[-75.952,44.365],[-75.95,44.363],[-75.95,44.36],[-75.945,44.36],[-75.938,44.364],[-75.933,44.364]]],[[[-75.846,44.435],[-75.844,44.433],[-75.842,44.426],[-75.844,44.422],[-75.846,44.42],[-75.848,44.417],[-75.853,44.417],[-75.861,44.413],[-75.863,44.408],[-75.866,44.408],[-75.869,44.403],[-75.872,44.404],[-75.878,44.401],[-75.881,44.401],[-75.88,44.397],[-75.883,44.397],[-75.891,44.393],[-75.893,44.392],[-75.9,44.384],[-75.905,44.383],[-75.907,44.384],[-75.904,44.388],[-75.901,44.388],[-75.901,44.39],[-75.896,44.393],[-75.893,44.396],[-75.893,44.398],[-75.887,44.401],[-75.886,44.404],[-75.881,44.407],[-75.88,44.411],[-75.875,44.412],[-75.871,44.417],[-75.867,44.42],[-75.861,44.423],[-75.857,44.428],[-75.853,44.429],[-75.852,44.433],[-75.846,44.435]]],[[[-75.595,45.084],[-75.594,45.084],[-75.571,45.056],[-75.562,45.045],[-75.547,45.029],[-75.539,45.021],[-75.522,45.001],[-75.517,44.995],[-75.507,44.983],[-75.496,44.97],[-75.486,44.957],[-75.483,44.954],[-75.472,44.939],[-75.458,44.922],[-75.445,44.904],[-75.412,44.862],[-75.409,44.857],[-75.405,44.853],[-75.387,44.832],[-75.361,44.801],[-75.364,44.799],[-75.37,44.796],[-75.372,44.793],[-75.372,44.787],[-75.375,44.785],[-75.383,44.786],[-75.392,44.784],[-75.393,44.781],[-75.397,44.779],[-75.403,44.776],[-75.406,44.776],[-75.416,44.778],[-75.418,44.779],[-75.424,44.778],[-75.428,44.776],[-75.429,44.769],[-75.435,44.759],[-75.44,44.76],[-75.445,44.758],[-75.448,44.755],[-75.449,44.751],[-75.452,44.748],[-75.457,44.749],[-75.46,44.748],[-75.466,44.742],[-75.47,44.741],[-75.474,44.737],[-75.472,44.734],[-75.475,44.732],[-75.477,44.727],[-75.483,44.722],[-75.488,44.721],[-75.492,44.721],[-75.498,44.716],[-75.503,44.715],[-75.506,44.711],[-75.512,44.71],[-75.514,44.708],[-75.521,44.703],[-75.527,44.703],[-75.532,44.699],[-75.537,44.698],[-75.551,44.687],[-75.554,44.683],[-75.554,44.68],[-75.562,44.678],[-75.566,44.673],[-75.567,44.669],[-75.569,44.668],[-75.573,44.663],[-75.578,44.658],[-75.583,44.656],[-75.586,44.655],[-75.591,44.651],[-75.595,44.651],[-75.597,44.649],[-75.598,44.646],[-75.603,44.64],[-75.606,44.639],[-75.612,44.636],[-75.614,44.632],[-75.617,44.632],[-75.621,44.629],[-75.63,44.622],[-75.635,44.621],[-75.644,44.613],[-75.646,44.613],[-75.652,44.608],[-75.662,44.601],[-75.667,44.599],[-75.673,44.594],[-75.676,44.593],[-75.68,44.59],[-75.681,44.588],[-75.686,44.585],[-75.69,44.583],[-75.691,44.582],[-75.697,44.578],[-75.705,44.574],[-75.707,44.571],[-75.71,44.571],[-75.715,44.568],[-75.719,44.562],[-75.718,44.56],[-75.725,44.554],[-75.735,44.549],[-75.74,44.55],[-75.744,44.547],[-75.745,44.545],[-75.748,44.541],[-75.751,44.541],[-75.757,44.536],[-75.765,44.531],[-75.77,44.526],[-75.775,44.523],[-75.781,44.52],[-75.782,44.518],[-75.786,44.513],[-75.792,44.509],[-75.799,44.506],[-75.8,44.504],[-75.805,44.504],[-75.804,44.498],[-75.806,44.493],[-75.809,44.492],[-75.811,44.49],[-75.816,44.488],[-75.826,44.487],[-75.83,44.484],[-75.831,44.483],[-75.833,44.476],[-75.837,44.472],[-75.85,44.461],[-75.854,44.457],[-75.856,44.457],[-75.862,44.451],[-75.866,44.447],[-75.874,44.441],[-75.874,44.437],[-75.877,44.434],[-75.882,44.433],[-75.884,44.429],[-75.889,44.426],[-75.894,44.418],[-75.899,44.415],[-75.902,44.411],[-75.907,44.409],[-75.906,44.406],[-75.901,44.406],[-75.906,44.402],[-75.91,44.399],[-75.917,44.394],[-75.922,44.394],[-75.925,44.388],[-75.93,44.386],[-75.929,44.382],[-75.932,44.379],[-75.937,44.376],[-75.944,44.376],[-75.949,44.375],[-75.949,44.373],[-75.957,44.371],[-75.958,44.37],[-75.967,44.368],[-75.972,44.367],[-75.976,44.368],[-75.98,44.367],[-75.983,44.364],[-75.988,44.364],[-75.996,44.365],[-76.003,44.365],[-76.013,44.364],[-76.013,44.361],[-76.016,44.358],[-76.019,44.36],[-76.025,44.356],[-76.027,44.354],[-76.033,44.352],[-76.034,44.353],[-76.04,44.353],[-76.044,44.349],[-76.051,44.349],[-76.056,44.349],[-76.061,44.349],[-76.064,44.345],[-76.068,44.346],[-76.065,44.351],[-76.061,44.354],[-76.058,44.356],[-76.06,44.357],[-76.063,44.355],[-76.066,44.356],[-76.069,44.353],[-76.072,44.352],[-76.077,44.352],[-76.08,44.353],[-76.087,44.35],[-76.089,44.348],[-76.093,44.348],[-76.098,44.347],[-76.101,44.344],[-76.098,44.343],[-76.101,44.34],[-76.105,44.339],[-76.11,44.341],[-76.113,44.338],[-76.119,44.336],[-76.121,44.335],[-76.128,44.336],[-76.131,44.333],[-76.142,44.331],[-76.148,44.331],[-76.152,44.327],[-76.156,44.325],[-76.159,44.325],[-76.163,44.322],[-76.165,44.324],[-76.169,44.322],[-76.172,44.322],[-76.176,44.32],[-76.184,44.317],[-76.185,44.314],[-76.191,44.311],[-76.189,44.309],[-76.197,44.307],[-76.199,44.312],[-76.203,44.311],[-76.207,44.312],[-76.211,44.317],[-76.217,44.319],[-76.222,44.319],[-76.225,44.316],[-76.228,44.315],[-76.234,44.31],[-76.235,44.326],[-76.235,44.328],[-76.236,44.356],[-76.24,44.373],[-76.241,44.385],[-76.244,44.415],[-76.248,44.447],[-76.248,44.456],[-76.25,44.464],[-76.252,44.478],[-76.255,44.498],[-76.263,44.491],[-76.278,44.501],[-76.308,44.527],[-76.321,44.537],[-76.342,44.555],[-76.364,44.573],[-76.382,44.589],[-76.41,44.614],[-76.42,44.623],[-76.453,44.654],[-76.454,44.656],[-76.472,44.672],[-76.476,44.676],[-76.496,44.694],[-76.5,44.698],[-76.521,44.717],[-76.526,44.721],[-76.532,44.717],[-76.545,44.741],[-76.55,44.751],[-76.554,44.757],[-76.578,44.801],[-76.595,44.832],[-76.597,44.837],[-76.609,44.859],[-76.613,44.866],[-76.624,44.885],[-76.635,44.903],[-76.637,44.909],[-76.657,44.944],[-76.665,44.957],[-76.689,45],[-76.7,45.019],[-76.706,45.034],[-76.711,45.039],[-76.713,45.042],[-76.725,45.063],[-76.737,45.077],[-76.74,45.084],[-76.75,45.106],[-76.759,45.123],[-76.77,45.142],[-76.661,45.212],[-76.622,45.238],[-76.606,45.249],[-76.601,45.252],[-76.589,45.26],[-76.584,45.264],[-76.576,45.268],[-76.552,45.283],[-76.522,45.302],[-76.503,45.311],[-76.483,45.323],[-76.453,45.342],[-76.428,45.358],[-76.4,45.379],[-76.391,45.386],[-76.372,45.398],[-76.354,45.411],[-76.343,45.4],[-76.313,45.377],[-76.28,45.351],[-76.256,45.333],[-76.246,45.326],[-76.23,45.313],[-76.214,45.301],[-76.211,45.303],[-76.192,45.288],[-76.177,45.276],[-76.168,45.268],[-76.148,45.25],[-76.111,45.221],[-76.106,45.217],[-76.092,45.205],[-76.065,45.184],[-76.002,45.131],[-75.974,45.108],[-75.953,45.09],[-75.941,45.08],[-75.953,45.072],[-75.926,45.05],[-75.916,45.041],[-75.897,45.026],[-75.89,45.019],[-75.876,45.008],[-75.846,44.983],[-75.82,44.962],[-75.82,44.968],[-75.813,44.97],[-75.812,44.974],[-75.81,44.977],[-75.805,44.98],[-75.8,44.981],[-75.796,44.983],[-75.788,44.983],[-75.77,44.99],[-75.765,44.994],[-75.764,44.998],[-75.76,45],[-75.757,45.004],[-75.751,45.005],[-75.75,45.007],[-75.743,45.009],[-75.734,45.014],[-75.729,45.019],[-75.725,45.02],[-75.719,45.02],[-75.713,45.023],[-75.706,45.025],[-75.699,45.031],[-75.697,45.036],[-75.691,45.042],[-75.691,45.046],[-75.689,45.048],[-75.684,45.047],[-75.679,45.048],[-75.674,45.052],[-75.67,45.055],[-75.659,45.059],[-75.648,45.065],[-75.642,45.069],[-75.64,45.073],[-75.637,45.086],[-75.635,45.09],[-75.63,45.092],[-75.623,45.096],[-75.621,45.098],[-75.619,45.102],[-75.618,45.106],[-75.621,45.112],[-75.627,45.12],[-75.628,45.124],[-75.619,45.113],[-75.607,45.098],[-75.595,45.084]]]]}},{"type":"Feature","properties":{"HR_UID":"3544","ENGNAME":"Middlesex-London Health Unit"},"geometry":{"type":"Polygon","coordinates":[[[-81.132,43.231],[-81.088,43.146],[-81.05,43.07],[-81.038,43.046],[-81.023,43.05],[-81.005,43.016],[-81,43.004],[-80.994,42.993],[-80.988,42.993],[-80.981,42.986],[-80.977,42.987],[-80.974,42.989],[-80.974,42.994],[-80.971,42.995],[-80.963,42.995],[-80.962,42.997],[-80.959,42.998],[-80.958,43],[-80.954,43.004],[-80.95,43.006],[-80.947,43.009],[-80.934,42.999],[-80.923,43.001],[-80.903,42.927],[-80.899,42.913],[-80.91,42.911],[-80.955,42.904],[-81,42.897],[-81.081,42.885],[-81.082,42.891],[-81.09,42.891],[-81.104,42.889],[-81.105,42.892],[-81.12,42.891],[-81.119,42.885],[-81.115,42.871],[-81.155,42.861],[-81.158,42.86],[-81.194,42.851],[-81.21,42.847],[-81.224,42.844],[-81.306,42.823],[-81.365,42.808],[-81.381,42.804],[-81.424,42.793],[-81.428,42.795],[-81.432,42.796],[-81.435,42.794],[-81.436,42.789],[-81.435,42.785],[-81.435,42.78],[-81.433,42.778],[-81.428,42.78],[-81.427,42.782],[-81.422,42.782],[-81.422,42.779],[-81.419,42.774],[-81.429,42.772],[-81.444,42.774],[-81.458,42.773],[-81.461,42.774],[-81.465,42.776],[-81.465,42.78],[-81.469,42.782],[-81.471,42.785],[-81.481,42.784],[-81.486,42.78],[-81.487,42.777],[-81.485,42.772],[-81.483,42.77],[-81.478,42.77],[-81.478,42.765],[-81.472,42.755],[-81.474,42.753],[-81.478,42.754],[-81.48,42.756],[-81.484,42.756],[-81.492,42.754],[-81.499,42.756],[-81.502,42.759],[-81.509,42.764],[-81.516,42.766],[-81.519,42.766],[-81.527,42.762],[-81.533,42.76],[-81.534,42.756],[-81.532,42.753],[-81.529,42.752],[-81.522,42.753],[-81.521,42.749],[-81.529,42.749],[-81.534,42.746],[-81.535,42.742],[-81.542,42.739],[-81.548,42.737],[-81.552,42.737],[-81.555,42.739],[-81.555,42.743],[-81.56,42.747],[-81.563,42.747],[-81.568,42.747],[-81.571,42.745],[-81.572,42.743],[-81.568,42.738],[-81.564,42.737],[-81.566,42.734],[-81.57,42.735],[-81.573,42.736],[-81.574,42.733],[-81.583,42.729],[-81.586,42.727],[-81.59,42.726],[-81.594,42.728],[-81.6,42.728],[-81.604,42.726],[-81.6,42.722],[-81.599,42.715],[-81.601,42.711],[-81.606,42.709],[-81.614,42.71],[-81.617,42.707],[-81.618,42.701],[-81.616,42.697],[-81.616,42.695],[-81.623,42.692],[-81.625,42.69],[-81.625,42.687],[-81.627,42.684],[-81.633,42.682],[-81.637,42.682],[-81.644,42.685],[-81.649,42.691],[-81.651,42.695],[-81.653,42.697],[-81.666,42.699],[-81.671,42.703],[-81.675,42.702],[-81.679,42.699],[-81.686,42.696],[-81.687,42.694],[-81.686,42.691],[-81.681,42.686],[-81.681,42.682],[-81.679,42.679],[-81.681,42.675],[-81.684,42.672],[-81.69,42.673],[-81.696,42.673],[-81.702,42.674],[-81.705,42.674],[-81.712,42.668],[-81.717,42.667],[-81.717,42.664],[-81.714,42.661],[-81.708,42.661],[-81.712,42.653],[-81.709,42.651],[-81.706,42.652],[-81.699,42.651],[-81.698,42.65],[-81.7,42.645],[-81.704,42.644],[-81.704,42.639],[-81.708,42.642],[-81.713,42.639],[-81.72,42.645],[-81.721,42.647],[-81.719,42.65],[-81.723,42.653],[-81.725,42.655],[-81.732,42.658],[-81.734,42.661],[-81.738,42.661],[-81.74,42.657],[-81.743,42.655],[-81.747,42.655],[-81.75,42.652],[-81.756,42.65],[-81.759,42.646],[-81.764,42.645],[-81.769,42.645],[-81.772,42.648],[-81.775,42.647],[-81.777,42.643],[-81.78,42.641],[-81.78,42.638],[-81.777,42.634],[-81.782,42.633],[-81.782,42.631],[-81.784,42.628],[-81.792,42.626],[-81.795,42.622],[-81.799,42.621],[-81.801,42.618],[-81.801,42.614],[-81.804,42.611],[-81.81,42.608],[-81.813,42.607],[-81.824,42.611],[-81.827,42.611],[-81.835,42.608],[-81.835,42.612],[-81.835,42.651],[-81.835,42.669],[-81.835,42.731],[-81.835,42.757],[-81.835,42.77],[-81.835,42.82],[-81.835,42.826],[-81.835,42.843],[-81.825,42.835],[-81.796,42.812],[-81.79,42.816],[-81.79,42.856],[-81.789,42.905],[-81.789,42.954],[-81.789,43.008],[-81.789,43.054],[-81.789,43.066],[-81.808,43.069],[-81.809,43.079],[-81.808,43.084],[-81.813,43.082],[-81.816,43.082],[-81.817,43.084],[-81.816,43.088],[-81.814,43.092],[-81.814,43.096],[-81.819,43.102],[-81.824,43.104],[-81.821,43.106],[-81.818,43.106],[-81.814,43.11],[-81.811,43.111],[-81.805,43.111],[-81.803,43.114],[-81.806,43.116],[-81.813,43.115],[-81.813,43.118],[-81.811,43.123],[-81.808,43.123],[-81.802,43.121],[-81.798,43.122],[-81.797,43.125],[-81.8,43.127],[-81.807,43.129],[-81.807,43.132],[-81.806,43.135],[-81.808,43.137],[-81.805,43.143],[-81.808,43.147],[-81.808,43.15],[-81.812,43.154],[-81.816,43.155],[-81.815,43.158],[-81.816,43.161],[-81.812,43.165],[-81.807,43.164],[-81.806,43.167],[-81.81,43.168],[-81.811,43.174],[-81.808,43.175],[-81.808,43.177],[-81.81,43.179],[-81.814,43.179],[-81.815,43.183],[-81.818,43.186],[-81.819,43.19],[-81.816,43.191],[-81.814,43.194],[-81.812,43.198],[-81.814,43.2],[-81.813,43.204],[-81.811,43.206],[-81.814,43.209],[-81.813,43.215],[-81.8,43.222],[-81.798,43.224],[-81.795,43.222],[-81.793,43.216],[-81.787,43.213],[-81.783,43.211],[-81.781,43.217],[-81.781,43.222],[-81.779,43.228],[-81.776,43.231],[-81.774,43.238],[-81.77,43.237],[-81.741,43.24],[-81.691,43.246],[-81.641,43.252],[-81.616,43.254],[-81.565,43.26],[-81.5,43.267],[-81.465,43.271],[-81.469,43.289],[-81.444,43.292],[-81.431,43.293],[-81.389,43.275],[-81.333,43.251],[-81.258,43.218],[-81.224,43.203],[-81.176,43.218],[-81.143,43.228],[-81.132,43.231]]]}},{"type":"Feature","properties":{"HR_UID":"3546","ENGNAME":"Niagara Region Public Health"},"geometry":{"type":"Polygon","coordinates":[[[-79.438,42.876],[-79.449,42.889],[-79.458,42.899],[-79.481,42.927],[-79.488,42.936],[-79.511,42.965],[-79.549,42.978],[-79.562,42.982],[-79.563,42.983],[-79.618,43.002],[-79.668,43.02],[-79.724,43.04],[-79.754,43.051],[-79.751,43.056],[-79.742,43.08],[-79.71,43.156],[-79.692,43.152],[-79.678,43.148],[-79.659,43.144],[-79.658,43.146],[-79.65,43.163],[-79.646,43.171],[-79.638,43.189],[-79.631,43.206],[-79.627,43.214],[-79.622,43.226],[-79.62,43.227],[-79.619,43.224],[-79.614,43.221],[-79.608,43.217],[-79.597,43.211],[-79.595,43.211],[-79.586,43.206],[-79.581,43.205],[-79.573,43.206],[-79.566,43.207],[-79.562,43.207],[-79.556,43.206],[-79.547,43.202],[-79.542,43.199],[-79.535,43.196],[-79.527,43.195],[-79.517,43.195],[-79.501,43.197],[-79.492,43.194],[-79.488,43.194],[-79.478,43.197],[-79.466,43.195],[-79.459,43.197],[-79.447,43.198],[-79.444,43.198],[-79.439,43.198],[-79.435,43.198],[-79.412,43.198],[-79.406,43.197],[-79.39,43.193],[-79.383,43.189],[-79.368,43.184],[-79.359,43.182],[-79.345,43.181],[-79.332,43.181],[-79.325,43.182],[-79.316,43.184],[-79.305,43.188],[-79.299,43.192],[-79.293,43.195],[-79.285,43.198],[-79.279,43.2],[-79.262,43.206],[-79.253,43.208],[-79.245,43.212],[-79.232,43.218],[-79.227,43.221],[-79.222,43.225],[-79.22,43.228],[-79.22,43.241],[-79.218,43.244],[-79.216,43.245],[-79.212,43.242],[-79.211,43.236],[-79.213,43.236],[-79.213,43.228],[-79.209,43.226],[-79.205,43.226],[-79.199,43.228],[-79.193,43.229],[-79.188,43.231],[-79.173,43.239],[-79.167,43.241],[-79.161,43.244],[-79.152,43.248],[-79.152,43.249],[-79.143,43.254],[-79.138,43.256],[-79.127,43.259],[-79.126,43.257],[-79.119,43.256],[-79.112,43.257],[-79.102,43.259],[-79.09,43.262],[-79.076,43.262],[-79.069,43.258],[-79.064,43.257],[-79.058,43.251],[-79.058,43.248],[-79.06,43.237],[-79.059,43.23],[-79.057,43.224],[-79.06,43.217],[-79.06,43.213],[-79.059,43.207],[-79.053,43.202],[-79.052,43.197],[-79.053,43.194],[-79.057,43.186],[-79.058,43.183],[-79.056,43.18],[-79.057,43.172],[-79.052,43.166],[-79.049,43.163],[-79.046,43.155],[-79.045,43.152],[-79.043,43.148],[-79.043,43.143],[-79.044,43.139],[-79.05,43.136],[-79.056,43.128],[-79.061,43.127],[-79.068,43.122],[-79.07,43.123],[-79.073,43.121],[-79.068,43.119],[-79.06,43.113],[-79.059,43.109],[-79.063,43.099],[-79.065,43.098],[-79.068,43.091],[-79.076,43.085],[-79.079,43.078],[-79.079,43.075],[-79.068,43.069],[-79.062,43.07],[-79.059,43.069],[-79.05,43.065],[-79.046,43.064],[-79.044,43.062],[-79.039,43.061],[-79.033,43.061],[-79.028,43.059],[-79.025,43.055],[-79.02,43.049],[-79.018,43.046],[-79.017,43.04],[-79.019,43.033],[-79.023,43.028],[-79.027,43.025],[-79.03,43.02],[-79.031,43.015],[-79.03,43.009],[-79.03,43.006],[-79.027,42.995],[-79.028,42.99],[-79.027,42.987],[-79.024,42.981],[-79.019,42.978],[-79.008,42.973],[-78.99,42.97],[-78.982,42.967],[-78.979,42.965],[-78.977,42.958],[-78.976,42.956],[-78.969,42.951],[-78.962,42.949],[-78.951,42.948],[-78.946,42.949],[-78.94,42.95],[-78.934,42.948],[-78.926,42.942],[-78.924,42.94],[-78.916,42.935],[-78.913,42.93],[-78.913,42.927],[-78.911,42.92],[-78.908,42.913],[-78.909,42.908],[-78.91,42.906],[-78.916,42.904],[-78.921,42.896],[-78.922,42.893],[-78.925,42.889],[-78.931,42.885],[-78.936,42.884],[-78.945,42.883],[-78.952,42.88],[-78.961,42.884],[-78.968,42.884],[-78.971,42.882],[-78.972,42.879],[-78.978,42.88],[-78.982,42.879],[-78.991,42.879],[-78.998,42.877],[-79,42.873],[-79.004,42.871],[-79.006,42.868],[-79.009,42.868],[-79.016,42.869],[-79.024,42.873],[-79.031,42.874],[-79.035,42.874],[-79.037,42.873],[-79.048,42.868],[-79.048,42.866],[-79.052,42.864],[-79.053,42.863],[-79.058,42.859],[-79.06,42.861],[-79.066,42.863],[-79.071,42.863],[-79.082,42.862],[-79.088,42.86],[-79.094,42.856],[-79.094,42.848],[-79.088,42.845],[-79.088,42.842],[-79.092,42.838],[-79.095,42.836],[-79.098,42.837],[-79.098,42.842],[-79.101,42.846],[-79.109,42.853],[-79.117,42.86],[-79.126,42.864],[-79.134,42.865],[-79.137,42.864],[-79.149,42.872],[-79.156,42.875],[-79.167,42.876],[-79.171,42.873],[-79.177,42.874],[-79.181,42.873],[-79.185,42.869],[-79.193,42.868],[-79.196,42.868],[-79.2,42.87],[-79.207,42.872],[-79.216,42.871],[-79.221,42.868],[-79.222,42.87],[-79.229,42.874],[-79.236,42.876],[-79.241,42.876],[-79.243,42.874],[-79.243,42.872],[-79.245,42.868],[-79.251,42.867],[-79.252,42.872],[-79.254,42.873],[-79.252,42.877],[-79.265,42.879],[-79.27,42.878],[-79.273,42.871],[-79.276,42.87],[-79.28,42.872],[-79.284,42.872],[-79.286,42.873],[-79.297,42.878],[-79.304,42.878],[-79.307,42.877],[-79.308,42.875],[-79.316,42.874],[-79.317,42.875],[-79.325,42.875],[-79.33,42.874],[-79.334,42.872],[-79.335,42.868],[-79.34,42.863],[-79.344,42.859],[-79.346,42.855],[-79.35,42.86],[-79.361,42.865],[-79.366,42.867],[-79.373,42.867],[-79.38,42.861],[-79.384,42.862],[-79.385,42.864],[-79.393,42.869],[-79.406,42.873],[-79.415,42.873],[-79.42,42.872],[-79.423,42.871],[-79.427,42.873],[-79.438,42.876]]]}},{"type":"Feature","properties":{"HR_UID":"3547","ENGNAME":"North Bay Parry Sound District Health Unit"},"geometry":{"type":"MultiPolygon","coordinates":[[[[-79.971,45.115],[-80,45.107],[-80.05,45.096],[-80.052,45.095],[-80.067,45.096],[-80.066,45.102],[-80.06,45.103],[-80.062,45.105],[-80.065,45.105],[-80.069,45.107],[-80.077,45.108],[-80.08,45.106],[-80.079,45.104],[-80.084,45.103],[-80.088,45.106],[-80.093,45.107],[-80.098,45.111],[-80.101,45.111],[-80.106,45.114],[-80.11,45.115],[-80.107,45.12],[-80.098,45.122],[-80.098,45.12],[-80.09,45.122],[-80.087,45.119],[-80.085,45.114],[-80.081,45.11],[-80.075,45.112],[-80.072,45.11],[-80.061,45.112],[-80.053,45.11],[-80.051,45.109],[-80.044,45.111],[-80.043,45.113],[-80.036,45.113],[-80.033,45.112],[-80.027,45.117],[-80.024,45.117],[-80.019,45.114],[-80.016,45.114],[-80.015,45.119],[-80.009,45.124],[-80.014,45.126],[-80.008,45.128],[-79.994,45.13],[-79.991,45.128],[-79.985,45.13],[-79.984,45.127],[-79.979,45.128],[-79.977,45.124],[-79.979,45.12],[-79.98,45.116],[-79.977,45.115],[-79.974,45.117],[-79.971,45.115]]],[[[-80.055,45.177],[-80.052,45.174],[-80.051,45.169],[-80.057,45.165],[-80.053,45.164],[-80.051,45.167],[-80.048,45.166],[-80.045,45.167],[-80.04,45.164],[-80.038,45.161],[-80.036,45.167],[-80.032,45.171],[-80.029,45.17],[-80.027,45.167],[-80.023,45.163],[-80.025,45.158],[-80.031,45.161],[-80.032,45.159],[-80.025,45.154],[-80.031,45.151],[-80.027,45.148],[-80.021,45.145],[-80.015,45.147],[-80.015,45.14],[-80.018,45.137],[-80.014,45.135],[-80.01,45.135],[-80.006,45.133],[-80.005,45.131],[-80.007,45.129],[-80.012,45.128],[-80.016,45.125],[-80.021,45.126],[-80.029,45.132],[-80.028,45.135],[-80.026,45.137],[-80.026,45.14],[-80.033,45.139],[-80.036,45.142],[-80.04,45.141],[-80.045,45.138],[-80.046,45.14],[-80.05,45.142],[-80.055,45.142],[-80.054,45.144],[-80.051,45.145],[-80.047,45.144],[-80.045,45.147],[-80.05,45.149],[-80.053,45.154],[-80.057,45.154],[-80.058,45.157],[-80.06,45.158],[-80.066,45.155],[-80.066,45.158],[-80.069,45.16],[-80.071,45.155],[-80.076,45.153],[-80.078,45.155],[-80.081,45.153],[-80.083,45.15],[-80.087,45.155],[-80.075,45.163],[-80.07,45.163],[-80.071,45.165],[-80.076,45.165],[-80.079,45.166],[-80.08,45.168],[-80.074,45.171],[-80.071,45.176],[-80.067,45.175],[-80.064,45.176],[-80.061,45.173],[-80.058,45.173],[-80.058,45.176],[-80.055,45.177]]],[[[-80.258,45.295],[-80.261,45.292],[-80.264,45.286],[-80.264,45.283],[-80.261,45.282],[-80.259,45.285],[-80.256,45.282],[-80.257,45.28],[-80.253,45.28],[-80.253,45.274],[-80.25,45.272],[-80.251,45.27],[-80.255,45.27],[-80.258,45.268],[-80.261,45.266],[-80.265,45.262],[-80.269,45.259],[-80.274,45.259],[-80.273,45.263],[-80.274,45.266],[-80.271,45.27],[-80.272,45.273],[-80.268,45.274],[-80.268,45.277],[-80.269,45.281],[-80.266,45.292],[-80.263,45.292],[-80.261,45.295],[-80.258,45.295]]],[[[-80.086,45.278],[-80.088,45.276],[-80.092,45.275],[-80.096,45.272],[-80.099,45.272],[-80.104,45.268],[-80.108,45.268],[-80.112,45.264],[-80.115,45.258],[-80.119,45.255],[-80.125,45.256],[-80.128,45.259],[-80.133,45.259],[-80.14,45.255],[-80.144,45.256],[-80.145,45.258],[-80.15,45.254],[-80.155,45.245],[-80.159,45.243],[-80.157,45.241],[-80.158,45.238],[-80.162,45.237],[-80.161,45.247],[-80.158,45.248],[-80.156,45.251],[-80.15,45.256],[-80.149,45.259],[-80.144,45.261],[-80.145,45.263],[-80.142,45.265],[-80.138,45.263],[-80.134,45.264],[-80.136,45.267],[-80.132,45.27],[-80.125,45.27],[-80.122,45.273],[-80.116,45.273],[-80.114,45.272],[-80.11,45.273],[-80.109,45.275],[-80.094,45.276],[-80.089,45.278],[-80.086,45.278]]],[[[-80.191,45.33],[-80.192,45.327],[-80.197,45.324],[-80.201,45.324],[-80.209,45.321],[-80.211,45.321],[-80.221,45.32],[-80.227,45.317],[-80.233,45.318],[-80.233,45.32],[-80.226,45.324],[-80.226,45.326],[-80.22,45.328],[-80.218,45.326],[-80.215,45.327],[-80.209,45.329],[-80.202,45.33],[-80.198,45.329],[-80.195,45.33],[-80.191,45.33]]],[[[-80.069,45.344],[-80.067,45.341],[-80.067,45.336],[-80.063,45.338],[-80.063,45.336],[-80.055,45.336],[-80.049,45.338],[-80.047,45.335],[-80.048,45.33],[-80.051,45.33],[-80.056,45.328],[-80.056,45.326],[-80.057,45.322],[-80.049,45.321],[-80.045,45.316],[-80.049,45.314],[-80.057,45.314],[-80.058,45.311],[-80.063,45.309],[-80.066,45.306],[-80.066,45.303],[-80.071,45.301],[-80.075,45.302],[-80.075,45.3],[-80.081,45.297],[-80.07,45.292],[-80.07,45.291],[-80.081,45.288],[-80.083,45.288],[-80.085,45.285],[-80.089,45.281],[-80.097,45.283],[-80.09,45.286],[-80.087,45.285],[-80.084,45.29],[-80.091,45.287],[-80.094,45.287],[-80.098,45.285],[-80.1,45.286],[-80.106,45.285],[-80.101,45.283],[-80.105,45.281],[-80.103,45.278],[-80.108,45.278],[-80.108,45.281],[-80.113,45.277],[-80.118,45.276],[-80.12,45.277],[-80.117,45.28],[-80.123,45.282],[-80.128,45.28],[-80.136,45.278],[-80.143,45.28],[-80.149,45.278],[-80.14,45.271],[-80.142,45.269],[-80.147,45.268],[-80.152,45.269],[-80.158,45.268],[-80.161,45.27],[-80.164,45.269],[-80.167,45.266],[-80.165,45.264],[-80.16,45.262],[-80.152,45.263],[-80.151,45.261],[-80.153,45.26],[-80.155,45.255],[-80.162,45.247],[-80.164,45.238],[-80.164,45.235],[-80.171,45.231],[-80.172,45.226],[-80.175,45.223],[-80.178,45.223],[-80.18,45.225],[-80.177,45.228],[-80.175,45.234],[-80.176,45.238],[-80.172,45.238],[-80.171,45.235],[-80.168,45.237],[-80.174,45.24],[-80.176,45.244],[-80.179,45.242],[-80.181,45.245],[-80.183,45.245],[-80.182,45.238],[-80.187,45.238],[-80.189,45.239],[-80.189,45.241],[-80.195,45.243],[-80.198,45.25],[-80.2,45.258],[-80.208,45.254],[-80.21,45.254],[-80.211,45.259],[-80.213,45.26],[-80.216,45.265],[-80.211,45.266],[-80.21,45.263],[-80.206,45.265],[-80.203,45.265],[-80.204,45.268],[-80.213,45.271],[-80.215,45.275],[-80.218,45.274],[-80.223,45.279],[-80.22,45.281],[-80.221,45.283],[-80.218,45.285],[-80.217,45.288],[-80.227,45.289],[-80.223,45.293],[-80.224,45.298],[-80.223,45.3],[-80.219,45.304],[-80.217,45.306],[-80.22,45.308],[-80.218,45.31],[-80.217,45.313],[-80.209,45.317],[-80.205,45.32],[-80.2,45.321],[-80.189,45.321],[-80.186,45.321],[-80.186,45.324],[-80.19,45.325],[-80.191,45.327],[-80.186,45.328],[-80.181,45.326],[-80.179,45.327],[-80.167,45.325],[-80.164,45.324],[-80.16,45.325],[-80.157,45.324],[-80.151,45.321],[-80.148,45.319],[-80.138,45.318],[-80.136,45.317],[-80.128,45.318],[-80.126,45.316],[-80.128,45.313],[-80.126,45.31],[-80.12,45.31],[-80.116,45.314],[-80.114,45.313],[-80.106,45.312],[-80.1,45.313],[-80.095,45.314],[-80.097,45.317],[-80.103,45.316],[-80.103,45.32],[-80.099,45.321],[-80.095,45.324],[-80.094,45.329],[-80.097,45.332],[-80.095,45.337],[-80.098,45.339],[-80.097,45.341],[-80.093,45.345],[-80.088,45.344],[-80.075,45.345],[-80.074,45.344],[-80.069,45.344]]],[[[-80.336,45.424],[-80.34,45.421],[-80.335,45.416],[-80.334,45.414],[-80.329,45.413],[-80.329,45.416],[-80.324,45.413],[-80.326,45.412],[-80.323,45.407],[-80.325,45.403],[-80.321,45.4],[-80.319,45.394],[-80.32,45.392],[-80.324,45.392],[-80.327,45.39],[-80.33,45.391],[-80.329,45.387],[-80.333,45.384],[-80.331,45.38],[-80.332,45.377],[-80.337,45.374],[-80.343,45.375],[-80.346,45.374],[-80.348,45.376],[-80.346,45.379],[-80.343,45.381],[-80.352,45.387],[-80.348,45.387],[-80.352,45.39],[-80.355,45.398],[-80.358,45.4],[-80.357,45.406],[-80.36,45.407],[-80.358,45.409],[-80.354,45.408],[-80.345,45.412],[-80.342,45.407],[-80.339,45.411],[-80.34,45.417],[-80.343,45.416],[-80.348,45.418],[-80.348,45.421],[-80.343,45.423],[-80.336,45.424]]],[[[-80.11,45.401],[-80.115,45.398],[-80.112,45.395],[-80.112,45.391],[-80.109,45.389],[-80.11,45.387],[-80.106,45.384],[-80.107,45.38],[-80.111,45.376],[-80.11,45.371],[-80.115,45.369],[-80.115,45.372],[-80.112,45.377],[-80.114,45.38],[-80.118,45.38],[-80.125,45.376],[-80.131,45.377],[-80.133,45.38],[-80.127,45.383],[-80.122,45.388],[-80.126,45.391],[-80.127,45.394],[-80.122,45.397],[-80.122,45.4],[-80.118,45.402],[-80.11,45.401]]],[[[-80.424,45.488],[-80.422,45.486],[-80.428,45.481],[-80.428,45.478],[-80.424,45.477],[-80.422,45.472],[-80.424,45.471],[-80.428,45.473],[-80.432,45.472],[-80.436,45.472],[-80.442,45.473],[-80.448,45.476],[-80.447,45.478],[-80.451,45.48],[-80.447,45.482],[-80.448,45.485],[-80.445,45.487],[-80.44,45.485],[-80.432,45.484],[-80.43,45.485],[-80.433,45.488],[-80.429,45.489],[-80.424,45.488]]],[[[-80.411,45.529],[-80.41,45.527],[-80.414,45.523],[-80.418,45.522],[-80.421,45.524],[-80.422,45.523],[-80.423,45.52],[-80.428,45.52],[-80.43,45.516],[-80.428,45.511],[-80.421,45.508],[-80.425,45.507],[-80.421,45.503],[-80.427,45.502],[-80.424,45.499],[-80.425,45.496],[-80.43,45.492],[-80.436,45.492],[-80.437,45.49],[-80.442,45.491],[-80.442,45.493],[-80.447,45.498],[-80.455,45.501],[-80.455,45.502],[-80.461,45.505],[-80.463,45.507],[-80.461,45.51],[-80.464,45.512],[-80.468,45.51],[-80.465,45.508],[-80.466,45.507],[-80.471,45.504],[-80.473,45.504],[-80.476,45.508],[-80.471,45.511],[-80.475,45.513],[-80.477,45.512],[-80.481,45.515],[-80.481,45.518],[-80.473,45.518],[-80.469,45.519],[-80.462,45.52],[-80.458,45.523],[-80.453,45.523],[-80.453,45.526],[-80.447,45.526],[-80.441,45.525],[-80.439,45.523],[-80.433,45.527],[-80.426,45.526],[-80.424,45.527],[-80.417,45.527],[-80.416,45.528],[-80.411,45.529]]],[[[-80.431,45.574],[-80.435,45.571],[-80.431,45.569],[-80.428,45.571],[-80.427,45.564],[-80.43,45.563],[-80.434,45.558],[-80.445,45.557],[-80.451,45.559],[-80.455,45.562],[-80.452,45.563],[-80.451,45.566],[-80.457,45.57],[-80.453,45.571],[-80.451,45.569],[-80.446,45.568],[-80.443,45.57],[-80.438,45.569],[-80.436,45.573],[-80.431,45.574]]],[[[-80.539,45.655],[-80.54,45.651],[-80.539,45.648],[-80.543,45.643],[-80.541,45.643],[-80.534,45.639],[-80.538,45.637],[-80.541,45.628],[-80.547,45.63],[-80.548,45.634],[-80.552,45.633],[-80.567,45.634],[-80.571,45.635],[-80.572,45.637],[-80.569,45.64],[-80.572,45.642],[-80.57,45.645],[-80.565,45.647],[-80.561,45.648],[-80.556,45.649],[-80.554,45.649],[-80.55,45.651],[-80.548,45.652],[-80.539,45.655]]],[[[-80.548,45.665],[-80.539,45.662],[-80.539,45.658],[-80.55,45.652],[-80.55,45.651],[-80.554,45.65],[-80.556,45.65],[-80.562,45.648],[-80.563,45.648],[-80.579,45.643],[-80.583,45.643],[-80.584,45.649],[-80.581,45.65],[-80.58,45.653],[-80.582,45.655],[-80.581,45.658],[-80.578,45.66],[-80.576,45.66],[-80.576,45.662],[-80.568,45.664],[-80.567,45.662],[-80.564,45.662],[-80.562,45.664],[-80.557,45.663],[-80.552,45.661],[-80.552,45.665],[-80.548,45.665]]],[[[-78.403,46.293],[-78.398,46.282],[-78.397,46.274],[-78.412,46.273],[-78.369,46.194],[-78.349,46.157],[-78.328,46.121],[-78.339,46.118],[-78.359,46.113],[-78.369,46.11],[-78.452,46.088],[-78.513,46.072],[-78.535,46.114],[-78.541,46.125],[-78.543,46.124],[-78.554,46.146],[-78.589,46.212],[-78.685,46.186],[-78.761,46.165],[-78.768,46.178],[-78.776,46.194],[-78.798,46.234],[-78.837,46.224],[-78.875,46.214],[-78.898,46.208],[-78.948,46.195],[-78.949,46.194],[-78.968,46.19],[-78.97,46.19],[-78.978,46.188],[-78.987,46.205],[-79.014,46.198],[-79.098,46.175],[-79.117,46.17],[-79.158,46.16],[-79.149,46.142],[-79.142,46.13],[-79.128,46.104],[-79.107,46.064],[-79.094,46.04],[-79.134,46.029],[-79.176,46.017],[-79.237,46],[-79.245,45.998],[-79.258,45.994],[-79.249,45.979],[-79.235,45.954],[-79.228,45.942],[-79.2,45.888],[-79.191,45.872],[-79.195,45.87],[-79.179,45.841],[-79.169,45.822],[-79.165,45.819],[-79.163,45.816],[-79.163,45.812],[-79.154,45.796],[-79.148,45.784],[-79.13,45.752],[-79.095,45.761],[-79.082,45.764],[-79.063,45.77],[-79.06,45.764],[-79.055,45.765],[-79.048,45.753],[-79.015,45.692],[-78.964,45.599],[-78.962,45.596],[-78.928,45.533],[-78.956,45.524],[-79.001,45.513],[-79.003,45.517],[-79.038,45.507],[-79.054,45.504],[-79.072,45.499],[-79.155,45.475],[-79.174,45.47],[-79.175,45.469],[-79.221,45.457],[-79.236,45.453],[-79.247,45.45],[-79.278,45.441],[-79.3,45.436],[-79.321,45.43],[-79.412,45.406],[-79.475,45.389],[-79.487,45.384],[-79.501,45.38],[-79.541,45.37],[-79.625,45.347],[-79.673,45.334],[-79.657,45.306],[-79.642,45.278],[-79.631,45.257],[-79.629,45.253],[-79.624,45.245],[-79.623,45.235],[-79.621,45.231],[-79.614,45.223],[-79.606,45.215],[-79.624,45.21],[-79.648,45.204],[-79.659,45.2],[-79.677,45.195],[-79.702,45.189],[-79.726,45.181],[-79.761,45.172],[-79.764,45.172],[-79.787,45.166],[-79.805,45.161],[-79.857,45.147],[-79.969,45.116],[-79.971,45.12],[-79.967,45.125],[-79.969,45.128],[-79.975,45.131],[-79.98,45.13],[-79.984,45.133],[-79.982,45.138],[-79.984,45.138],[-79.985,45.142],[-79.99,45.144],[-79.991,45.147],[-79.996,45.148],[-79.993,45.151],[-79.984,45.152],[-79.976,45.158],[-79.971,45.163],[-79.976,45.165],[-79.981,45.162],[-79.983,45.166],[-79.985,45.167],[-79.986,45.17],[-79.988,45.172],[-79.995,45.172],[-79.998,45.174],[-80.001,45.172],[-80.002,45.169],[-80.007,45.167],[-79.994,45.166],[-79.99,45.163],[-79.993,45.16],[-79.99,45.154],[-79.993,45.152],[-80,45.152],[-80.005,45.148],[-80.008,45.151],[-80.012,45.147],[-80.019,45.151],[-80.018,45.155],[-80.015,45.158],[-80.019,45.159],[-80.016,45.161],[-80.012,45.162],[-80.012,45.164],[-80.017,45.167],[-80.019,45.169],[-80.026,45.168],[-80.025,45.173],[-80.028,45.174],[-80.028,45.179],[-80.026,45.178],[-80.021,45.179],[-80.023,45.183],[-80.019,45.188],[-80.025,45.19],[-80.024,45.194],[-80.02,45.197],[-80.023,45.198],[-80.028,45.194],[-80.031,45.187],[-80.033,45.19],[-80.036,45.188],[-80.035,45.186],[-80.044,45.179],[-80.048,45.174],[-80.049,45.177],[-80.052,45.176],[-80.053,45.18],[-80.057,45.182],[-80.054,45.184],[-80.054,45.19],[-80.061,45.193],[-80.06,45.197],[-80.062,45.199],[-80.07,45.2],[-80.074,45.204],[-80.069,45.207],[-80.066,45.206],[-80.06,45.207],[-80.057,45.21],[-80.059,45.213],[-80.063,45.214],[-80.068,45.218],[-80.074,45.218],[-80.075,45.216],[-80.073,45.213],[-80.072,45.21],[-80.075,45.205],[-80.08,45.206],[-80.082,45.206],[-80.084,45.201],[-80.088,45.202],[-80.088,45.205],[-80.093,45.204],[-80.096,45.204],[-80.1,45.2],[-80.104,45.202],[-80.105,45.2],[-80.098,45.2],[-80.093,45.2],[-80.086,45.2],[-80.092,45.197],[-80.093,45.193],[-80.094,45.192],[-80.095,45.191],[-80.1,45.191],[-80.101,45.188],[-80.095,45.185],[-80.098,45.181],[-80.102,45.184],[-80.105,45.186],[-80.108,45.185],[-80.111,45.181],[-80.113,45.183],[-80.117,45.182],[-80.12,45.184],[-80.12,45.189],[-80.118,45.191],[-80.118,45.192],[-80.121,45.194],[-80.126,45.194],[-80.128,45.197],[-80.127,45.199],[-80.132,45.2],[-80.133,45.202],[-80.13,45.205],[-80.131,45.207],[-80.126,45.209],[-80.125,45.211],[-80.121,45.213],[-80.115,45.212],[-80.111,45.216],[-80.108,45.215],[-80.104,45.217],[-80.102,45.213],[-80.107,45.21],[-80.109,45.212],[-80.116,45.207],[-80.116,45.204],[-80.11,45.204],[-80.105,45.207],[-80.103,45.212],[-80.099,45.217],[-80.094,45.215],[-80.091,45.216],[-80.096,45.219],[-80.089,45.224],[-80.087,45.227],[-80.089,45.23],[-80.098,45.229],[-80.099,45.234],[-80.102,45.231],[-80.098,45.231],[-80.1,45.228],[-80.103,45.227],[-80.103,45.223],[-80.107,45.219],[-80.111,45.22],[-80.108,45.222],[-80.107,45.225],[-80.11,45.227],[-80.116,45.223],[-80.117,45.221],[-80.121,45.22],[-80.125,45.218],[-80.129,45.22],[-80.128,45.225],[-80.13,45.227],[-80.129,45.229],[-80.133,45.23],[-80.134,45.228],[-80.138,45.229],[-80.136,45.235],[-80.142,45.237],[-80.142,45.24],[-80.146,45.241],[-80.146,45.243],[-80.143,45.245],[-80.143,45.25],[-80.141,45.251],[-80.136,45.254],[-80.128,45.253],[-80.136,45.247],[-80.13,45.248],[-80.116,45.254],[-80.116,45.257],[-80.112,45.259],[-80.112,45.261],[-80.105,45.264],[-80.099,45.265],[-80.091,45.269],[-80.086,45.27],[-80.085,45.272],[-80.081,45.273],[-80.08,45.272],[-80.076,45.273],[-80.08,45.277],[-80.073,45.279],[-80.064,45.283],[-80.057,45.283],[-80.055,45.286],[-80.05,45.289],[-80.043,45.288],[-80.043,45.291],[-80.045,45.295],[-80.042,45.297],[-80.046,45.298],[-80.043,45.301],[-80.046,45.302],[-80.045,45.304],[-80.039,45.311],[-80.041,45.319],[-80.042,45.322],[-80.038,45.323],[-80.036,45.326],[-80.036,45.329],[-80.032,45.332],[-80.031,45.337],[-80.034,45.34],[-80.038,45.338],[-80.041,45.342],[-80.041,45.343],[-80.047,45.346],[-80.047,45.35],[-80.051,45.353],[-80.06,45.356],[-80.062,45.36],[-80.065,45.366],[-80.065,45.369],[-80.062,45.37],[-80.057,45.374],[-80.059,45.378],[-80.058,45.381],[-80.065,45.381],[-80.069,45.386],[-80.071,45.38],[-80.074,45.379],[-80.074,45.39],[-80.076,45.397],[-80.074,45.398],[-80.077,45.403],[-80.083,45.403],[-80.086,45.405],[-80.091,45.403],[-80.093,45.404],[-80.099,45.405],[-80.1,45.404],[-80.104,45.405],[-80.107,45.404],[-80.109,45.409],[-80.111,45.41],[-80.116,45.408],[-80.121,45.408],[-80.123,45.41],[-80.13,45.41],[-80.123,45.406],[-80.129,45.404],[-80.126,45.402],[-80.127,45.4],[-80.13,45.401],[-80.133,45.398],[-80.15,45.399],[-80.153,45.398],[-80.157,45.398],[-80.159,45.396],[-80.162,45.397],[-80.164,45.4],[-80.169,45.404],[-80.169,45.4],[-80.167,45.395],[-80.164,45.395],[-80.161,45.392],[-80.162,45.39],[-80.168,45.392],[-80.171,45.394],[-80.174,45.391],[-80.17,45.386],[-80.172,45.381],[-80.189,45.388],[-80.192,45.388],[-80.205,45.394],[-80.208,45.392],[-80.204,45.389],[-80.191,45.383],[-80.19,45.38],[-80.191,45.378],[-80.195,45.379],[-80.196,45.381],[-80.2,45.382],[-80.205,45.384],[-80.209,45.385],[-80.215,45.389],[-80.219,45.391],[-80.22,45.393],[-80.218,45.396],[-80.216,45.397],[-80.208,45.398],[-80.203,45.397],[-80.201,45.397],[-80.192,45.395],[-80.189,45.397],[-80.181,45.396],[-80.186,45.402],[-80.191,45.403],[-80.194,45.407],[-80.199,45.408],[-80.191,45.401],[-80.195,45.4],[-80.2,45.401],[-80.208,45.406],[-80.213,45.407],[-80.214,45.404],[-80.22,45.403],[-80.23,45.405],[-80.235,45.405],[-80.236,45.403],[-80.23,45.403],[-80.224,45.401],[-80.221,45.402],[-80.216,45.401],[-80.214,45.399],[-80.226,45.398],[-80.229,45.399],[-80.233,45.395],[-80.231,45.392],[-80.223,45.394],[-80.215,45.388],[-80.203,45.38],[-80.199,45.379],[-80.198,45.376],[-80.188,45.372],[-80.188,45.369],[-80.192,45.37],[-80.193,45.372],[-80.199,45.373],[-80.213,45.381],[-80.217,45.383],[-80.222,45.386],[-80.221,45.382],[-80.218,45.378],[-80.212,45.376],[-80.208,45.373],[-80.204,45.371],[-80.201,45.367],[-80.194,45.364],[-80.192,45.365],[-80.183,45.365],[-80.18,45.363],[-80.181,45.358],[-80.177,45.357],[-80.17,45.352],[-80.17,45.347],[-80.165,45.343],[-80.163,45.342],[-80.16,45.339],[-80.162,45.337],[-80.167,45.335],[-80.174,45.337],[-80.174,45.339],[-80.182,45.339],[-80.182,45.341],[-80.199,45.348],[-80.209,45.353],[-80.216,45.353],[-80.218,45.351],[-80.217,45.349],[-80.217,45.345],[-80.224,45.343],[-80.226,45.344],[-80.231,45.342],[-80.235,45.342],[-80.238,45.348],[-80.234,45.35],[-80.237,45.353],[-80.239,45.36],[-80.247,45.359],[-80.251,45.355],[-80.255,45.353],[-80.261,45.357],[-80.259,45.36],[-80.262,45.361],[-80.264,45.359],[-80.271,45.361],[-80.274,45.358],[-80.277,45.36],[-80.281,45.358],[-80.28,45.356],[-80.281,45.354],[-80.284,45.356],[-80.292,45.357],[-80.298,45.355],[-80.301,45.357],[-80.302,45.36],[-80.297,45.363],[-80.299,45.365],[-80.302,45.363],[-80.304,45.363],[-80.306,45.368],[-80.303,45.37],[-80.308,45.378],[-80.313,45.38],[-80.314,45.382],[-80.316,45.382],[-80.313,45.387],[-80.31,45.393],[-80.31,45.397],[-80.312,45.398],[-80.311,45.403],[-80.308,45.405],[-80.306,45.408],[-80.309,45.409],[-80.315,45.416],[-80.312,45.422],[-80.305,45.419],[-80.302,45.421],[-80.305,45.424],[-80.315,45.425],[-80.323,45.425],[-80.328,45.426],[-80.332,45.425],[-80.336,45.429],[-80.335,45.431],[-80.338,45.434],[-80.339,45.438],[-80.343,45.44],[-80.354,45.44],[-80.355,45.437],[-80.35,45.433],[-80.348,45.429],[-80.354,45.428],[-80.359,45.43],[-80.366,45.437],[-80.377,45.434],[-80.38,45.435],[-80.38,45.437],[-80.385,45.44],[-80.386,45.444],[-80.384,45.447],[-80.389,45.45],[-80.393,45.454],[-80.395,45.46],[-80.397,45.461],[-80.395,45.464],[-80.392,45.464],[-80.393,45.469],[-80.394,45.473],[-80.393,45.475],[-80.397,45.481],[-80.396,45.482],[-80.401,45.488],[-80.391,45.486],[-80.393,45.49],[-80.388,45.491],[-80.389,45.493],[-80.39,45.498],[-80.388,45.499],[-80.389,45.505],[-80.393,45.508],[-80.392,45.511],[-80.393,45.515],[-80.389,45.515],[-80.394,45.522],[-80.392,45.523],[-80.382,45.523],[-80.383,45.526],[-80.38,45.529],[-80.381,45.532],[-80.386,45.535],[-80.381,45.538],[-80.385,45.541],[-80.385,45.547],[-80.38,45.545],[-80.378,45.547],[-80.382,45.548],[-80.382,45.551],[-80.386,45.554],[-80.385,45.559],[-80.388,45.559],[-80.388,45.562],[-80.386,45.566],[-80.388,45.568],[-80.388,45.571],[-80.402,45.573],[-80.407,45.575],[-80.414,45.575],[-80.42,45.579],[-80.415,45.58],[-80.415,45.582],[-80.411,45.585],[-80.408,45.586],[-80.404,45.582],[-80.401,45.584],[-80.397,45.588],[-80.391,45.588],[-80.394,45.593],[-80.386,45.594],[-80.381,45.593],[-80.378,45.596],[-80.387,45.595],[-80.39,45.595],[-80.394,45.594],[-80.395,45.599],[-80.4,45.601],[-80.4,45.605],[-80.398,45.606],[-80.401,45.608],[-80.406,45.608],[-80.41,45.609],[-80.411,45.612],[-80.417,45.615],[-80.423,45.613],[-80.425,45.616],[-80.425,45.619],[-80.417,45.622],[-80.418,45.625],[-80.421,45.622],[-80.426,45.622],[-80.427,45.621],[-80.433,45.619],[-80.441,45.618],[-80.444,45.619],[-80.448,45.616],[-80.447,45.614],[-80.444,45.612],[-80.436,45.608],[-80.428,45.607],[-80.424,45.605],[-80.423,45.603],[-80.42,45.6],[-80.419,45.604],[-80.416,45.605],[-80.415,45.603],[-80.411,45.604],[-80.411,45.601],[-80.408,45.596],[-80.41,45.594],[-80.409,45.592],[-80.41,45.587],[-80.415,45.584],[-80.419,45.582],[-80.425,45.578],[-80.429,45.58],[-80.435,45.578],[-80.44,45.579],[-80.442,45.575],[-80.446,45.574],[-80.45,45.576],[-80.456,45.575],[-80.457,45.573],[-80.462,45.572],[-80.466,45.57],[-80.469,45.571],[-80.476,45.568],[-80.48,45.566],[-80.482,45.564],[-80.486,45.563],[-80.49,45.56],[-80.494,45.561],[-80.496,45.559],[-80.504,45.559],[-80.505,45.562],[-80.502,45.563],[-80.503,45.565],[-80.509,45.567],[-80.515,45.567],[-80.515,45.569],[-80.511,45.57],[-80.511,45.574],[-80.508,45.577],[-80.506,45.576],[-80.503,45.579],[-80.497,45.581],[-80.498,45.583],[-80.502,45.582],[-80.504,45.583],[-80.5,45.588],[-80.494,45.589],[-80.496,45.592],[-80.493,45.593],[-80.491,45.598],[-80.485,45.601],[-80.486,45.602],[-80.482,45.606],[-80.486,45.606],[-80.493,45.604],[-80.492,45.6],[-80.495,45.598],[-80.502,45.596],[-80.503,45.593],[-80.506,45.592],[-80.505,45.589],[-80.514,45.586],[-80.515,45.589],[-80.518,45.587],[-80.52,45.589],[-80.525,45.588],[-80.526,45.595],[-80.523,45.598],[-80.525,45.599],[-80.53,45.598],[-80.531,45.602],[-80.528,45.602],[-80.526,45.606],[-80.52,45.607],[-80.52,45.608],[-80.514,45.611],[-80.509,45.62],[-80.504,45.618],[-80.499,45.619],[-80.502,45.623],[-80.512,45.623],[-80.514,45.625],[-80.517,45.626],[-80.525,45.626],[-80.528,45.626],[-80.531,45.631],[-80.535,45.631],[-80.536,45.633],[-80.532,45.636],[-80.534,45.64],[-80.54,45.644],[-80.533,45.65],[-80.535,45.653],[-80.533,45.655],[-80.536,45.658],[-80.534,45.661],[-80.541,45.663],[-80.548,45.665],[-80.551,45.667],[-80.556,45.664],[-80.561,45.666],[-80.561,45.668],[-80.558,45.671],[-80.566,45.676],[-80.572,45.676],[-80.585,45.675],[-80.6,45.676],[-80.611,45.679],[-80.607,45.683],[-80.601,45.684],[-80.592,45.688],[-80.586,45.689],[-80.585,45.69],[-80.593,45.692],[-80.595,45.692],[-80.601,45.692],[-80.602,45.696],[-80.597,45.699],[-80.596,45.702],[-80.606,45.701],[-80.608,45.703],[-80.614,45.703],[-80.617,45.707],[-80.616,45.709],[-80.621,45.709],[-80.624,45.711],[-80.624,45.715],[-80.629,45.715],[-80.635,45.717],[-80.637,45.722],[-80.633,45.722],[-80.63,45.724],[-80.643,45.724],[-80.649,45.726],[-80.646,45.73],[-80.642,45.731],[-80.634,45.735],[-80.625,45.738],[-80.625,45.74],[-80.631,45.74],[-80.633,45.736],[-80.64,45.735],[-80.641,45.738],[-80.646,45.735],[-80.65,45.731],[-80.655,45.73],[-80.657,45.732],[-80.651,45.736],[-80.646,45.735],[-80.644,45.737],[-80.643,45.741],[-80.639,45.743],[-80.637,45.742],[-80.634,45.746],[-80.637,45.75],[-80.64,45.749],[-80.642,45.747],[-80.646,45.747],[-80.645,45.752],[-80.642,45.752],[-80.64,45.753],[-80.642,45.756],[-80.636,45.761],[-80.631,45.762],[-80.63,45.764],[-80.626,45.765],[-80.615,45.766],[-80.604,45.767],[-80.596,45.767],[-80.582,45.766],[-80.577,45.766],[-80.57,45.767],[-80.559,45.77],[-80.55,45.77],[-80.547,45.769],[-80.541,45.771],[-80.535,45.771],[-80.525,45.771],[-80.518,45.77],[-80.506,45.772],[-80.507,45.774],[-80.516,45.772],[-80.536,45.775],[-80.541,45.773],[-80.546,45.772],[-80.551,45.773],[-80.556,45.772],[-80.558,45.774],[-80.562,45.773],[-80.572,45.771],[-80.586,45.768],[-80.597,45.768],[-80.6,45.768],[-80.616,45.767],[-80.623,45.77],[-80.637,45.771],[-80.639,45.772],[-80.644,45.778],[-80.645,45.781],[-80.654,45.781],[-80.659,45.782],[-80.663,45.786],[-80.659,45.788],[-80.656,45.788],[-80.653,45.789],[-80.654,45.793],[-80.66,45.796],[-80.668,45.797],[-80.668,45.802],[-80.673,45.801],[-80.679,45.799],[-80.68,45.805],[-80.679,45.807],[-80.675,45.808],[-80.673,45.807],[-80.668,45.809],[-80.664,45.808],[-80.659,45.809],[-80.661,45.811],[-80.669,45.811],[-80.671,45.814],[-80.675,45.815],[-80.678,45.812],[-80.683,45.812],[-80.688,45.813],[-80.686,45.817],[-80.69,45.816],[-80.692,45.819],[-80.694,45.819],[-80.698,45.817],[-80.702,45.818],[-80.704,45.82],[-80.709,45.818],[-80.716,45.819],[-80.715,45.822],[-80.718,45.827],[-80.722,45.828],[-80.725,45.833],[-80.723,45.837],[-80.714,45.839],[-80.712,45.84],[-80.701,45.84],[-80.69,45.838],[-80.687,45.835],[-80.685,45.842],[-80.695,45.846],[-80.698,45.845],[-80.709,45.846],[-80.711,45.852],[-80.711,45.859],[-80.714,45.86],[-80.722,45.86],[-80.727,45.855],[-80.731,45.855],[-80.734,45.857],[-80.734,45.865],[-80.733,45.866],[-80.736,45.872],[-80.694,45.872],[-80.695,45.885],[-80.688,45.886],[-80.673,45.885],[-80.675,45.888],[-80.667,45.89],[-80.652,45.888],[-80.647,45.889],[-80.639,45.889],[-80.635,45.888],[-80.625,45.888],[-80.61,45.89],[-80.607,45.891],[-80.602,45.889],[-80.596,45.891],[-80.585,45.891],[-80.575,45.891],[-80.566,45.892],[-80.564,45.893],[-80.56,45.892],[-80.556,45.892],[-80.563,45.908],[-80.562,45.913],[-80.56,45.913],[-80.563,45.928],[-80.565,45.934],[-80.569,45.955],[-80.572,45.974],[-80.574,45.976],[-80.578,45.996],[-80.583,46.018],[-80.572,46.019],[-80.569,46.018],[-80.562,46.019],[-80.559,46.021],[-80.553,46.022],[-80.548,46.02],[-80.54,46.02],[-80.521,46.025],[-80.519,46.028],[-80.521,46.032],[-80.52,46.033],[-80.515,46.034],[-80.497,46.033],[-80.486,46.034],[-80.475,46.037],[-80.462,46.036],[-80.427,46.037],[-80.419,46.036],[-80.414,46.037],[-80.396,46.035],[-80.388,46.033],[-80.384,46.034],[-80.362,46.032],[-80.356,46.033],[-80.336,46.036],[-80.322,46.039],[-80.298,46.037],[-80.297,46.036],[-80.268,46.043],[-80.266,46.045],[-80.262,46.044],[-80.256,46.047],[-80.249,46.049],[-80.242,46.049],[-80.24,46.05],[-80.226,46.052],[-80.212,46.054],[-80.208,46.055],[-80.216,46.059],[-80.215,46.062],[-80.208,46.064],[-80.201,46.065],[-80.191,46.063],[-80.186,46.06],[-80.179,46.063],[-80.175,46.066],[-80.174,46.067],[-80.181,46.074],[-80.189,46.079],[-80.184,46.08],[-80.178,46.078],[-80.167,46.077],[-80.159,46.076],[-80.149,46.073],[-80.145,46.076],[-80.148,46.078],[-80.144,46.08],[-80.143,46.082],[-80.144,46.088],[-80.14,46.09],[-80.143,46.092],[-80.148,46.091],[-80.152,46.092],[-80.166,46.098],[-80.164,46.1],[-80.165,46.102],[-80.178,46.102],[-80.176,46.105],[-80.219,46.105],[-80.264,46.105],[-80.284,46.105],[-80.294,46.105],[-80.306,46.105],[-80.306,46.126],[-80.306,46.139],[-80.307,46.19],[-80.307,46.206],[-80.306,46.211],[-80.306,46.226],[-80.307,46.24],[-80.306,46.25],[-80.305,46.272],[-80.306,46.29],[-80.307,46.363],[-80.291,46.363],[-80.291,46.392],[-80.292,46.422],[-80.292,46.433],[-80.292,46.47],[-80.292,46.483],[-80.292,46.487],[-80.293,46.494],[-80.292,46.501],[-80.293,46.507],[-80.292,46.537],[-80.292,46.552],[-80.292,46.566],[-80.291,46.612],[-80.292,46.625],[-80.304,46.625],[-80.311,46.625],[-80.316,46.627],[-80.318,46.626],[-80.334,46.626],[-80.359,46.625],[-80.358,46.643],[-80.355,46.686],[-80.355,46.711],[-80.344,46.712],[-80.333,46.711],[-80.325,46.711],[-80.292,46.711],[-80.292,46.722],[-80.292,46.751],[-80.292,46.786],[-80.292,46.787],[-80.292,46.82],[-80.292,46.831],[-80.291,46.862],[-80.292,46.892],[-80.291,46.897],[-80.292,46.908],[-80.288,46.939],[-80.292,46.953],[-80.291,46.972],[-80.265,46.972],[-80.224,46.972],[-80.225,46.901],[-80.227,46.799],[-80.094,46.799],[-80.085,46.8],[-80.046,46.799],[-79.884,46.799],[-79.884,46.782],[-79.884,46.758],[-79.884,46.733],[-79.885,46.731],[-79.885,46.712],[-79.877,46.711],[-79.788,46.711],[-79.759,46.711],[-79.758,46.75],[-79.757,46.776],[-79.757,46.799],[-79.697,46.799],[-79.626,46.799],[-79.628,46.845],[-79.628,46.847],[-79.628,46.859],[-79.629,46.877],[-79.63,46.932],[-79.632,46.972],[-79.631,47.018],[-79.631,47.045],[-79.632,47.058],[-79.601,47.059],[-79.537,47.059],[-79.52,47.06],[-79.41,47.06],[-79.396,47.047],[-79.377,47.029],[-79.354,47.014],[-79.347,47.008],[-79.344,47],[-79.338,46.984],[-79.338,46.971],[-79.33,46.957],[-79.32,46.944],[-79.306,46.928],[-79.289,46.91],[-79.277,46.895],[-79.273,46.893],[-79.257,46.881],[-79.239,46.863],[-79.224,46.843],[-79.214,46.833],[-79.205,46.832],[-79.171,46.825],[-79.162,46.813],[-79.155,46.805],[-79.15,46.795],[-79.143,46.786],[-79.142,46.777],[-79.123,46.744],[-79.121,46.734],[-79.112,46.723],[-79.108,46.717],[-79.103,46.714],[-79.099,46.709],[-79.1,46.705],[-79.095,46.694],[-79.094,46.688],[-79.072,46.664],[-79.064,46.658],[-79.053,46.65],[-79.044,46.646],[-79.027,46.638],[-79.015,46.627],[-79.013,46.621],[-79.009,46.604],[-79.003,46.598],[-78.996,46.591],[-78.997,46.573],[-78.997,46.566],[-78.992,46.555],[-78.99,46.549],[-78.975,46.536],[-78.97,46.533],[-78.969,46.529],[-78.956,46.517],[-78.947,46.513],[-78.935,46.502],[-78.933,46.497],[-78.917,46.482],[-78.9,46.47],[-78.893,46.462],[-78.879,46.456],[-78.863,46.446],[-78.853,46.441],[-78.844,46.438],[-78.837,46.437],[-78.811,46.427],[-78.786,46.414],[-78.777,46.407],[-78.758,46.393],[-78.74,46.389],[-78.727,46.383],[-78.724,46.379],[-78.723,46.371],[-78.724,46.36],[-78.729,46.348],[-78.728,46.342],[-78.719,46.331],[-78.711,46.326],[-78.697,46.32],[-78.676,46.318],[-78.662,46.319],[-78.648,46.321],[-78.631,46.321],[-78.625,46.321],[-78.597,46.319],[-78.565,46.311],[-78.553,46.309],[-78.534,46.303],[-78.514,46.297],[-78.503,46.295],[-78.498,46.295],[-78.484,46.296],[-78.476,46.296],[-78.442,46.295],[-78.415,46.295],[-78.403,46.293]]]]}},{"type":"Feature","properties":{"HR_UID":"3549","ENGNAME":"Northwestern Health Unit"},"geometry":{"type":"MultiPolygon","coordinates":[[[[-91.522,48.13],[-91.517,48.13],[-91.514,48.127],[-91.51,48.124],[-91.513,48.122],[-91.519,48.121],[-91.52,48.119],[-91.523,48.117],[-91.528,48.117],[-91.53,48.119],[-91.536,48.118],[-91.537,48.119],[-91.544,48.118],[-91.55,48.12],[-91.546,48.123],[-91.546,48.125],[-91.542,48.128],[-91.538,48.127],[-91.529,48.131],[-91.522,48.13]]],[[[-92.605,48.528],[-92.602,48.527],[-92.595,48.521],[-92.599,48.518],[-92.602,48.513],[-92.606,48.51],[-92.609,48.509],[-92.614,48.503],[-92.618,48.502],[-92.625,48.502],[-92.627,48.505],[-92.626,48.508],[-92.631,48.508],[-92.624,48.514],[-92.623,48.52],[-92.619,48.52],[-92.614,48.525],[-92.61,48.525],[-92.605,48.528]]],[[[-93.135,48.656],[-93.134,48.654],[-93.128,48.653],[-93.127,48.651],[-93.127,48.648],[-93.131,48.648],[-93.133,48.646],[-93.133,48.643],[-93.123,48.641],[-93.11,48.646],[-93.106,48.645],[-93.099,48.647],[-93.092,48.649],[-93.088,48.646],[-93.082,48.65],[-93.08,48.648],[-93.083,48.644],[-93.081,48.643],[-93.076,48.644],[-93.076,48.64],[-93.07,48.642],[-93.079,48.635],[-93.082,48.634],[-93.086,48.635],[-93.094,48.634],[-93.098,48.632],[-93.099,48.63],[-93.106,48.63],[-93.115,48.628],[-93.113,48.631],[-93.115,48.632],[-93.121,48.63],[-93.125,48.629],[-93.128,48.631],[-93.124,48.632],[-93.125,48.635],[-93.131,48.637],[-93.135,48.634],[-93.14,48.636],[-93.133,48.641],[-93.134,48.644],[-93.141,48.643],[-93.135,48.651],[-93.141,48.652],[-93.144,48.65],[-93.151,48.648],[-93.152,48.649],[-93.147,48.651],[-93.143,48.655],[-93.135,48.656]]],[[[-93.358,48.707],[-93.35,48.704],[-93.347,48.704],[-93.343,48.702],[-93.338,48.702],[-93.335,48.7],[-93.328,48.7],[-93.326,48.698],[-93.33,48.697],[-93.332,48.695],[-93.329,48.694],[-93.328,48.689],[-93.338,48.689],[-93.336,48.687],[-93.331,48.684],[-93.333,48.678],[-93.337,48.68],[-93.337,48.682],[-93.342,48.686],[-93.345,48.679],[-93.351,48.676],[-93.356,48.677],[-93.358,48.68],[-93.365,48.68],[-93.366,48.684],[-93.37,48.684],[-93.369,48.688],[-93.367,48.69],[-93.368,48.692],[-93.365,48.693],[-93.363,48.698],[-93.36,48.696],[-93.354,48.698],[-93.354,48.701],[-93.355,48.703],[-93.359,48.703],[-93.36,48.706],[-93.363,48.707],[-93.359,48.709],[-93.358,48.707]]],[[[-93.331,48.735],[-93.329,48.732],[-93.322,48.726],[-93.328,48.726],[-93.324,48.718],[-93.329,48.713],[-93.326,48.712],[-93.33,48.708],[-93.33,48.705],[-93.339,48.707],[-93.348,48.707],[-93.353,48.706],[-93.357,48.708],[-93.359,48.712],[-93.356,48.714],[-93.352,48.716],[-93.35,48.718],[-93.35,48.724],[-93.349,48.729],[-93.344,48.729],[-93.343,48.732],[-93.336,48.735],[-93.331,48.735]]],[[[-93.227,48.779],[-93.225,48.777],[-93.235,48.774],[-93.234,48.772],[-93.238,48.771],[-93.24,48.773],[-93.244,48.773],[-93.246,48.768],[-93.256,48.765],[-93.256,48.762],[-93.26,48.762],[-93.263,48.767],[-93.266,48.765],[-93.27,48.765],[-93.277,48.762],[-93.279,48.76],[-93.28,48.756],[-93.285,48.754],[-93.287,48.756],[-93.281,48.762],[-93.285,48.763],[-93.29,48.766],[-93.275,48.772],[-93.269,48.774],[-93.262,48.775],[-93.256,48.773],[-93.251,48.776],[-93.246,48.777],[-93.239,48.777],[-93.233,48.779],[-93.227,48.779]]],[[[-93.261,48.786],[-93.259,48.785],[-93.251,48.785],[-93.25,48.782],[-93.255,48.781],[-93.258,48.78],[-93.264,48.78],[-93.268,48.778],[-93.277,48.776],[-93.284,48.773],[-93.282,48.772],[-93.289,48.769],[-93.298,48.77],[-93.305,48.766],[-93.313,48.767],[-93.31,48.77],[-93.309,48.776],[-93.305,48.775],[-93.302,48.779],[-93.309,48.78],[-93.312,48.782],[-93.299,48.786],[-93.295,48.783],[-93.297,48.781],[-93.291,48.781],[-93.29,48.783],[-93.282,48.783],[-93.281,48.782],[-93.285,48.779],[-93.284,48.777],[-93.277,48.78],[-93.273,48.783],[-93.263,48.784],[-93.261,48.786]]],[[[-93.284,48.811],[-93.286,48.809],[-93.278,48.807],[-93.275,48.804],[-93.276,48.801],[-93.273,48.8],[-93.272,48.798],[-93.275,48.791],[-93.278,48.792],[-93.286,48.792],[-93.288,48.793],[-93.298,48.791],[-93.302,48.793],[-93.307,48.792],[-93.308,48.795],[-93.304,48.797],[-93.307,48.8],[-93.301,48.803],[-93.297,48.803],[-93.292,48.802],[-93.291,48.804],[-93.294,48.806],[-93.295,48.81],[-93.292,48.811],[-93.284,48.811]]],[[[-93.359,48.825],[-93.354,48.822],[-93.344,48.822],[-93.341,48.822],[-93.332,48.821],[-93.332,48.82],[-93.327,48.819],[-93.324,48.816],[-93.326,48.814],[-93.325,48.81],[-93.331,48.809],[-93.332,48.811],[-93.335,48.815],[-93.341,48.814],[-93.345,48.818],[-93.348,48.815],[-93.351,48.815],[-93.355,48.814],[-93.359,48.813],[-93.361,48.815],[-93.359,48.822],[-93.359,48.825]]],[[[-94.008,49.098],[-94.006,49.096],[-94.001,49.098],[-93.997,49.095],[-93.992,49.095],[-93.985,49.093],[-93.985,49.092],[-93.978,49.091],[-93.974,49.089],[-93.976,49.087],[-93.986,49.086],[-93.988,49.083],[-93.999,49.082],[-94.002,49.084],[-94.008,49.088],[-94.014,49.09],[-94.015,49.095],[-94.01,49.099],[-94.008,49.098]]],[[[-94.579,49.112],[-94.574,49.11],[-94.572,49.107],[-94.572,49.104],[-94.563,49.102],[-94.562,49.1],[-94.567,49.097],[-94.562,49.094],[-94.562,49.09],[-94.566,49.088],[-94.567,49.086],[-94.566,49.081],[-94.562,49.083],[-94.563,49.086],[-94.559,49.09],[-94.561,49.092],[-94.562,49.097],[-94.557,49.098],[-94.547,49.1],[-94.539,49.1],[-94.535,49.097],[-94.533,49.098],[-94.528,49.096],[-94.521,49.1],[-94.52,49.097],[-94.522,49.095],[-94.522,49.091],[-94.521,49.089],[-94.516,49.085],[-94.519,49.079],[-94.518,49.076],[-94.513,49.074],[-94.508,49.073],[-94.507,49.076],[-94.503,49.073],[-94.504,49.068],[-94.502,49.067],[-94.508,49.06],[-94.512,49.06],[-94.515,49.062],[-94.519,49.061],[-94.522,49.062],[-94.525,49.061],[-94.526,49.058],[-94.529,49.054],[-94.528,49.051],[-94.524,49.046],[-94.52,49.044],[-94.523,49.037],[-94.529,49.038],[-94.534,49.035],[-94.536,49.037],[-94.546,49.035],[-94.547,49.033],[-94.546,49.029],[-94.541,49.027],[-94.543,49.025],[-94.542,49.022],[-94.552,49.019],[-94.555,49.015],[-94.562,49.012],[-94.564,49.016],[-94.568,49.026],[-94.575,49.034],[-94.583,49.041],[-94.586,49.044],[-94.583,49.047],[-94.583,49.049],[-94.588,49.051],[-94.59,49.053],[-94.596,49.054],[-94.596,49.051],[-94.604,49.051],[-94.606,49.049],[-94.614,49.05],[-94.617,49.048],[-94.624,49.049],[-94.626,49.045],[-94.625,49.043],[-94.627,49.042],[-94.628,49.039],[-94.63,49.037],[-94.628,49.034],[-94.631,49.032],[-94.628,49.029],[-94.631,49.026],[-94.634,49.032],[-94.637,49.044],[-94.641,49.048],[-94.644,49.048],[-94.644,49.053],[-94.639,49.054],[-94.635,49.056],[-94.633,49.058],[-94.631,49.064],[-94.633,49.072],[-94.628,49.075],[-94.627,49.078],[-94.628,49.084],[-94.62,49.086],[-94.621,49.096],[-94.616,49.103],[-94.608,49.102],[-94.602,49.104],[-94.597,49.102],[-94.592,49.103],[-94.59,49.106],[-94.59,49.108],[-94.585,49.11],[-94.582,49.113],[-94.579,49.112]]],[[[-94.152,49.135],[-94.143,49.133],[-94.133,49.128],[-94.143,49.125],[-94.142,49.122],[-94.146,49.121],[-94.147,49.118],[-94.154,49.117],[-94.159,49.119],[-94.158,49.116],[-94.161,49.114],[-94.161,49.111],[-94.166,49.11],[-94.17,49.112],[-94.177,49.116],[-94.177,49.119],[-94.181,49.119],[-94.181,49.122],[-94.177,49.127],[-94.166,49.125],[-94.163,49.121],[-94.161,49.124],[-94.158,49.127],[-94.159,49.13],[-94.157,49.132],[-94.152,49.135]]],[[[-94.496,49.152],[-94.492,49.15],[-94.49,49.148],[-94.491,49.145],[-94.487,49.144],[-94.492,49.139],[-94.496,49.14],[-94.5,49.14],[-94.499,49.136],[-94.501,49.134],[-94.505,49.133],[-94.503,49.131],[-94.509,49.126],[-94.515,49.124],[-94.517,49.118],[-94.521,49.117],[-94.524,49.118],[-94.526,49.116],[-94.529,49.111],[-94.528,49.111],[-94.531,49.106],[-94.535,49.105],[-94.543,49.104],[-94.544,49.101],[-94.547,49.103],[-94.55,49.102],[-94.558,49.102],[-94.561,49.103],[-94.563,49.107],[-94.563,49.11],[-94.559,49.11],[-94.552,49.113],[-94.55,49.112],[-94.545,49.113],[-94.545,49.118],[-94.543,49.128],[-94.545,49.129],[-94.542,49.133],[-94.536,49.134],[-94.533,49.136],[-94.525,49.14],[-94.525,49.142],[-94.518,49.144],[-94.515,49.147],[-94.508,49.147],[-94.501,49.151],[-94.496,49.152]]],[[[-94.083,49.173],[-94.077,49.171],[-94.076,49.168],[-94.07,49.166],[-94.072,49.164],[-94.065,49.161],[-94.059,49.161],[-94.062,49.157],[-94.068,49.158],[-94.072,49.157],[-94.069,49.154],[-94.074,49.153],[-94.082,49.15],[-94.085,49.152],[-94.083,49.156],[-94.079,49.158],[-94.076,49.161],[-94.084,49.163],[-94.082,49.167],[-94.085,49.172],[-94.083,49.173]]],[[[-94.47,49.167],[-94.467,49.162],[-94.469,49.16],[-94.464,49.156],[-94.458,49.156],[-94.459,49.15],[-94.461,49.147],[-94.465,49.142],[-94.47,49.141],[-94.473,49.147],[-94.477,49.148],[-94.482,49.147],[-94.483,49.15],[-94.48,49.153],[-94.479,49.156],[-94.482,49.157],[-94.48,49.162],[-94.477,49.162],[-94.472,49.164],[-94.47,49.167]]],[[[-94.134,49.178],[-94.129,49.177],[-94.115,49.179],[-94.11,49.179],[-94.107,49.177],[-94.109,49.175],[-94.12,49.171],[-94.125,49.168],[-94.122,49.165],[-94.121,49.16],[-94.132,49.159],[-94.141,49.164],[-94.143,49.166],[-94.14,49.167],[-94.145,49.171],[-94.146,49.175],[-94.152,49.177],[-94.151,49.178],[-94.144,49.176],[-94.142,49.178],[-94.138,49.177],[-94.134,49.178]]],[[[-94.263,49.195],[-94.258,49.192],[-94.254,49.194],[-94.251,49.193],[-94.237,49.192],[-94.225,49.188],[-94.221,49.188],[-94.218,49.185],[-94.22,49.183],[-94.23,49.182],[-94.237,49.184],[-94.244,49.184],[-94.253,49.184],[-94.259,49.183],[-94.275,49.178],[-94.278,49.176],[-94.288,49.177],[-94.286,49.175],[-94.295,49.176],[-94.297,49.179],[-94.289,49.177],[-94.289,49.179],[-94.292,49.181],[-94.288,49.184],[-94.283,49.185],[-94.276,49.188],[-94.276,49.191],[-94.27,49.193],[-94.267,49.195],[-94.263,49.195]]],[[[-94.495,49.202],[-94.489,49.202],[-94.489,49.2],[-94.476,49.199],[-94.466,49.196],[-94.472,49.194],[-94.469,49.191],[-94.462,49.19],[-94.458,49.188],[-94.455,49.189],[-94.45,49.188],[-94.447,49.186],[-94.445,49.182],[-94.445,49.179],[-94.44,49.177],[-94.439,49.174],[-94.44,49.17],[-94.444,49.169],[-94.444,49.166],[-94.449,49.169],[-94.453,49.174],[-94.454,49.177],[-94.461,49.179],[-94.465,49.175],[-94.463,49.172],[-94.465,49.169],[-94.469,49.171],[-94.476,49.172],[-94.476,49.167],[-94.479,49.166],[-94.484,49.166],[-94.485,49.164],[-94.489,49.162],[-94.497,49.165],[-94.51,49.164],[-94.514,49.162],[-94.52,49.163],[-94.523,49.169],[-94.523,49.175],[-94.519,49.176],[-94.521,49.18],[-94.518,49.186],[-94.518,49.19],[-94.508,49.191],[-94.504,49.193],[-94.508,49.195],[-94.513,49.195],[-94.509,49.199],[-94.501,49.2],[-94.498,49.202],[-94.495,49.202]]],[[[-94.646,49.209],[-94.648,49.205],[-94.651,49.202],[-94.647,49.199],[-94.64,49.2],[-94.632,49.198],[-94.631,49.196],[-94.636,49.195],[-94.638,49.192],[-94.641,49.192],[-94.643,49.189],[-94.643,49.185],[-94.638,49.182],[-94.633,49.18],[-94.635,49.178],[-94.646,49.174],[-94.65,49.173],[-94.65,49.177],[-94.657,49.179],[-94.661,49.174],[-94.666,49.171],[-94.657,49.17],[-94.648,49.171],[-94.646,49.17],[-94.643,49.171],[-94.642,49.174],[-94.638,49.176],[-94.636,49.174],[-94.627,49.174],[-94.624,49.179],[-94.62,49.181],[-94.616,49.18],[-94.613,49.18],[-94.608,49.185],[-94.603,49.188],[-94.601,49.191],[-94.598,49.192],[-94.595,49.191],[-94.595,49.187],[-94.59,49.183],[-94.585,49.185],[-94.587,49.187],[-94.583,49.192],[-94.584,49.196],[-94.581,49.198],[-94.58,49.201],[-94.577,49.2],[-94.574,49.203],[-94.568,49.201],[-94.559,49.205],[-94.549,49.203],[-94.541,49.204],[-94.537,49.203],[-94.536,49.201],[-94.537,49.198],[-94.543,49.195],[-94.54,49.19],[-94.533,49.19],[-94.531,49.192],[-94.526,49.192],[-94.528,49.189],[-94.529,49.184],[-94.525,49.181],[-94.526,49.178],[-94.531,49.176],[-94.535,49.172],[-94.536,49.169],[-94.541,49.168],[-94.54,49.165],[-94.545,49.163],[-94.549,49.159],[-94.548,49.156],[-94.551,49.155],[-94.556,49.157],[-94.557,49.154],[-94.569,49.153],[-94.57,49.149],[-94.568,49.147],[-94.57,49.143],[-94.573,49.145],[-94.578,49.145],[-94.58,49.141],[-94.578,49.139],[-94.579,49.133],[-94.577,49.131],[-94.58,49.128],[-94.584,49.131],[-94.584,49.133],[-94.589,49.135],[-94.591,49.134],[-94.592,49.13],[-94.597,49.123],[-94.606,49.122],[-94.606,49.119],[-94.612,49.119],[-94.619,49.121],[-94.621,49.123],[-94.623,49.123],[-94.622,49.125],[-94.622,49.126],[-94.625,49.123],[-94.627,49.123],[-94.628,49.124],[-94.631,49.127],[-94.635,49.124],[-94.632,49.121],[-94.632,49.118],[-94.631,49.117],[-94.628,49.116],[-94.629,49.113],[-94.633,49.113],[-94.63,49.109],[-94.633,49.105],[-94.637,49.102],[-94.638,49.101],[-94.645,49.104],[-94.644,49.105],[-94.648,49.108],[-94.656,49.111],[-94.661,49.112],[-94.675,49.113],[-94.681,49.111],[-94.681,49.107],[-94.678,49.105],[-94.687,49.103],[-94.69,49.101],[-94.693,49.098],[-94.693,49.096],[-94.69,49.092],[-94.685,49.091],[-94.686,49.088],[-94.69,49.089],[-94.697,49.088],[-94.702,49.087],[-94.703,49.083],[-94.715,49.082],[-94.718,49.08],[-94.72,49.081],[-94.718,49.085],[-94.721,49.09],[-94.731,49.093],[-94.737,49.098],[-94.734,49.1],[-94.734,49.102],[-94.729,49.105],[-94.726,49.111],[-94.724,49.112],[-94.725,49.115],[-94.73,49.124],[-94.737,49.129],[-94.741,49.131],[-94.746,49.13],[-94.751,49.13],[-94.754,49.129],[-94.757,49.126],[-94.763,49.127],[-94.768,49.126],[-94.768,49.132],[-94.765,49.137],[-94.755,49.135],[-94.744,49.138],[-94.74,49.146],[-94.741,49.151],[-94.746,49.157],[-94.75,49.156],[-94.755,49.157],[-94.759,49.155],[-94.761,49.155],[-94.766,49.154],[-94.771,49.155],[-94.77,49.161],[-94.774,49.166],[-94.771,49.169],[-94.776,49.174],[-94.778,49.177],[-94.781,49.179],[-94.786,49.186],[-94.789,49.187],[-94.791,49.189],[-94.795,49.193],[-94.795,49.195],[-94.782,49.19],[-94.777,49.192],[-94.775,49.195],[-94.767,49.197],[-94.768,49.194],[-94.767,49.191],[-94.772,49.191],[-94.77,49.187],[-94.769,49.183],[-94.769,49.181],[-94.762,49.179],[-94.761,49.176],[-94.755,49.175],[-94.753,49.171],[-94.75,49.169],[-94.744,49.168],[-94.738,49.168],[-94.73,49.171],[-94.728,49.173],[-94.728,49.177],[-94.729,49.18],[-94.723,49.182],[-94.718,49.183],[-94.715,49.184],[-94.714,49.187],[-94.711,49.188],[-94.702,49.189],[-94.696,49.191],[-94.692,49.189],[-94.68,49.192],[-94.675,49.196],[-94.672,49.195],[-94.665,49.198],[-94.657,49.204],[-94.646,49.209]]],[[[-94.387,49.217],[-94.383,49.218],[-94.372,49.215],[-94.376,49.213],[-94.371,49.212],[-94.368,49.21],[-94.363,49.212],[-94.359,49.212],[-94.356,49.211],[-94.354,49.208],[-94.351,49.21],[-94.34,49.21],[-94.332,49.208],[-94.332,49.204],[-94.339,49.204],[-94.344,49.205],[-94.347,49.203],[-94.35,49.205],[-94.353,49.206],[-94.358,49.205],[-94.368,49.208],[-94.373,49.205],[-94.384,49.208],[-94.383,49.203],[-94.378,49.199],[-94.383,49.197],[-94.388,49.196],[-94.397,49.197],[-94.403,49.201],[-94.406,49.201],[-94.408,49.205],[-94.406,49.207],[-94.411,49.211],[-94.404,49.212],[-94.396,49.208],[-94.392,49.21],[-94.393,49.213],[-94.389,49.218],[-94.387,49.217]]],[[[-94.329,49.231],[-94.326,49.229],[-94.329,49.227],[-94.323,49.224],[-94.317,49.219],[-94.319,49.216],[-94.323,49.213],[-94.33,49.214],[-94.331,49.215],[-94.349,49.222],[-94.352,49.225],[-94.35,49.227],[-94.341,49.229],[-94.338,49.229],[-94.331,49.231],[-94.329,49.231]]],[[[-94.495,49.228],[-94.493,49.227],[-94.48,49.226],[-94.475,49.221],[-94.471,49.221],[-94.463,49.219],[-94.465,49.215],[-94.461,49.212],[-94.456,49.21],[-94.454,49.214],[-94.454,49.217],[-94.446,49.214],[-94.439,49.209],[-94.443,49.205],[-94.44,49.201],[-94.441,49.199],[-94.445,49.198],[-94.453,49.2],[-94.459,49.199],[-94.464,49.202],[-94.478,49.2],[-94.482,49.205],[-94.486,49.204],[-94.493,49.207],[-94.494,49.204],[-94.498,49.203],[-94.505,49.202],[-94.512,49.2],[-94.516,49.2],[-94.515,49.204],[-94.517,49.206],[-94.514,49.208],[-94.511,49.206],[-94.503,49.209],[-94.504,49.21],[-94.515,49.21],[-94.516,49.213],[-94.509,49.215],[-94.512,49.217],[-94.508,49.217],[-94.507,49.22],[-94.512,49.219],[-94.515,49.221],[-94.523,49.222],[-94.521,49.225],[-94.514,49.226],[-94.51,49.225],[-94.503,49.227],[-94.496,49.226],[-94.495,49.228]]],[[[-94.669,49.227],[-94.663,49.226],[-94.665,49.223],[-94.662,49.219],[-94.665,49.215],[-94.66,49.213],[-94.662,49.208],[-94.665,49.207],[-94.671,49.207],[-94.668,49.211],[-94.669,49.213],[-94.673,49.215],[-94.681,49.216],[-94.68,49.219],[-94.68,49.224],[-94.674,49.226],[-94.669,49.227]]],[[[-94.395,49.237],[-94.391,49.237],[-94.388,49.234],[-94.383,49.235],[-94.378,49.233],[-94.379,49.229],[-94.374,49.229],[-94.373,49.23],[-94.366,49.229],[-94.354,49.221],[-94.353,49.218],[-94.358,49.218],[-94.36,49.213],[-94.364,49.214],[-94.368,49.217],[-94.375,49.218],[-94.378,49.221],[-94.38,49.22],[-94.388,49.222],[-94.402,49.223],[-94.405,49.225],[-94.409,49.225],[-94.414,49.229],[-94.411,49.231],[-94.4,49.234],[-94.398,49.236],[-94.395,49.237]]],[[[-94.55,49.269],[-94.542,49.267],[-94.546,49.26],[-94.543,49.256],[-94.541,49.251],[-94.545,49.249],[-94.55,49.249],[-94.554,49.25],[-94.56,49.247],[-94.562,49.247],[-94.564,49.251],[-94.566,49.25],[-94.568,49.245],[-94.573,49.247],[-94.579,49.247],[-94.581,49.248],[-94.586,49.253],[-94.592,49.253],[-94.594,49.256],[-94.589,49.258],[-94.583,49.261],[-94.577,49.261],[-94.571,49.261],[-94.564,49.259],[-94.562,49.261],[-94.563,49.264],[-94.56,49.266],[-94.556,49.266],[-94.554,49.268],[-94.55,49.269]]],[[[-94.069,49.331],[-94.067,49.329],[-94.072,49.327],[-94.069,49.323],[-94.07,49.317],[-94.072,49.318],[-94.078,49.317],[-94.08,49.318],[-94.087,49.315],[-94.091,49.311],[-94.093,49.317],[-94.1,49.319],[-94.099,49.326],[-94.097,49.327],[-94.093,49.33],[-94.092,49.326],[-94.09,49.324],[-94.087,49.322],[-94.083,49.322],[-94.084,49.325],[-94.08,49.328],[-94.071,49.331],[-94.069,49.331]]],[[[-94.787,49.323],[-94.783,49.323],[-94.779,49.321],[-94.779,49.318],[-94.775,49.317],[-94.772,49.311],[-94.779,49.313],[-94.782,49.312],[-94.785,49.314],[-94.792,49.312],[-94.792,49.311],[-94.8,49.31],[-94.806,49.312],[-94.809,49.313],[-94.811,49.311],[-94.815,49.312],[-94.808,49.321],[-94.805,49.321],[-94.799,49.32],[-94.797,49.322],[-94.794,49.322],[-94.788,49.324],[-94.787,49.323]]],[[[-94.175,49.365],[-94.177,49.361],[-94.181,49.361],[-94.182,49.359],[-94.177,49.359],[-94.173,49.357],[-94.176,49.353],[-94.178,49.352],[-94.178,49.349],[-94.175,49.349],[-94.171,49.347],[-94.171,49.353],[-94.169,49.354],[-94.165,49.351],[-94.163,49.346],[-94.165,49.34],[-94.162,49.338],[-94.162,49.333],[-94.16,49.326],[-94.157,49.325],[-94.161,49.321],[-94.165,49.322],[-94.173,49.319],[-94.179,49.32],[-94.184,49.322],[-94.189,49.321],[-94.187,49.326],[-94.19,49.328],[-94.192,49.33],[-94.196,49.328],[-94.205,49.329],[-94.203,49.337],[-94.197,49.34],[-94.197,49.342],[-94.194,49.343],[-94.193,49.348],[-94.195,49.35],[-94.191,49.352],[-94.186,49.346],[-94.186,49.342],[-94.19,49.339],[-94.185,49.339],[-94.183,49.345],[-94.185,49.345],[-94.186,49.349],[-94.188,49.351],[-94.188,49.355],[-94.185,49.36],[-94.187,49.362],[-94.18,49.364],[-94.175,49.365]]],[[[-94.64,49.354],[-94.637,49.353],[-94.627,49.352],[-94.622,49.351],[-94.613,49.35],[-94.614,49.348],[-94.623,49.344],[-94.626,49.346],[-94.629,49.344],[-94.628,49.341],[-94.633,49.34],[-94.636,49.342],[-94.64,49.34],[-94.638,49.339],[-94.639,49.336],[-94.644,49.334],[-94.647,49.335],[-94.651,49.339],[-94.657,49.341],[-94.654,49.346],[-94.652,49.342],[-94.647,49.343],[-94.648,49.346],[-94.641,49.347],[-94.635,49.347],[-94.637,49.349],[-94.643,49.352],[-94.64,49.354]]],[[[-94.683,49.356],[-94.683,49.352],[-94.678,49.353],[-94.674,49.352],[-94.673,49.349],[-94.671,49.349],[-94.669,49.352],[-94.665,49.351],[-94.661,49.351],[-94.659,49.35],[-94.659,49.344],[-94.663,49.339],[-94.658,49.338],[-94.656,49.336],[-94.661,49.334],[-94.657,49.326],[-94.655,49.324],[-94.656,49.321],[-94.661,49.322],[-94.665,49.326],[-94.67,49.328],[-94.674,49.326],[-94.676,49.328],[-94.682,49.329],[-94.684,49.332],[-94.685,49.336],[-94.684,49.339],[-94.681,49.341],[-94.684,49.343],[-94.684,49.346],[-94.689,49.353],[-94.685,49.356],[-94.683,49.356]]],[[[-94.097,49.384],[-94.093,49.382],[-94.094,49.377],[-94.088,49.375],[-94.087,49.373],[-94.083,49.371],[-94.08,49.367],[-94.08,49.364],[-94.083,49.363],[-94.089,49.36],[-94.094,49.362],[-94.095,49.367],[-94.099,49.364],[-94.1,49.359],[-94.103,49.358],[-94.105,49.361],[-94.104,49.364],[-94.098,49.367],[-94.096,49.369],[-94.098,49.372],[-94.095,49.374],[-94.095,49.377],[-94.101,49.379],[-94.101,49.381],[-94.097,49.384]]],[[[-94.851,49.368],[-94.85,49.366],[-94.847,49.364],[-94.845,49.365],[-94.836,49.366],[-94.829,49.362],[-94.832,49.36],[-94.837,49.359],[-94.837,49.358],[-94.842,49.356],[-94.842,49.353],[-94.845,49.352],[-94.848,49.353],[-94.852,49.352],[-94.853,49.349],[-94.85,49.348],[-94.855,49.345],[-94.862,49.346],[-94.865,49.345],[-94.86,49.34],[-94.866,49.339],[-94.872,49.342],[-94.876,49.341],[-94.879,49.338],[-94.883,49.34],[-94.882,49.343],[-94.875,49.344],[-94.872,49.347],[-94.875,49.35],[-94.881,49.35],[-94.883,49.355],[-94.873,49.357],[-94.871,49.359],[-94.867,49.361],[-94.864,49.367],[-94.862,49.367],[-94.855,49.366],[-94.851,49.368]]],[[[-94.876,49.378],[-94.875,49.376],[-94.871,49.374],[-94.867,49.375],[-94.864,49.374],[-94.87,49.369],[-94.867,49.366],[-94.87,49.366],[-94.882,49.361],[-94.883,49.358],[-94.889,49.359],[-94.895,49.358],[-94.9,49.36],[-94.903,49.365],[-94.9,49.366],[-94.895,49.366],[-94.893,49.369],[-94.895,49.37],[-94.893,49.373],[-94.885,49.375],[-94.878,49.376],[-94.876,49.378]]],[[[-94.18,49.411],[-94.173,49.407],[-94.171,49.41],[-94.167,49.407],[-94.166,49.405],[-94.163,49.403],[-94.162,49.401],[-94.164,49.397],[-94.162,49.396],[-94.164,49.393],[-94.162,49.391],[-94.169,49.39],[-94.168,49.392],[-94.175,49.394],[-94.177,49.397],[-94.185,49.401],[-94.19,49.407],[-94.188,49.409],[-94.181,49.411],[-94.18,49.411]]],[[[-94.726,49.426],[-94.72,49.421],[-94.716,49.421],[-94.714,49.419],[-94.712,49.413],[-94.707,49.411],[-94.706,49.406],[-94.702,49.404],[-94.702,49.4],[-94.698,49.397],[-94.701,49.394],[-94.697,49.393],[-94.701,49.391],[-94.703,49.387],[-94.708,49.384],[-94.707,49.383],[-94.708,49.379],[-94.712,49.376],[-94.707,49.374],[-94.709,49.371],[-94.71,49.368],[-94.707,49.362],[-94.715,49.352],[-94.714,49.349],[-94.718,49.346],[-94.719,49.343],[-94.722,49.343],[-94.729,49.338],[-94.735,49.338],[-94.735,49.342],[-94.739,49.342],[-94.745,49.343],[-94.751,49.347],[-94.746,49.348],[-94.745,49.35],[-94.74,49.354],[-94.742,49.357],[-94.74,49.357],[-94.738,49.357],[-94.737,49.358],[-94.736,49.359],[-94.736,49.36],[-94.735,49.36],[-94.736,49.361],[-94.736,49.362],[-94.74,49.362],[-94.743,49.36],[-94.745,49.362],[-94.755,49.361],[-94.753,49.358],[-94.76,49.356],[-94.761,49.352],[-94.773,49.35],[-94.773,49.347],[-94.768,49.346],[-94.77,49.342],[-94.772,49.339],[-94.778,49.34],[-94.78,49.339],[-94.776,49.335],[-94.773,49.333],[-94.77,49.33],[-94.769,49.327],[-94.784,49.328],[-94.79,49.329],[-94.798,49.333],[-94.803,49.333],[-94.803,49.335],[-94.806,49.338],[-94.811,49.341],[-94.817,49.338],[-94.822,49.339],[-94.829,49.339],[-94.832,49.341],[-94.831,49.344],[-94.838,49.345],[-94.834,49.346],[-94.829,49.347],[-94.828,49.351],[-94.823,49.353],[-94.822,49.355],[-94.814,49.355],[-94.812,49.353],[-94.813,49.351],[-94.81,49.348],[-94.806,49.35],[-94.801,49.35],[-94.797,49.352],[-94.799,49.354],[-94.797,49.358],[-94.793,49.358],[-94.79,49.361],[-94.791,49.363],[-94.796,49.364],[-94.79,49.368],[-94.79,49.37],[-94.793,49.374],[-94.792,49.377],[-94.786,49.376],[-94.784,49.364],[-94.78,49.364],[-94.778,49.365],[-94.777,49.37],[-94.781,49.373],[-94.785,49.378],[-94.779,49.383],[-94.777,49.386],[-94.777,49.39],[-94.774,49.391],[-94.77,49.395],[-94.764,49.394],[-94.764,49.396],[-94.769,49.399],[-94.772,49.4],[-94.768,49.403],[-94.765,49.405],[-94.769,49.408],[-94.778,49.407],[-94.779,49.411],[-94.777,49.412],[-94.774,49.411],[-94.771,49.411],[-94.769,49.415],[-94.766,49.414],[-94.768,49.411],[-94.763,49.41],[-94.759,49.411],[-94.758,49.414],[-94.763,49.418],[-94.771,49.421],[-94.774,49.418],[-94.771,49.416],[-94.778,49.415],[-94.782,49.416],[-94.786,49.414],[-94.791,49.411],[-94.796,49.412],[-94.799,49.414],[-94.799,49.42],[-94.793,49.421],[-94.79,49.419],[-94.777,49.422],[-94.766,49.423],[-94.748,49.421],[-94.743,49.423],[-94.734,49.421],[-94.735,49.424],[-94.726,49.426]]],[[[-94.189,49.468],[-94.181,49.468],[-94.172,49.465],[-94.171,49.462],[-94.162,49.464],[-94.153,49.46],[-94.152,49.459],[-94.144,49.458],[-94.133,49.456],[-94.124,49.456],[-94.12,49.454],[-94.117,49.453],[-94.114,49.451],[-94.105,49.45],[-94.101,49.449],[-94.092,49.447],[-94.091,49.445],[-94.085,49.446],[-94.077,49.444],[-94.072,49.441],[-94.073,49.436],[-94.074,49.434],[-94.065,49.433],[-94.06,49.43],[-94.059,49.428],[-94.056,49.427],[-94.054,49.431],[-94.051,49.432],[-94.045,49.432],[-94.038,49.432],[-94.031,49.431],[-94.03,49.432],[-94.032,49.438],[-94.027,49.438],[-94.021,49.44],[-94.021,49.437],[-94.016,49.435],[-94.014,49.431],[-94.011,49.431],[-94.002,49.426],[-94.006,49.423],[-94.008,49.427],[-94.011,49.424],[-94.01,49.423],[-94.01,49.417],[-94.017,49.42],[-94.02,49.419],[-94.021,49.416],[-94.028,49.415],[-94.034,49.417],[-94.038,49.415],[-94.042,49.418],[-94.044,49.417],[-94.05,49.416],[-94.051,49.42],[-94.055,49.422],[-94.065,49.423],[-94.068,49.423],[-94.073,49.419],[-94.081,49.418],[-94.081,49.421],[-94.086,49.419],[-94.09,49.421],[-94.094,49.418],[-94.097,49.414],[-94.103,49.413],[-94.117,49.421],[-94.119,49.42],[-94.118,49.417],[-94.124,49.417],[-94.13,49.42],[-94.133,49.423],[-94.135,49.421],[-94.135,49.417],[-94.14,49.416],[-94.142,49.417],[-94.147,49.417],[-94.15,49.419],[-94.151,49.422],[-94.155,49.423],[-94.162,49.426],[-94.161,49.43],[-94.157,49.432],[-94.154,49.433],[-94.149,49.432],[-94.143,49.433],[-94.143,49.435],[-94.142,49.437],[-94.145,49.437],[-94.148,49.434],[-94.159,49.433],[-94.153,49.44],[-94.156,49.441],[-94.159,49.44],[-94.167,49.442],[-94.173,49.441],[-94.182,49.441],[-94.188,49.442],[-94.19,49.445],[-94.185,49.446],[-94.179,49.448],[-94.177,49.451],[-94.179,49.453],[-94.191,49.448],[-94.191,49.451],[-94.197,49.453],[-94.197,49.459],[-94.196,49.464],[-94.19,49.466],[-94.189,49.468]]],[[[-94.871,49.452],[-94.867,49.449],[-94.867,49.447],[-94.866,49.44],[-94.871,49.44],[-94.875,49.439],[-94.878,49.44],[-94.883,49.439],[-94.882,49.436],[-94.886,49.433],[-94.892,49.435],[-94.895,49.437],[-94.887,49.44],[-94.887,49.444],[-94.884,49.444],[-94.881,49.446],[-94.877,49.452],[-94.871,49.452]]],[[[-94.666,49.5],[-94.659,49.5],[-94.659,49.498],[-94.665,49.497],[-94.663,49.495],[-94.657,49.493],[-94.658,49.492],[-94.667,49.492],[-94.668,49.49],[-94.677,49.488],[-94.683,49.488],[-94.685,49.485],[-94.689,49.484],[-94.694,49.48],[-94.691,49.474],[-94.7,49.472],[-94.7,49.47],[-94.695,49.469],[-94.691,49.47],[-94.672,49.471],[-94.674,49.474],[-94.685,49.472],[-94.69,49.475],[-94.688,49.476],[-94.686,49.479],[-94.683,49.479],[-94.676,49.478],[-94.67,49.48],[-94.67,49.482],[-94.665,49.482],[-94.656,49.481],[-94.661,49.477],[-94.648,49.475],[-94.648,49.473],[-94.653,49.471],[-94.655,49.467],[-94.659,49.467],[-94.661,49.466],[-94.658,49.46],[-94.661,49.458],[-94.67,49.453],[-94.674,49.448],[-94.677,49.447],[-94.675,49.444],[-94.677,49.441],[-94.678,49.437],[-94.682,49.436],[-94.688,49.433],[-94.69,49.437],[-94.7,49.44],[-94.703,49.444],[-94.706,49.445],[-94.712,49.444],[-94.714,49.449],[-94.717,49.448],[-94.717,49.445],[-94.72,49.443],[-94.723,49.444],[-94.727,49.44],[-94.725,49.438],[-94.729,49.434],[-94.734,49.435],[-94.73,49.439],[-94.738,49.438],[-94.738,49.443],[-94.736,49.445],[-94.741,49.446],[-94.742,49.448],[-94.745,49.449],[-94.744,49.451],[-94.726,49.455],[-94.725,49.457],[-94.721,49.46],[-94.721,49.466],[-94.724,49.468],[-94.723,49.47],[-94.718,49.471],[-94.719,49.474],[-94.711,49.48],[-94.708,49.478],[-94.703,49.478],[-94.693,49.483],[-94.694,49.485],[-94.706,49.483],[-94.713,49.483],[-94.717,49.487],[-94.714,49.488],[-94.713,49.49],[-94.709,49.491],[-94.698,49.497],[-94.69,49.497],[-94.678,49.498],[-94.672,49.499],[-94.666,49.5]]],[[[-94.43,49.513],[-94.426,49.512],[-94.42,49.512],[-94.417,49.509],[-94.418,49.507],[-94.433,49.505],[-94.44,49.503],[-94.439,49.501],[-94.436,49.499],[-94.436,49.495],[-94.44,49.494],[-94.441,49.492],[-94.448,49.491],[-94.447,49.495],[-94.453,49.496],[-94.452,49.498],[-94.456,49.499],[-94.46,49.497],[-94.462,49.494],[-94.465,49.492],[-94.471,49.491],[-94.474,49.49],[-94.479,49.491],[-94.48,49.488],[-94.476,49.487],[-94.474,49.488],[-94.467,49.489],[-94.463,49.487],[-94.471,49.483],[-94.474,49.484],[-94.48,49.483],[-94.487,49.483],[-94.489,49.481],[-94.495,49.479],[-94.502,49.481],[-94.502,49.478],[-94.498,49.478],[-94.496,49.476],[-94.506,49.475],[-94.515,49.474],[-94.516,49.477],[-94.506,49.478],[-94.507,49.481],[-94.511,49.483],[-94.51,49.485],[-94.516,49.485],[-94.524,49.487],[-94.525,49.485],[-94.532,49.486],[-94.537,49.485],[-94.536,49.488],[-94.532,49.488],[-94.525,49.49],[-94.518,49.49],[-94.513,49.495],[-94.507,49.497],[-94.502,49.496],[-94.49,49.498],[-94.481,49.499],[-94.474,49.499],[-94.469,49.502],[-94.467,49.5],[-94.457,49.502],[-94.446,49.507],[-94.442,49.507],[-94.436,49.509],[-94.436,49.51],[-94.43,49.513]]],[[[-94.718,49.516],[-94.718,49.512],[-94.722,49.509],[-94.73,49.508],[-94.734,49.506],[-94.734,49.503],[-94.731,49.499],[-94.728,49.5],[-94.721,49.502],[-94.715,49.505],[-94.71,49.504],[-94.698,49.505],[-94.69,49.503],[-94.682,49.505],[-94.682,49.501],[-94.687,49.501],[-94.695,49.501],[-94.698,49.5],[-94.704,49.501],[-94.707,49.5],[-94.711,49.502],[-94.717,49.499],[-94.729,49.496],[-94.731,49.493],[-94.734,49.495],[-94.739,49.495],[-94.745,49.492],[-94.75,49.491],[-94.759,49.493],[-94.762,49.493],[-94.769,49.491],[-94.772,49.492],[-94.772,49.494],[-94.763,49.496],[-94.759,49.496],[-94.752,49.499],[-94.749,49.497],[-94.744,49.498],[-94.745,49.501],[-94.744,49.506],[-94.737,49.509],[-94.737,49.512],[-94.728,49.512],[-94.724,49.513],[-94.718,49.516]]],[[[-94.641,49.52],[-94.642,49.518],[-94.645,49.516],[-94.643,49.511],[-94.655,49.505],[-94.659,49.502],[-94.667,49.501],[-94.678,49.501],[-94.681,49.503],[-94.673,49.506],[-94.674,49.507],[-94.663,49.514],[-94.658,49.518],[-94.652,49.519],[-94.645,49.52],[-94.641,49.52]]],[[[-94.678,49.536],[-94.674,49.535],[-94.665,49.535],[-94.666,49.534],[-94.671,49.53],[-94.671,49.527],[-94.667,49.528],[-94.663,49.53],[-94.657,49.531],[-94.657,49.533],[-94.661,49.537],[-94.65,49.537],[-94.649,49.534],[-94.636,49.53],[-94.634,49.528],[-94.626,49.529],[-94.622,49.53],[-94.612,49.53],[-94.61,49.529],[-94.616,49.525],[-94.625,49.527],[-94.639,49.525],[-94.642,49.526],[-94.654,49.524],[-94.668,49.522],[-94.671,49.521],[-94.674,49.515],[-94.68,49.514],[-94.683,49.512],[-94.68,49.51],[-94.686,49.508],[-94.689,49.508],[-94.7,49.505],[-94.704,49.506],[-94.705,49.508],[-94.708,49.507],[-94.714,49.511],[-94.709,49.515],[-94.715,49.514],[-94.712,49.52],[-94.707,49.521],[-94.713,49.523],[-94.713,49.525],[-94.705,49.525],[-94.7,49.523],[-94.692,49.524],[-94.69,49.526],[-94.676,49.528],[-94.68,49.531],[-94.687,49.532],[-94.679,49.534],[-94.678,49.536]]],[[[-94.361,49.557],[-94.359,49.554],[-94.349,49.551],[-94.349,49.548],[-94.346,49.548],[-94.344,49.544],[-94.348,49.542],[-94.354,49.541],[-94.355,49.543],[-94.362,49.543],[-94.362,49.544],[-94.367,49.544],[-94.368,49.547],[-94.372,49.547],[-94.38,49.551],[-94.378,49.554],[-94.375,49.555],[-94.365,49.553],[-94.361,49.557]]],[[[-95.146,49.591],[-95.139,49.589],[-95.135,49.591],[-95.129,49.591],[-95.124,49.592],[-95.123,49.589],[-95.123,49.586],[-95.127,49.583],[-95.134,49.582],[-95.143,49.579],[-95.144,49.576],[-95.14,49.572],[-95.131,49.573],[-95.13,49.575],[-95.126,49.573],[-95.125,49.579],[-95.121,49.58],[-95.121,49.583],[-95.115,49.585],[-95.11,49.583],[-95.111,49.577],[-95.11,49.575],[-95.111,49.573],[-95.111,49.569],[-95.116,49.568],[-95.113,49.566],[-95.109,49.567],[-95.108,49.565],[-95.111,49.562],[-95.117,49.559],[-95.116,49.553],[-95.112,49.55],[-95.107,49.551],[-95.103,49.548],[-95.105,49.545],[-95.102,49.544],[-95.093,49.544],[-95.093,49.542],[-95.1,49.542],[-95.1,49.541],[-95.095,49.541],[-95.093,49.539],[-95.095,49.534],[-95.104,49.538],[-95.104,49.535],[-95.107,49.532],[-95.105,49.53],[-95.107,49.527],[-95.111,49.526],[-95.114,49.524],[-95.121,49.52],[-95.12,49.517],[-95.122,49.516],[-95.126,49.518],[-95.131,49.519],[-95.132,49.516],[-95.136,49.516],[-95.14,49.511],[-95.14,49.51],[-95.143,49.507],[-95.142,49.504],[-95.138,49.501],[-95.128,49.503],[-95.122,49.504],[-95.121,49.503],[-95.126,49.5],[-95.128,49.501],[-95.133,49.495],[-95.137,49.494],[-95.134,49.491],[-95.133,49.488],[-95.135,49.483],[-95.141,49.48],[-95.145,49.481],[-95.149,49.48],[-95.15,49.475],[-95.149,49.474],[-95.152,49.47],[-95.152,49.492],[-95.152,49.532],[-95.154,49.56],[-95.153,49.577],[-95.154,49.589],[-95.147,49.59],[-95.146,49.591]]],[[[-94.569,49.62],[-94.566,49.619],[-94.566,49.616],[-94.577,49.613],[-94.57,49.61],[-94.575,49.606],[-94.582,49.605],[-94.594,49.604],[-94.598,49.601],[-94.594,49.598],[-94.585,49.598],[-94.582,49.597],[-94.582,49.594],[-94.586,49.591],[-94.578,49.587],[-94.577,49.591],[-94.575,49.594],[-94.571,49.593],[-94.569,49.588],[-94.573,49.586],[-94.581,49.585],[-94.594,49.591],[-94.593,49.596],[-94.597,49.596],[-94.601,49.599],[-94.604,49.6],[-94.605,49.602],[-94.613,49.6],[-94.615,49.603],[-94.612,49.605],[-94.608,49.606],[-94.603,49.608],[-94.598,49.612],[-94.591,49.613],[-94.588,49.616],[-94.58,49.615],[-94.576,49.615],[-94.576,49.618],[-94.569,49.62]]],[[[-94.78,49.614],[-94.78,49.611],[-94.77,49.612],[-94.77,49.613],[-94.765,49.614],[-94.764,49.612],[-94.759,49.61],[-94.763,49.609],[-94.764,49.605],[-94.756,49.604],[-94.755,49.603],[-94.755,49.602],[-94.755,49.601],[-94.755,49.6],[-94.753,49.598],[-94.754,49.597],[-94.761,49.596],[-94.763,49.593],[-94.767,49.591],[-94.769,49.596],[-94.772,49.597],[-94.77,49.6],[-94.771,49.604],[-94.769,49.608],[-94.767,49.611],[-94.777,49.608],[-94.783,49.609],[-94.79,49.608],[-94.791,49.606],[-94.797,49.606],[-94.808,49.604],[-94.812,49.606],[-94.814,49.604],[-94.818,49.603],[-94.818,49.601],[-94.822,49.601],[-94.825,49.602],[-94.821,49.605],[-94.826,49.609],[-94.819,49.613],[-94.815,49.611],[-94.813,49.612],[-94.809,49.609],[-94.805,49.61],[-94.802,49.613],[-94.794,49.612],[-94.793,49.613],[-94.783,49.613],[-94.78,49.614]]],[[[-94.522,49.62],[-94.517,49.616],[-94.513,49.616],[-94.51,49.615],[-94.511,49.609],[-94.515,49.607],[-94.521,49.607],[-94.526,49.608],[-94.53,49.607],[-94.534,49.609],[-94.546,49.609],[-94.546,49.611],[-94.551,49.613],[-94.55,49.608],[-94.554,49.608],[-94.557,49.612],[-94.559,49.61],[-94.566,49.612],[-94.561,49.616],[-94.554,49.614],[-94.549,49.616],[-94.542,49.617],[-94.54,49.619],[-94.533,49.618],[-94.528,49.619],[-94.526,49.622],[-94.522,49.62]]],[[[-95.147,49.617],[-95.14,49.613],[-95.135,49.616],[-95.134,49.614],[-95.138,49.609],[-95.137,49.607],[-95.132,49.607],[-95.127,49.611],[-95.121,49.61],[-95.117,49.614],[-95.105,49.608],[-95.106,49.606],[-95.104,49.605],[-95.103,49.602],[-95.104,49.6],[-95.107,49.599],[-95.111,49.596],[-95.115,49.596],[-95.114,49.598],[-95.107,49.604],[-95.107,49.607],[-95.11,49.608],[-95.116,49.605],[-95.118,49.603],[-95.122,49.603],[-95.125,49.599],[-95.129,49.6],[-95.133,49.602],[-95.139,49.597],[-95.146,49.601],[-95.146,49.602],[-95.153,49.603],[-95.153,49.617],[-95.147,49.617]]],[[[-95.026,49.627],[-95.026,49.622],[-95.035,49.618],[-95.035,49.616],[-95.027,49.618],[-95.025,49.62],[-95.018,49.622],[-95.018,49.62],[-95.02,49.618],[-95.032,49.614],[-95.035,49.612],[-95.043,49.611],[-95.055,49.608],[-95.058,49.612],[-95.057,49.613],[-95.052,49.615],[-95.05,49.618],[-95.043,49.619],[-95.036,49.619],[-95.032,49.625],[-95.026,49.627]]],[[[-94.759,49.641],[-94.753,49.641],[-94.748,49.642],[-94.743,49.64],[-94.742,49.636],[-94.739,49.635],[-94.742,49.631],[-94.74,49.63],[-94.734,49.629],[-94.733,49.631],[-94.729,49.633],[-94.726,49.631],[-94.721,49.633],[-94.717,49.633],[-94.712,49.634],[-94.71,49.631],[-94.699,49.633],[-94.695,49.632],[-94.689,49.635],[-94.681,49.637],[-94.664,49.636],[-94.662,49.636],[-94.655,49.637],[-94.653,49.636],[-94.644,49.637],[-94.641,49.64],[-94.64,49.636],[-94.636,49.635],[-94.633,49.636],[-94.631,49.636],[-94.631,49.637],[-94.629,49.638],[-94.628,49.639],[-94.626,49.639],[-94.626,49.641],[-94.624,49.643],[-94.613,49.644],[-94.605,49.645],[-94.607,49.643],[-94.609,49.635],[-94.608,49.633],[-94.603,49.631],[-94.609,49.627],[-94.622,49.622],[-94.629,49.621],[-94.629,49.618],[-94.62,49.618],[-94.619,49.616],[-94.624,49.613],[-94.642,49.611],[-94.646,49.613],[-94.649,49.607],[-94.643,49.606],[-94.642,49.604],[-94.638,49.604],[-94.634,49.603],[-94.63,49.604],[-94.631,49.608],[-94.624,49.608],[-94.625,49.604],[-94.624,49.6],[-94.619,49.602],[-94.618,49.598],[-94.626,49.598],[-94.634,49.597],[-94.639,49.595],[-94.646,49.594],[-94.651,49.592],[-94.653,49.591],[-94.644,49.589],[-94.651,49.587],[-94.656,49.587],[-94.658,49.585],[-94.679,49.58],[-94.684,49.577],[-94.69,49.576],[-94.693,49.577],[-94.692,49.573],[-94.684,49.572],[-94.678,49.57],[-94.671,49.57],[-94.667,49.57],[-94.661,49.569],[-94.658,49.57],[-94.654,49.568],[-94.646,49.567],[-94.645,49.565],[-94.656,49.564],[-94.659,49.565],[-94.664,49.566],[-94.668,49.564],[-94.667,49.56],[-94.673,49.56],[-94.677,49.559],[-94.677,49.556],[-94.682,49.556],[-94.683,49.555],[-94.688,49.555],[-94.691,49.554],[-94.69,49.552],[-94.686,49.551],[-94.681,49.548],[-94.684,49.547],[-94.685,49.545],[-94.693,49.544],[-94.694,49.545],[-94.701,49.543],[-94.708,49.54],[-94.716,49.538],[-94.719,49.541],[-94.722,49.537],[-94.729,49.535],[-94.73,49.536],[-94.735,49.536],[-94.738,49.532],[-94.75,49.531],[-94.752,49.529],[-94.758,49.529],[-94.76,49.525],[-94.764,49.523],[-94.766,49.524],[-94.774,49.521],[-94.781,49.52],[-94.787,49.522],[-94.788,49.519],[-94.782,49.52],[-94.792,49.51],[-94.794,49.511],[-94.806,49.505],[-94.813,49.499],[-94.815,49.501],[-94.815,49.507],[-94.807,49.513],[-94.81,49.517],[-94.805,49.519],[-94.801,49.519],[-94.801,49.521],[-94.806,49.52],[-94.811,49.521],[-94.812,49.518],[-94.82,49.517],[-94.826,49.518],[-94.83,49.519],[-94.831,49.521],[-94.836,49.522],[-94.843,49.522],[-94.848,49.524],[-94.852,49.521],[-94.86,49.519],[-94.866,49.515],[-94.869,49.514],[-94.872,49.517],[-94.882,49.512],[-94.886,49.514],[-94.894,49.512],[-94.895,49.509],[-94.894,49.507],[-94.887,49.506],[-94.882,49.509],[-94.88,49.508],[-94.874,49.51],[-94.872,49.509],[-94.868,49.512],[-94.866,49.511],[-94.86,49.513],[-94.858,49.512],[-94.861,49.508],[-94.866,49.503],[-94.864,49.499],[-94.861,49.499],[-94.861,49.502],[-94.859,49.504],[-94.858,49.507],[-94.855,49.509],[-94.851,49.511],[-94.849,49.51],[-94.845,49.51],[-94.84,49.516],[-94.838,49.514],[-94.83,49.514],[-94.828,49.508],[-94.833,49.505],[-94.827,49.502],[-94.821,49.505],[-94.817,49.506],[-94.821,49.499],[-94.83,49.5],[-94.836,49.504],[-94.842,49.505],[-94.844,49.508],[-94.849,49.499],[-94.848,49.493],[-94.851,49.49],[-94.849,49.488],[-94.84,49.488],[-94.832,49.492],[-94.828,49.489],[-94.838,49.481],[-94.846,49.478],[-94.851,49.481],[-94.853,49.48],[-94.849,49.476],[-94.854,49.472],[-94.857,49.464],[-94.861,49.46],[-94.852,49.461],[-94.847,49.462],[-94.842,49.461],[-94.845,49.458],[-94.85,49.455],[-94.849,49.452],[-94.849,49.45],[-94.853,49.449],[-94.86,49.446],[-94.862,49.449],[-94.859,49.456],[-94.861,49.458],[-94.866,49.458],[-94.875,49.456],[-94.877,49.459],[-94.874,49.46],[-94.874,49.463],[-94.878,49.464],[-94.88,49.465],[-94.886,49.465],[-94.886,49.462],[-94.882,49.461],[-94.883,49.458],[-94.892,49.457],[-94.899,49.458],[-94.903,49.453],[-94.907,49.453],[-94.909,49.455],[-94.909,49.46],[-94.906,49.462],[-94.903,49.462],[-94.898,49.465],[-94.9,49.466],[-94.906,49.467],[-94.909,49.466],[-94.909,49.463],[-94.912,49.459],[-94.918,49.457],[-94.92,49.454],[-94.927,49.45],[-94.929,49.452],[-94.934,49.451],[-94.937,49.446],[-94.945,49.445],[-94.944,49.442],[-94.95,49.44],[-94.955,49.439],[-94.953,49.436],[-94.944,49.434],[-94.935,49.433],[-94.932,49.434],[-94.922,49.434],[-94.919,49.431],[-94.912,49.432],[-94.907,49.431],[-94.905,49.428],[-94.91,49.422],[-94.913,49.421],[-94.917,49.422],[-94.926,49.419],[-94.925,49.418],[-94.935,49.416],[-94.938,49.414],[-94.935,49.413],[-94.935,49.412],[-94.937,49.412],[-94.939,49.411],[-94.938,49.411],[-94.938,49.41],[-94.94,49.41],[-94.938,49.408],[-94.931,49.408],[-94.929,49.408],[-94.928,49.41],[-94.929,49.411],[-94.924,49.412],[-94.923,49.408],[-94.917,49.406],[-94.918,49.402],[-94.915,49.401],[-94.91,49.402],[-94.907,49.399],[-94.91,49.398],[-94.911,49.396],[-94.918,49.395],[-94.919,49.392],[-94.922,49.39],[-94.931,49.388],[-94.936,49.386],[-94.943,49.385],[-94.944,49.388],[-94.949,49.387],[-94.953,49.392],[-94.959,49.389],[-94.963,49.389],[-94.966,49.39],[-94.973,49.391],[-94.976,49.39],[-94.973,49.387],[-94.976,49.385],[-94.978,49.378],[-94.983,49.376],[-94.987,49.375],[-94.994,49.372],[-94.996,49.374],[-95.002,49.371],[-95.006,49.367],[-95.011,49.365],[-95.015,49.363],[-95.019,49.365],[-95.024,49.366],[-95.031,49.366],[-95.039,49.369],[-95.045,49.369],[-95.05,49.371],[-95.055,49.372],[-95.056,49.373],[-95.064,49.375],[-95.072,49.376],[-95.074,49.375],[-95.076,49.372],[-95.072,49.368],[-95.075,49.366],[-95.08,49.366],[-95.085,49.365],[-95.09,49.365],[-95.093,49.366],[-95.098,49.366],[-95.105,49.367],[-95.12,49.37],[-95.129,49.372],[-95.133,49.375],[-95.137,49.376],[-95.144,49.379],[-95.149,49.383],[-95.153,49.387],[-95.155,49.392],[-95.153,49.396],[-95.153,49.452],[-95.144,49.447],[-95.133,49.443],[-95.128,49.443],[-95.123,49.444],[-95.121,49.442],[-95.115,49.441],[-95.11,49.443],[-95.106,49.448],[-95.101,49.45],[-95.096,49.45],[-95.091,49.454],[-95.087,49.456],[-95.079,49.457],[-95.074,49.462],[-95.071,49.46],[-95.074,49.458],[-95.077,49.451],[-95.079,49.448],[-95.076,49.447],[-95.072,49.451],[-95.069,49.453],[-95.058,49.458],[-95.059,49.461],[-95.052,49.463],[-95.047,49.468],[-95.04,49.47],[-95.039,49.473],[-95.031,49.474],[-95.029,49.476],[-95.025,49.475],[-95.014,49.478],[-95.007,49.479],[-95.002,49.478],[-95.001,49.48],[-94.995,49.481],[-94.993,49.48],[-94.99,49.484],[-94.987,49.485],[-94.98,49.486],[-94.979,49.488],[-94.975,49.484],[-94.97,49.484],[-94.962,49.488],[-94.968,49.49],[-94.976,49.49],[-94.977,49.492],[-94.971,49.493],[-94.97,49.496],[-94.967,49.495],[-94.963,49.497],[-94.957,49.501],[-94.958,49.503],[-94.962,49.503],[-94.963,49.5],[-94.967,49.501],[-94.966,49.506],[-94.974,49.506],[-94.973,49.509],[-94.975,49.513],[-94.973,49.515],[-94.966,49.511],[-94.963,49.508],[-94.951,49.505],[-94.948,49.506],[-94.943,49.505],[-94.935,49.504],[-94.934,49.506],[-94.943,49.507],[-94.947,49.509],[-94.951,49.509],[-94.95,49.512],[-94.947,49.515],[-94.948,49.516],[-94.943,49.525],[-94.937,49.528],[-94.93,49.529],[-94.93,49.526],[-94.931,49.523],[-94.924,49.523],[-94.914,49.525],[-94.91,49.523],[-94.904,49.522],[-94.904,49.527],[-94.901,49.529],[-94.9,49.535],[-94.896,49.536],[-94.89,49.534],[-94.887,49.536],[-94.881,49.534],[-94.88,49.529],[-94.877,49.532],[-94.872,49.533],[-94.87,49.536],[-94.867,49.534],[-94.861,49.533],[-94.859,49.532],[-94.844,49.531],[-94.846,49.534],[-94.845,49.538],[-94.842,49.539],[-94.838,49.542],[-94.842,49.542],[-94.846,49.546],[-94.857,49.544],[-94.861,49.548],[-94.862,49.552],[-94.868,49.55],[-94.876,49.549],[-94.878,49.55],[-94.885,49.55],[-94.889,49.548],[-94.888,49.546],[-94.895,49.544],[-94.895,49.546],[-94.901,49.546],[-94.906,49.544],[-94.907,49.546],[-94.904,49.548],[-94.901,49.547],[-94.896,49.551],[-94.885,49.551],[-94.881,49.556],[-94.879,49.558],[-94.88,49.559],[-94.876,49.563],[-94.876,49.565],[-94.868,49.568],[-94.868,49.572],[-94.864,49.573],[-94.86,49.572],[-94.859,49.575],[-94.854,49.577],[-94.848,49.578],[-94.847,49.576],[-94.848,49.572],[-94.841,49.573],[-94.842,49.578],[-94.838,49.581],[-94.834,49.583],[-94.828,49.583],[-94.827,49.585],[-94.82,49.585],[-94.819,49.587],[-94.813,49.589],[-94.815,49.592],[-94.81,49.592],[-94.803,49.591],[-94.802,49.588],[-94.796,49.588],[-94.792,49.591],[-94.796,49.592],[-94.798,49.595],[-94.794,49.596],[-94.786,49.595],[-94.783,49.597],[-94.779,49.598],[-94.771,49.593],[-94.772,49.591],[-94.779,49.592],[-94.774,49.584],[-94.766,49.584],[-94.765,49.582],[-94.759,49.579],[-94.755,49.578],[-94.744,49.578],[-94.742,49.579],[-94.729,49.579],[-94.726,49.583],[-94.737,49.585],[-94.74,49.583],[-94.744,49.584],[-94.75,49.582],[-94.758,49.583],[-94.761,49.583],[-94.766,49.585],[-94.774,49.584],[-94.773,49.588],[-94.768,49.586],[-94.766,49.587],[-94.75,49.584],[-94.746,49.587],[-94.747,49.59],[-94.755,49.591],[-94.759,49.592],[-94.759,49.595],[-94.754,49.594],[-94.751,49.594],[-94.747,49.596],[-94.746,49.599],[-94.747,49.601],[-94.75,49.6],[-94.754,49.601],[-94.753,49.603],[-94.756,49.605],[-94.755,49.606],[-94.754,49.606],[-94.75,49.607],[-94.742,49.607],[-94.738,49.61],[-94.737,49.614],[-94.74,49.615],[-94.743,49.618],[-94.745,49.615],[-94.751,49.615],[-94.749,49.618],[-94.755,49.618],[-94.757,49.62],[-94.762,49.618],[-94.764,49.62],[-94.769,49.616],[-94.774,49.616],[-94.777,49.614],[-94.78,49.616],[-94.773,49.619],[-94.773,49.622],[-94.768,49.623],[-94.764,49.621],[-94.758,49.621],[-94.753,49.623],[-94.741,49.623],[-94.734,49.625],[-94.73,49.623],[-94.721,49.626],[-94.721,49.628],[-94.727,49.629],[-94.736,49.626],[-94.745,49.627],[-94.749,49.628],[-94.755,49.628],[-94.766,49.629],[-94.761,49.634],[-94.764,49.636],[-94.761,49.638],[-94.758,49.639],[-94.759,49.641]]],[[[-94.431,49.674],[-94.43,49.671],[-94.433,49.667],[-94.436,49.661],[-94.434,49.66],[-94.436,49.657],[-94.441,49.656],[-94.439,49.653],[-94.436,49.652],[-94.431,49.657],[-94.43,49.654],[-94.432,49.651],[-94.443,49.652],[-94.451,49.656],[-94.451,49.657],[-94.449,49.661],[-94.45,49.666],[-94.446,49.665],[-94.435,49.674],[-94.431,49.674]]],[[[-94.381,49.679],[-94.381,49.672],[-94.38,49.667],[-94.384,49.66],[-94.383,49.659],[-94.378,49.659],[-94.377,49.657],[-94.372,49.656],[-94.371,49.655],[-94.363,49.653],[-94.357,49.651],[-94.354,49.653],[-94.346,49.651],[-94.341,49.647],[-94.335,49.644],[-94.328,49.643],[-94.327,49.64],[-94.33,49.639],[-94.334,49.639],[-94.342,49.641],[-94.347,49.644],[-94.355,49.646],[-94.365,49.647],[-94.373,49.651],[-94.383,49.651],[-94.385,49.651],[-94.389,49.647],[-94.393,49.647],[-94.388,49.643],[-94.384,49.646],[-94.378,49.645],[-94.373,49.646],[-94.372,49.645],[-94.374,49.639],[-94.378,49.638],[-94.381,49.635],[-94.385,49.634],[-94.396,49.634],[-94.401,49.634],[-94.404,49.637],[-94.408,49.638],[-94.415,49.638],[-94.429,49.644],[-94.428,49.646],[-94.424,49.647],[-94.421,49.645],[-94.414,49.648],[-94.414,49.65],[-94.418,49.652],[-94.419,49.654],[-94.412,49.654],[-94.408,49.65],[-94.407,49.659],[-94.409,49.665],[-94.407,49.667],[-94.394,49.669],[-94.395,49.666],[-94.389,49.666],[-94.389,49.669],[-94.383,49.672],[-94.385,49.674],[-94.382,49.675],[-94.381,49.679]]],[[[-94.706,49.702],[-94.707,49.7],[-94.701,49.699],[-94.696,49.702],[-94.695,49.701],[-94.679,49.7],[-94.684,49.698],[-94.69,49.698],[-94.695,49.697],[-94.691,49.695],[-94.686,49.694],[-94.69,49.692],[-94.687,49.689],[-94.693,49.688],[-94.698,49.69],[-94.7,49.689],[-94.701,49.684],[-94.691,49.685],[-94.685,49.685],[-94.671,49.682],[-94.661,49.683],[-94.656,49.68],[-94.661,49.68],[-94.664,49.677],[-94.67,49.675],[-94.672,49.673],[-94.679,49.671],[-94.678,49.669],[-94.684,49.668],[-94.68,49.665],[-94.681,49.663],[-94.685,49.662],[-94.692,49.662],[-94.699,49.66],[-94.704,49.658],[-94.711,49.658],[-94.717,49.655],[-94.72,49.657],[-94.724,49.657],[-94.725,49.66],[-94.721,49.661],[-94.719,49.664],[-94.713,49.665],[-94.705,49.667],[-94.704,49.672],[-94.701,49.672],[-94.697,49.671],[-94.695,49.674],[-94.699,49.676],[-94.703,49.675],[-94.707,49.679],[-94.714,49.679],[-94.718,49.686],[-94.712,49.689],[-94.695,49.693],[-94.695,49.695],[-94.705,49.694],[-94.71,49.695],[-94.716,49.693],[-94.717,49.696],[-94.723,49.692],[-94.726,49.694],[-94.726,49.698],[-94.721,49.701],[-94.711,49.701],[-94.706,49.702]]],[[[-94.742,49.703],[-94.74,49.7],[-94.74,49.698],[-94.749,49.695],[-94.748,49.693],[-94.752,49.692],[-94.756,49.692],[-94.758,49.694],[-94.763,49.693],[-94.772,49.689],[-94.774,49.691],[-94.778,49.688],[-94.776,49.687],[-94.774,49.687],[-94.773,49.686],[-94.77,49.687],[-94.761,49.69],[-94.76,49.687],[-94.761,49.684],[-94.766,49.681],[-94.763,49.68],[-94.762,49.678],[-94.768,49.676],[-94.775,49.674],[-94.778,49.677],[-94.78,49.675],[-94.778,49.673],[-94.781,49.671],[-94.784,49.672],[-94.785,49.676],[-94.791,49.679],[-94.794,49.676],[-94.797,49.68],[-94.8,49.679],[-94.808,49.677],[-94.814,49.676],[-94.816,49.674],[-94.826,49.674],[-94.829,49.675],[-94.822,49.678],[-94.818,49.678],[-94.809,49.681],[-94.81,49.683],[-94.82,49.684],[-94.82,49.681],[-94.825,49.68],[-94.832,49.68],[-94.825,49.684],[-94.826,49.686],[-94.814,49.688],[-94.807,49.69],[-94.8,49.69],[-94.798,49.689],[-94.792,49.689],[-94.789,49.691],[-94.785,49.691],[-94.779,49.69],[-94.777,49.693],[-94.764,49.696],[-94.764,49.7],[-94.757,49.702],[-94.754,49.701],[-94.75,49.703],[-94.742,49.703]]],[[[-94.389,49.719],[-94.387,49.714],[-94.383,49.712],[-94.385,49.709],[-94.382,49.706],[-94.388,49.702],[-94.387,49.706],[-94.391,49.706],[-94.392,49.699],[-94.395,49.697],[-94.401,49.701],[-94.404,49.706],[-94.402,49.71],[-94.402,49.711],[-94.396,49.713],[-94.391,49.717],[-94.389,49.719]]],[[[-94.492,49.743],[-94.488,49.741],[-94.489,49.739],[-94.484,49.737],[-94.484,49.734],[-94.48,49.732],[-94.485,49.73],[-94.496,49.727],[-94.501,49.726],[-94.504,49.726],[-94.503,49.721],[-94.496,49.719],[-94.499,49.717],[-94.504,49.719],[-94.508,49.723],[-94.513,49.723],[-94.516,49.719],[-94.523,49.722],[-94.522,49.726],[-94.517,49.73],[-94.511,49.729],[-94.507,49.731],[-94.508,49.734],[-94.502,49.738],[-94.499,49.738],[-94.492,49.743]]],[[[-94.549,49.803],[-94.55,49.801],[-94.548,49.799],[-94.537,49.799],[-94.533,49.799],[-94.526,49.8],[-94.524,49.794],[-94.519,49.793],[-94.518,49.786],[-94.526,49.786],[-94.536,49.788],[-94.542,49.789],[-94.549,49.787],[-94.552,49.788],[-94.554,49.786],[-94.559,49.786],[-94.56,49.791],[-94.556,49.794],[-94.555,49.796],[-94.557,49.798],[-94.555,49.801],[-94.549,49.803]]],[[[-94.656,49.984],[-94.646,49.98],[-94.642,49.979],[-94.639,49.977],[-94.64,49.975],[-94.636,49.974],[-94.634,49.971],[-94.63,49.972],[-94.625,49.97],[-94.625,49.969],[-94.619,49.966],[-94.616,49.961],[-94.613,49.959],[-94.611,49.954],[-94.609,49.953],[-94.61,49.951],[-94.606,49.949],[-94.603,49.946],[-94.603,49.944],[-94.598,49.942],[-94.594,49.942],[-94.596,49.939],[-94.602,49.94],[-94.607,49.937],[-94.604,49.934],[-94.596,49.938],[-94.592,49.936],[-94.593,49.933],[-94.588,49.933],[-94.582,49.936],[-94.579,49.935],[-94.578,49.931],[-94.575,49.93],[-94.57,49.932],[-94.568,49.93],[-94.562,49.929],[-94.556,49.925],[-94.553,49.925],[-94.552,49.92],[-94.553,49.917],[-94.551,49.914],[-94.551,49.904],[-94.55,49.9],[-94.552,49.895],[-94.553,49.883],[-94.556,49.881],[-94.555,49.878],[-94.557,49.874],[-94.562,49.873],[-94.564,49.871],[-94.567,49.871],[-94.567,49.874],[-94.577,49.872],[-94.573,49.877],[-94.577,49.876],[-94.58,49.879],[-94.584,49.879],[-94.582,49.884],[-94.575,49.887],[-94.57,49.886],[-94.57,49.888],[-94.575,49.89],[-94.572,49.894],[-94.573,49.898],[-94.568,49.901],[-94.57,49.903],[-94.572,49.907],[-94.574,49.908],[-94.574,49.912],[-94.577,49.913],[-94.574,49.916],[-94.576,49.919],[-94.58,49.921],[-94.577,49.923],[-94.583,49.927],[-94.583,49.923],[-94.589,49.92],[-94.592,49.92],[-94.596,49.918],[-94.597,49.915],[-94.601,49.911],[-94.603,49.912],[-94.607,49.909],[-94.612,49.909],[-94.612,49.905],[-94.609,49.903],[-94.604,49.903],[-94.601,49.905],[-94.602,49.909],[-94.596,49.913],[-94.589,49.912],[-94.587,49.914],[-94.582,49.912],[-94.578,49.908],[-94.58,49.905],[-94.575,49.903],[-94.573,49.9],[-94.577,49.893],[-94.575,49.891],[-94.58,49.886],[-94.592,49.88],[-94.595,49.88],[-94.596,49.886],[-94.598,49.888],[-94.602,49.888],[-94.603,49.89],[-94.603,49.892],[-94.604,49.895],[-94.6,49.903],[-94.603,49.903],[-94.604,49.9],[-94.609,49.895],[-94.607,49.894],[-94.613,49.889],[-94.616,49.889],[-94.615,49.886],[-94.618,49.885],[-94.621,49.891],[-94.623,49.897],[-94.63,49.901],[-94.634,49.902],[-94.634,49.904],[-94.636,49.905],[-94.638,49.913],[-94.64,49.914],[-94.634,49.923],[-94.636,49.924],[-94.633,49.928],[-94.631,49.932],[-94.631,49.936],[-94.637,49.932],[-94.641,49.935],[-94.642,49.937],[-94.642,49.94],[-94.646,49.94],[-94.643,49.934],[-94.639,49.932],[-94.636,49.932],[-94.638,49.924],[-94.64,49.923],[-94.647,49.916],[-94.649,49.915],[-94.66,49.916],[-94.663,49.917],[-94.667,49.916],[-94.674,49.918],[-94.68,49.916],[-94.68,49.918],[-94.684,49.92],[-94.688,49.92],[-94.688,49.925],[-94.694,49.927],[-94.692,49.929],[-94.687,49.928],[-94.688,49.931],[-94.681,49.932],[-94.678,49.935],[-94.675,49.933],[-94.669,49.934],[-94.667,49.932],[-94.662,49.933],[-94.655,49.938],[-94.654,49.94],[-94.647,49.943],[-94.648,49.949],[-94.643,49.953],[-94.644,49.954],[-94.644,49.958],[-94.639,49.96],[-94.642,49.965],[-94.638,49.969],[-94.642,49.972],[-94.643,49.97],[-94.652,49.977],[-94.656,49.975],[-94.658,49.977],[-94.656,49.984]]],[[[-90.965,48.234],[-90.98,48.227],[-90.985,48.224],[-90.988,48.221],[-90.987,48.219],[-90.991,48.217],[-90.996,48.212],[-90.997,48.214],[-90.994,48.219],[-90.991,48.22],[-90.993,48.224],[-90.997,48.225],[-91.004,48.226],[-91.01,48.225],[-91.012,48.227],[-91.017,48.23],[-91.021,48.228],[-91.019,48.233],[-91.026,48.233],[-91.028,48.231],[-91.037,48.233],[-91.044,48.233],[-91.048,48.231],[-91.044,48.228],[-91.038,48.23],[-91.038,48.227],[-91.035,48.225],[-91.039,48.224],[-91.033,48.22],[-91.032,48.217],[-91.036,48.217],[-91.042,48.219],[-91.043,48.216],[-91.05,48.215],[-91.05,48.211],[-91.043,48.215],[-91.038,48.207],[-91.04,48.203],[-91.044,48.203],[-91.041,48.2],[-91.035,48.203],[-91.028,48.205],[-91.025,48.205],[-91.02,48.207],[-91.014,48.206],[-91.01,48.208],[-91.005,48.209],[-91.005,48.206],[-91.007,48.205],[-91.006,48.202],[-91.01,48.203],[-91.012,48.201],[-91.019,48.2],[-91.016,48.197],[-91.02,48.194],[-91.023,48.191],[-91.028,48.192],[-91.031,48.189],[-91.035,48.191],[-91.036,48.193],[-91.04,48.192],[-91.043,48.19],[-91.053,48.188],[-91.055,48.189],[-91.06,48.187],[-91.063,48.189],[-91.067,48.186],[-91.065,48.184],[-91.075,48.181],[-91.08,48.182],[-91.077,48.185],[-91.071,48.186],[-91.073,48.189],[-91.073,48.193],[-91.077,48.2],[-91.073,48.201],[-91.061,48.202],[-91.058,48.202],[-91.061,48.205],[-91.066,48.206],[-91.068,48.204],[-91.075,48.203],[-91.079,48.204],[-91.083,48.201],[-91.08,48.198],[-91.082,48.195],[-91.079,48.19],[-91.083,48.183],[-91.091,48.177],[-91.095,48.173],[-91.103,48.17],[-91.117,48.169],[-91.117,48.166],[-91.12,48.163],[-91.124,48.163],[-91.129,48.162],[-91.13,48.159],[-91.136,48.158],[-91.139,48.156],[-91.145,48.155],[-91.148,48.16],[-91.154,48.157],[-91.154,48.155],[-91.148,48.155],[-91.141,48.153],[-91.139,48.151],[-91.154,48.143],[-91.162,48.141],[-91.163,48.138],[-91.166,48.136],[-91.173,48.133],[-91.177,48.127],[-91.182,48.127],[-91.18,48.13],[-91.184,48.133],[-91.191,48.131],[-91.196,48.127],[-91.198,48.123],[-91.206,48.123],[-91.207,48.121],[-91.203,48.119],[-91.208,48.114],[-91.211,48.116],[-91.215,48.115],[-91.217,48.112],[-91.213,48.109],[-91.217,48.107],[-91.216,48.104],[-91.222,48.104],[-91.228,48.101],[-91.232,48.1],[-91.235,48.098],[-91.241,48.097],[-91.239,48.095],[-91.251,48.092],[-91.253,48.089],[-91.252,48.086],[-91.257,48.084],[-91.266,48.082],[-91.271,48.083],[-91.268,48.085],[-91.27,48.087],[-91.267,48.088],[-91.265,48.086],[-91.262,48.085],[-91.259,48.086],[-91.262,48.089],[-91.268,48.089],[-91.278,48.087],[-91.28,48.084],[-91.279,48.081],[-91.286,48.081],[-91.288,48.078],[-91.287,48.075],[-91.295,48.075],[-91.299,48.074],[-91.307,48.073],[-91.312,48.073],[-91.312,48.078],[-91.316,48.078],[-91.319,48.075],[-91.326,48.073],[-91.329,48.07],[-91.334,48.07],[-91.335,48.073],[-91.332,48.075],[-91.33,48.079],[-91.327,48.082],[-91.324,48.084],[-91.324,48.086],[-91.319,48.087],[-91.315,48.09],[-91.312,48.09],[-91.31,48.093],[-91.305,48.09],[-91.301,48.093],[-91.298,48.094],[-91.296,48.098],[-91.292,48.1],[-91.287,48.1],[-91.283,48.102],[-91.281,48.104],[-91.278,48.1],[-91.272,48.101],[-91.273,48.104],[-91.277,48.107],[-91.283,48.105],[-91.283,48.109],[-91.291,48.108],[-91.299,48.105],[-91.314,48.102],[-91.319,48.099],[-91.312,48.099],[-91.31,48.097],[-91.311,48.092],[-91.316,48.09],[-91.321,48.089],[-91.328,48.091],[-91.332,48.092],[-91.335,48.089],[-91.341,48.088],[-91.341,48.086],[-91.336,48.085],[-91.334,48.082],[-91.34,48.08],[-91.336,48.075],[-91.339,48.075],[-91.342,48.078],[-91.35,48.074],[-91.35,48.072],[-91.358,48.07],[-91.364,48.07],[-91.364,48.072],[-91.357,48.074],[-91.358,48.075],[-91.369,48.072],[-91.381,48.066],[-91.384,48.066],[-91.385,48.063],[-91.392,48.062],[-91.393,48.066],[-91.399,48.062],[-91.411,48.059],[-91.417,48.055],[-91.422,48.051],[-91.425,48.051],[-91.43,48.049],[-91.433,48.051],[-91.433,48.054],[-91.426,48.058],[-91.428,48.06],[-91.424,48.062],[-91.424,48.065],[-91.427,48.067],[-91.431,48.067],[-91.437,48.065],[-91.439,48.063],[-91.445,48.063],[-91.443,48.066],[-91.442,48.068],[-91.448,48.071],[-91.454,48.07],[-91.454,48.073],[-91.457,48.076],[-91.455,48.083],[-91.452,48.083],[-91.451,48.085],[-91.46,48.089],[-91.463,48.088],[-91.461,48.084],[-91.464,48.083],[-91.468,48.084],[-91.469,48.086],[-91.466,48.088],[-91.469,48.091],[-91.472,48.091],[-91.473,48.088],[-91.479,48.087],[-91.481,48.089],[-91.487,48.088],[-91.493,48.084],[-91.494,48.081],[-91.501,48.073],[-91.499,48.069],[-91.502,48.067],[-91.511,48.066],[-91.514,48.069],[-91.513,48.071],[-91.51,48.073],[-91.503,48.075],[-91.503,48.079],[-91.499,48.083],[-91.501,48.087],[-91.501,48.09],[-91.503,48.091],[-91.506,48.088],[-91.512,48.087],[-91.513,48.085],[-91.519,48.079],[-91.519,48.084],[-91.522,48.084],[-91.526,48.089],[-91.53,48.087],[-91.535,48.088],[-91.542,48.087],[-91.548,48.084],[-91.541,48.082],[-91.548,48.077],[-91.547,48.075],[-91.548,48.071],[-91.551,48.069],[-91.548,48.067],[-91.552,48.064],[-91.56,48.062],[-91.567,48.061],[-91.564,48.068],[-91.565,48.07],[-91.562,48.073],[-91.561,48.077],[-91.556,48.079],[-91.557,48.083],[-91.561,48.084],[-91.564,48.086],[-91.561,48.089],[-91.564,48.09],[-91.561,48.092],[-91.557,48.093],[-91.554,48.095],[-91.549,48.097],[-91.548,48.098],[-91.536,48.104],[-91.542,48.105],[-91.539,48.107],[-91.536,48.105],[-91.533,48.107],[-91.525,48.107],[-91.523,48.109],[-91.524,48.112],[-91.521,48.113],[-91.518,48.112],[-91.512,48.112],[-91.511,48.118],[-91.512,48.119],[-91.509,48.123],[-91.507,48.124],[-91.504,48.121],[-91.499,48.121],[-91.497,48.125],[-91.493,48.13],[-91.491,48.133],[-91.484,48.133],[-91.48,48.135],[-91.467,48.138],[-91.47,48.141],[-91.471,48.145],[-91.473,48.148],[-91.469,48.15],[-91.465,48.153],[-91.461,48.153],[-91.461,48.156],[-91.465,48.157],[-91.47,48.156],[-91.473,48.162],[-91.479,48.165],[-91.482,48.164],[-91.488,48.166],[-91.489,48.163],[-91.495,48.161],[-91.501,48.161],[-91.507,48.163],[-91.515,48.155],[-91.51,48.156],[-91.509,48.152],[-91.504,48.154],[-91.502,48.157],[-91.497,48.158],[-91.488,48.163],[-91.49,48.158],[-91.495,48.153],[-91.494,48.151],[-91.497,48.145],[-91.498,48.142],[-91.505,48.143],[-91.511,48.141],[-91.514,48.142],[-91.523,48.139],[-91.52,48.143],[-91.527,48.145],[-91.528,48.143],[-91.531,48.142],[-91.54,48.141],[-91.539,48.139],[-91.544,48.135],[-91.548,48.139],[-91.552,48.137],[-91.553,48.135],[-91.557,48.134],[-91.553,48.131],[-91.549,48.133],[-91.541,48.133],[-91.544,48.128],[-91.551,48.126],[-91.553,48.124],[-91.562,48.121],[-91.565,48.117],[-91.574,48.114],[-91.577,48.114],[-91.578,48.111],[-91.577,48.11],[-91.582,48.109],[-91.587,48.108],[-91.591,48.104],[-91.601,48.107],[-91.602,48.111],[-91.595,48.113],[-91.591,48.112],[-91.586,48.115],[-91.582,48.121],[-91.578,48.123],[-91.573,48.128],[-91.57,48.133],[-91.567,48.133],[-91.566,48.138],[-91.569,48.138],[-91.57,48.135],[-91.577,48.132],[-91.582,48.131],[-91.584,48.129],[-91.591,48.127],[-91.588,48.123],[-91.593,48.12],[-91.597,48.122],[-91.608,48.115],[-91.611,48.117],[-91.615,48.116],[-91.616,48.114],[-91.621,48.111],[-91.623,48.107],[-91.628,48.102],[-91.631,48.102],[-91.635,48.1],[-91.64,48.101],[-91.635,48.103],[-91.631,48.103],[-91.632,48.106],[-91.631,48.111],[-91.634,48.11],[-91.641,48.106],[-91.648,48.11],[-91.652,48.11],[-91.65,48.114],[-91.661,48.113],[-91.663,48.109],[-91.669,48.11],[-91.677,48.108],[-91.679,48.108],[-91.686,48.114],[-91.682,48.116],[-91.682,48.119],[-91.675,48.121],[-91.68,48.123],[-91.695,48.12],[-91.692,48.117],[-91.705,48.115],[-91.71,48.115],[-91.711,48.117],[-91.707,48.122],[-91.7,48.125],[-91.701,48.129],[-91.698,48.131],[-91.699,48.135],[-91.698,48.14],[-91.695,48.146],[-91.695,48.148],[-91.692,48.149],[-91.691,48.156],[-91.688,48.158],[-91.696,48.157],[-91.697,48.153],[-91.699,48.152],[-91.696,48.149],[-91.698,48.146],[-91.703,48.145],[-91.704,48.149],[-91.707,48.152],[-91.704,48.156],[-91.705,48.163],[-91.702,48.163],[-91.699,48.169],[-91.697,48.171],[-91.697,48.175],[-91.701,48.181],[-91.704,48.18],[-91.71,48.181],[-91.708,48.176],[-91.709,48.174],[-91.713,48.174],[-91.713,48.176],[-91.72,48.176],[-91.72,48.18],[-91.716,48.18],[-91.715,48.183],[-91.712,48.185],[-91.712,48.189],[-91.709,48.191],[-91.709,48.194],[-91.703,48.195],[-91.709,48.197],[-91.706,48.199],[-91.703,48.205],[-91.701,48.207],[-91.704,48.209],[-91.707,48.211],[-91.707,48.207],[-91.71,48.203],[-91.715,48.203],[-91.717,48.201],[-91.721,48.203],[-91.723,48.206],[-91.727,48.206],[-91.732,48.203],[-91.735,48.204],[-91.742,48.205],[-91.744,48.2],[-91.751,48.201],[-91.749,48.207],[-91.757,48.209],[-91.757,48.213],[-91.758,48.22],[-91.755,48.223],[-91.756,48.225],[-91.763,48.226],[-91.765,48.221],[-91.768,48.221],[-91.773,48.221],[-91.779,48.222],[-91.785,48.225],[-91.79,48.222],[-91.795,48.222],[-91.795,48.219],[-91.791,48.22],[-91.785,48.222],[-91.782,48.222],[-91.777,48.219],[-91.777,48.218],[-91.768,48.215],[-91.77,48.213],[-91.766,48.211],[-91.763,48.207],[-91.77,48.207],[-91.777,48.208],[-91.783,48.207],[-91.777,48.205],[-91.775,48.205],[-91.769,48.204],[-91.768,48.202],[-91.774,48.201],[-91.782,48.203],[-91.783,48.205],[-91.789,48.208],[-91.79,48.204],[-91.793,48.204],[-91.79,48.208],[-91.792,48.211],[-91.794,48.213],[-91.796,48.217],[-91.804,48.217],[-91.803,48.22],[-91.804,48.223],[-91.804,48.228],[-91.801,48.231],[-91.803,48.234],[-91.806,48.232],[-91.811,48.23],[-91.817,48.227],[-91.807,48.225],[-91.807,48.223],[-91.813,48.221],[-91.815,48.219],[-91.823,48.216],[-91.828,48.217],[-91.829,48.216],[-91.838,48.213],[-91.847,48.212],[-91.86,48.213],[-91.862,48.219],[-91.865,48.22],[-91.864,48.224],[-91.864,48.227],[-91.861,48.227],[-91.854,48.223],[-91.85,48.222],[-91.852,48.226],[-91.851,48.228],[-91.857,48.23],[-91.861,48.23],[-91.869,48.234],[-91.868,48.236],[-91.873,48.238],[-91.868,48.246],[-91.871,48.247],[-91.875,48.246],[-91.875,48.244],[-91.881,48.24],[-91.888,48.238],[-91.89,48.242],[-91.886,48.248],[-91.89,48.249],[-91.89,48.244],[-91.895,48.244],[-91.898,48.246],[-91.9,48.239],[-91.905,48.238],[-91.908,48.239],[-91.916,48.239],[-91.919,48.24],[-91.925,48.24],[-91.924,48.238],[-91.928,48.237],[-91.932,48.239],[-91.931,48.242],[-91.935,48.244],[-91.937,48.242],[-91.944,48.24],[-91.952,48.241],[-91.95,48.244],[-91.945,48.245],[-91.947,48.247],[-91.952,48.249],[-91.953,48.253],[-91.964,48.256],[-91.967,48.256],[-91.97,48.254],[-91.973,48.251],[-91.979,48.251],[-91.979,48.254],[-91.976,48.258],[-91.976,48.264],[-91.978,48.268],[-91.976,48.269],[-91.983,48.27],[-91.985,48.268],[-91.985,48.265],[-91.988,48.261],[-91.992,48.262],[-91.993,48.269],[-91.995,48.27],[-92.003,48.271],[-92.001,48.276],[-91.999,48.278],[-92.004,48.28],[-92.005,48.284],[-92.007,48.285],[-92.005,48.288],[-92.01,48.288],[-92.009,48.291],[-92.01,48.294],[-92.008,48.297],[-91.998,48.297],[-91.997,48.296],[-91.989,48.301],[-91.982,48.298],[-91.987,48.297],[-91.986,48.294],[-91.993,48.294],[-91.993,48.291],[-91.983,48.293],[-91.979,48.294],[-91.974,48.295],[-91.969,48.295],[-91.966,48.299],[-91.96,48.301],[-91.955,48.304],[-91.954,48.302],[-91.949,48.305],[-91.954,48.306],[-91.965,48.301],[-91.967,48.303],[-91.97,48.305],[-91.968,48.308],[-91.975,48.309],[-91.978,48.314],[-91.974,48.314],[-91.971,48.315],[-91.967,48.314],[-91.964,48.316],[-91.968,48.317],[-91.971,48.316],[-91.977,48.317],[-91.983,48.317],[-91.984,48.319],[-91.986,48.32],[-91.987,48.325],[-91.983,48.326],[-91.979,48.325],[-91.981,48.322],[-91.974,48.32],[-91.974,48.322],[-91.976,48.323],[-91.976,48.325],[-91.981,48.327],[-91.979,48.329],[-91.981,48.331],[-91.988,48.325],[-91.992,48.326],[-91.994,48.325],[-92,48.325],[-92.002,48.327],[-92.015,48.33],[-92.018,48.329],[-92.021,48.331],[-92.019,48.333],[-92.013,48.337],[-92.015,48.34],[-92.01,48.344],[-92.021,48.346],[-92.016,48.347],[-92.016,48.35],[-92.003,48.349],[-91.976,48.351],[-91.965,48.352],[-91.947,48.354],[-91.937,48.356],[-91.941,48.358],[-91.952,48.359],[-91.956,48.358],[-91.957,48.356],[-91.965,48.355],[-91.973,48.352],[-91.979,48.351],[-91.993,48.351],[-91.999,48.353],[-92.004,48.351],[-92.018,48.352],[-92.027,48.355],[-92.025,48.357],[-92.02,48.357],[-92.019,48.36],[-92.012,48.362],[-92.008,48.361],[-92.006,48.363],[-92.001,48.363],[-91.997,48.366],[-91.983,48.367],[-91.978,48.364],[-91.968,48.365],[-91.956,48.365],[-91.955,48.367],[-91.95,48.366],[-91.945,48.369],[-91.945,48.374],[-91.952,48.373],[-91.954,48.375],[-91.954,48.377],[-91.95,48.379],[-91.955,48.381],[-91.959,48.381],[-91.964,48.38],[-91.968,48.38],[-91.976,48.378],[-91.98,48.375],[-91.979,48.372],[-91.988,48.371],[-92.001,48.372],[-92.007,48.374],[-92.011,48.374],[-92.011,48.38],[-92.007,48.386],[-92.01,48.391],[-92.011,48.39],[-92.013,48.386],[-92.012,48.384],[-92.015,48.382],[-92.02,48.38],[-92.02,48.376],[-92.016,48.372],[-92.022,48.37],[-92.028,48.37],[-92.04,48.368],[-92.043,48.371],[-92.046,48.366],[-92.051,48.364],[-92.058,48.364],[-92.055,48.369],[-92.063,48.37],[-92.067,48.369],[-92.072,48.374],[-92.076,48.374],[-92.078,48.376],[-92.072,48.377],[-92.067,48.376],[-92.061,48.377],[-92.058,48.38],[-92.058,48.382],[-92.064,48.384],[-92.07,48.385],[-92.073,48.386],[-92.079,48.384],[-92.085,48.384],[-92.086,48.381],[-92.089,48.381],[-92.091,48.383],[-92.097,48.382],[-92.101,48.381],[-92.106,48.381],[-92.113,48.378],[-92.114,48.375],[-92.118,48.373],[-92.122,48.375],[-92.126,48.374],[-92.129,48.372],[-92.132,48.373],[-92.135,48.369],[-92.137,48.372],[-92.151,48.37],[-92.157,48.371],[-92.161,48.373],[-92.166,48.372],[-92.167,48.369],[-92.178,48.368],[-92.181,48.369],[-92.186,48.365],[-92.188,48.36],[-92.191,48.36],[-92.194,48.358],[-92.2,48.358],[-92.204,48.356],[-92.208,48.356],[-92.222,48.355],[-92.226,48.358],[-92.23,48.359],[-92.233,48.355],[-92.235,48.361],[-92.232,48.364],[-92.236,48.365],[-92.24,48.364],[-92.246,48.364],[-92.246,48.361],[-92.243,48.359],[-92.247,48.358],[-92.25,48.358],[-92.253,48.357],[-92.257,48.36],[-92.26,48.359],[-92.268,48.361],[-92.274,48.361],[-92.28,48.357],[-92.286,48.359],[-92.289,48.358],[-92.287,48.352],[-92.291,48.346],[-92.297,48.343],[-92.299,48.337],[-92.295,48.334],[-92.298,48.325],[-92.3,48.328],[-92.304,48.331],[-92.302,48.334],[-92.308,48.337],[-92.311,48.334],[-92.315,48.336],[-92.323,48.337],[-92.326,48.339],[-92.328,48.343],[-92.335,48.342],[-92.335,48.34],[-92.341,48.341],[-92.343,48.34],[-92.348,48.34],[-92.346,48.343],[-92.352,48.343],[-92.355,48.348],[-92.359,48.347],[-92.361,48.343],[-92.359,48.341],[-92.362,48.337],[-92.362,48.335],[-92.356,48.334],[-92.356,48.331],[-92.349,48.332],[-92.344,48.332],[-92.34,48.335],[-92.336,48.339],[-92.332,48.336],[-92.33,48.332],[-92.329,48.329],[-92.327,48.329],[-92.325,48.318],[-92.328,48.315],[-92.329,48.308],[-92.324,48.306],[-92.321,48.309],[-92.316,48.311],[-92.313,48.311],[-92.312,48.307],[-92.308,48.306],[-92.31,48.3],[-92.306,48.295],[-92.305,48.287],[-92.308,48.284],[-92.304,48.281],[-92.299,48.281],[-92.294,48.277],[-92.295,48.274],[-92.298,48.272],[-92.294,48.268],[-92.291,48.263],[-92.289,48.261],[-92.282,48.259],[-92.277,48.257],[-92.278,48.252],[-92.28,48.251],[-92.281,48.255],[-92.286,48.254],[-92.284,48.248],[-92.289,48.247],[-92.292,48.244],[-92.299,48.243],[-92.304,48.244],[-92.307,48.242],[-92.316,48.242],[-92.317,48.24],[-92.332,48.234],[-92.336,48.236],[-92.344,48.232],[-92.354,48.23],[-92.355,48.229],[-92.36,48.226],[-92.362,48.223],[-92.368,48.224],[-92.371,48.224],[-92.375,48.227],[-92.378,48.23],[-92.378,48.236],[-92.383,48.24],[-92.383,48.248],[-92.386,48.253],[-92.391,48.257],[-92.395,48.266],[-92.399,48.271],[-92.401,48.276],[-92.401,48.282],[-92.399,48.283],[-92.398,48.291],[-92.401,48.292],[-92.403,48.289],[-92.401,48.283],[-92.404,48.283],[-92.404,48.288],[-92.407,48.287],[-92.41,48.29],[-92.412,48.298],[-92.412,48.301],[-92.418,48.305],[-92.421,48.309],[-92.418,48.311],[-92.417,48.315],[-92.426,48.312],[-92.429,48.312],[-92.424,48.306],[-92.433,48.306],[-92.438,48.311],[-92.441,48.316],[-92.441,48.318],[-92.443,48.322],[-92.451,48.328],[-92.452,48.33],[-92.442,48.335],[-92.445,48.338],[-92.44,48.34],[-92.438,48.34],[-92.434,48.349],[-92.44,48.351],[-92.441,48.349],[-92.446,48.347],[-92.45,48.347],[-92.456,48.344],[-92.455,48.35],[-92.456,48.351],[-92.462,48.351],[-92.467,48.349],[-92.469,48.357],[-92.463,48.358],[-92.463,48.36],[-92.456,48.362],[-92.455,48.36],[-92.45,48.361],[-92.446,48.364],[-92.442,48.366],[-92.439,48.366],[-92.442,48.359],[-92.444,48.359],[-92.448,48.356],[-92.44,48.352],[-92.437,48.357],[-92.436,48.363],[-92.431,48.368],[-92.428,48.372],[-92.425,48.372],[-92.425,48.375],[-92.426,48.378],[-92.433,48.38],[-92.433,48.376],[-92.436,48.373],[-92.441,48.37],[-92.444,48.369],[-92.449,48.373],[-92.454,48.372],[-92.459,48.37],[-92.462,48.37],[-92.463,48.365],[-92.465,48.363],[-92.472,48.365],[-92.472,48.369],[-92.467,48.371],[-92.464,48.374],[-92.463,48.378],[-92.46,48.382],[-92.463,48.385],[-92.461,48.386],[-92.458,48.383],[-92.451,48.384],[-92.449,48.386],[-92.45,48.39],[-92.448,48.393],[-92.45,48.395],[-92.447,48.398],[-92.447,48.399],[-92.442,48.402],[-92.448,48.405],[-92.439,48.404],[-92.439,48.403],[-92.434,48.401],[-92.43,48.401],[-92.429,48.403],[-92.434,48.404],[-92.427,48.406],[-92.423,48.406],[-92.418,48.409],[-92.414,48.409],[-92.41,48.408],[-92.409,48.41],[-92.422,48.411],[-92.424,48.412],[-92.43,48.411],[-92.434,48.412],[-92.439,48.412],[-92.441,48.415],[-92.446,48.416],[-92.456,48.416],[-92.457,48.42],[-92.461,48.422],[-92.467,48.421],[-92.472,48.422],[-92.476,48.424],[-92.48,48.425],[-92.482,48.429],[-92.49,48.432],[-92.492,48.434],[-92.493,48.438],[-92.488,48.439],[-92.483,48.437],[-92.476,48.439],[-92.472,48.439],[-92.463,48.441],[-92.459,48.444],[-92.454,48.442],[-92.449,48.442],[-92.447,48.444],[-92.447,48.447],[-92.455,48.45],[-92.46,48.45],[-92.458,48.455],[-92.454,48.455],[-92.454,48.459],[-92.458,48.461],[-92.462,48.461],[-92.461,48.464],[-92.464,48.467],[-92.472,48.468],[-92.471,48.466],[-92.484,48.468],[-92.486,48.467],[-92.498,48.465],[-92.506,48.464],[-92.51,48.464],[-92.522,48.463],[-92.525,48.465],[-92.533,48.464],[-92.534,48.463],[-92.539,48.465],[-92.532,48.468],[-92.539,48.469],[-92.542,48.467],[-92.547,48.466],[-92.551,48.467],[-92.554,48.471],[-92.557,48.473],[-92.561,48.471],[-92.562,48.468],[-92.56,48.466],[-92.565,48.465],[-92.57,48.466],[-92.575,48.468],[-92.583,48.468],[-92.59,48.467],[-92.596,48.463],[-92.596,48.46],[-92.606,48.46],[-92.604,48.462],[-92.609,48.465],[-92.608,48.467],[-92.614,48.47],[-92.619,48.471],[-92.622,48.468],[-92.627,48.466],[-92.628,48.463],[-92.632,48.465],[-92.635,48.464],[-92.644,48.464],[-92.645,48.46],[-92.652,48.462],[-92.656,48.46],[-92.655,48.457],[-92.655,48.452],[-92.659,48.455],[-92.658,48.459],[-92.659,48.461],[-92.658,48.464],[-92.659,48.466],[-92.662,48.468],[-92.661,48.471],[-92.666,48.47],[-92.669,48.468],[-92.669,48.463],[-92.678,48.464],[-92.679,48.467],[-92.684,48.467],[-92.694,48.472],[-92.695,48.477],[-92.688,48.475],[-92.685,48.473],[-92.68,48.471],[-92.678,48.473],[-92.67,48.473],[-92.671,48.476],[-92.677,48.478],[-92.679,48.476],[-92.688,48.478],[-92.697,48.482],[-92.698,48.485],[-92.695,48.485],[-92.694,48.488],[-92.697,48.49],[-92.697,48.493],[-92.689,48.493],[-92.688,48.491],[-92.683,48.491],[-92.68,48.492],[-92.675,48.492],[-92.671,48.493],[-92.67,48.495],[-92.663,48.493],[-92.662,48.491],[-92.653,48.494],[-92.65,48.493],[-92.642,48.495],[-92.647,48.499],[-92.64,48.5],[-92.633,48.496],[-92.639,48.495],[-92.64,48.491],[-92.638,48.489],[-92.645,48.488],[-92.642,48.487],[-92.638,48.487],[-92.636,48.491],[-92.63,48.492],[-92.632,48.494],[-92.63,48.496],[-92.624,48.495],[-92.618,48.495],[-92.619,48.492],[-92.614,48.493],[-92.602,48.485],[-92.603,48.49],[-92.596,48.492],[-92.591,48.49],[-92.589,48.493],[-92.587,48.492],[-92.592,48.488],[-92.588,48.486],[-92.582,48.487],[-92.578,48.488],[-92.574,48.489],[-92.569,48.488],[-92.568,48.49],[-92.559,48.49],[-92.556,48.492],[-92.549,48.494],[-92.551,48.496],[-92.547,48.501],[-92.551,48.502],[-92.557,48.501],[-92.556,48.505],[-92.553,48.505],[-92.551,48.51],[-92.556,48.508],[-92.558,48.503],[-92.564,48.502],[-92.572,48.502],[-92.573,48.501],[-92.581,48.498],[-92.587,48.497],[-92.591,48.498],[-92.598,48.495],[-92.605,48.496],[-92.603,48.5],[-92.605,48.501],[-92.604,48.505],[-92.604,48.508],[-92.602,48.51],[-92.596,48.512],[-92.598,48.516],[-92.596,48.519],[-92.592,48.522],[-92.594,48.525],[-92.598,48.527],[-92.598,48.531],[-92.597,48.535],[-92.588,48.536],[-92.584,48.539],[-92.579,48.538],[-92.572,48.541],[-92.563,48.54],[-92.56,48.541],[-92.56,48.544],[-92.552,48.55],[-92.555,48.555],[-92.56,48.555],[-92.562,48.557],[-92.566,48.557],[-92.57,48.556],[-92.57,48.55],[-92.577,48.548],[-92.582,48.548],[-92.585,48.55],[-92.589,48.549],[-92.592,48.548],[-92.597,48.547],[-92.599,48.549],[-92.597,48.554],[-92.591,48.556],[-92.599,48.558],[-92.604,48.563],[-92.604,48.567],[-92.608,48.566],[-92.609,48.568],[-92.614,48.57],[-92.619,48.568],[-92.62,48.565],[-92.628,48.566],[-92.632,48.562],[-92.639,48.561],[-92.647,48.559],[-92.653,48.558],[-92.653,48.562],[-92.655,48.566],[-92.661,48.567],[-92.668,48.571],[-92.666,48.575],[-92.662,48.576],[-92.663,48.578],[-92.667,48.576],[-92.67,48.572],[-92.674,48.574],[-92.672,48.578],[-92.673,48.579],[-92.672,48.582],[-92.668,48.582],[-92.667,48.589],[-92.662,48.591],[-92.659,48.595],[-92.657,48.6],[-92.657,48.601],[-92.653,48.603],[-92.651,48.607],[-92.653,48.608],[-92.657,48.604],[-92.662,48.605],[-92.659,48.607],[-92.656,48.613],[-92.658,48.614],[-92.663,48.608],[-92.668,48.608],[-92.672,48.605],[-92.67,48.603],[-92.669,48.595],[-92.674,48.594],[-92.674,48.592],[-92.677,48.587],[-92.681,48.585],[-92.683,48.581],[-92.679,48.58],[-92.678,48.577],[-92.683,48.577],[-92.688,48.576],[-92.691,48.573],[-92.694,48.575],[-92.695,48.578],[-92.7,48.576],[-92.704,48.577],[-92.71,48.575],[-92.709,48.572],[-92.7,48.574],[-92.701,48.571],[-92.707,48.571],[-92.713,48.569],[-92.719,48.569],[-92.72,48.572],[-92.727,48.57],[-92.733,48.566],[-92.736,48.566],[-92.736,48.569],[-92.74,48.568],[-92.743,48.57],[-92.739,48.572],[-92.732,48.573],[-92.728,48.574],[-92.724,48.577],[-92.72,48.576],[-92.718,48.579],[-92.712,48.582],[-92.717,48.585],[-92.714,48.586],[-92.712,48.589],[-92.706,48.588],[-92.698,48.589],[-92.705,48.595],[-92.708,48.593],[-92.717,48.591],[-92.72,48.592],[-92.724,48.595],[-92.729,48.593],[-92.731,48.591],[-92.735,48.591],[-92.736,48.593],[-92.732,48.596],[-92.737,48.596],[-92.747,48.595],[-92.756,48.595],[-92.752,48.598],[-92.749,48.603],[-92.741,48.603],[-92.744,48.606],[-92.749,48.604],[-92.757,48.606],[-92.765,48.604],[-92.773,48.604],[-92.778,48.6],[-92.782,48.6],[-92.789,48.601],[-92.792,48.607],[-92.788,48.608],[-92.78,48.609],[-92.784,48.611],[-92.794,48.608],[-92.801,48.608],[-92.805,48.609],[-92.811,48.608],[-92.831,48.608],[-92.831,48.604],[-92.84,48.603],[-92.845,48.605],[-92.848,48.604],[-92.86,48.604],[-92.863,48.602],[-92.874,48.604],[-92.877,48.607],[-92.89,48.605],[-92.893,48.606],[-92.895,48.608],[-92.888,48.613],[-92.883,48.614],[-92.889,48.616],[-92.895,48.614],[-92.905,48.614],[-92.911,48.615],[-92.911,48.618],[-92.902,48.62],[-92.898,48.622],[-92.894,48.622],[-92.888,48.624],[-92.879,48.624],[-92.875,48.627],[-92.869,48.626],[-92.869,48.624],[-92.871,48.622],[-92.871,48.62],[-92.866,48.618],[-92.859,48.623],[-92.863,48.625],[-92.864,48.627],[-92.857,48.629],[-92.85,48.631],[-92.859,48.632],[-92.861,48.634],[-92.867,48.635],[-92.864,48.638],[-92.869,48.639],[-92.866,48.643],[-92.871,48.642],[-92.874,48.645],[-92.879,48.646],[-92.88,48.644],[-92.878,48.642],[-92.886,48.64],[-92.888,48.64],[-92.898,48.639],[-92.901,48.643],[-92.899,48.645],[-92.894,48.645],[-92.886,48.648],[-92.88,48.648],[-92.869,48.651],[-92.868,48.654],[-92.865,48.655],[-92.854,48.656],[-92.847,48.66],[-92.841,48.657],[-92.836,48.659],[-92.834,48.663],[-92.825,48.664],[-92.823,48.665],[-92.816,48.668],[-92.812,48.665],[-92.81,48.669],[-92.806,48.668],[-92.801,48.668],[-92.802,48.67],[-92.798,48.672],[-92.795,48.671],[-92.791,48.672],[-92.791,48.675],[-92.785,48.676],[-92.784,48.675],[-92.786,48.67],[-92.79,48.666],[-92.79,48.665],[-92.794,48.663],[-92.788,48.66],[-92.782,48.661],[-92.783,48.667],[-92.785,48.67],[-92.783,48.672],[-92.778,48.673],[-92.774,48.674],[-92.774,48.677],[-92.782,48.674],[-92.783,48.679],[-92.782,48.682],[-92.784,48.683],[-92.796,48.679],[-92.811,48.677],[-92.816,48.677],[-92.818,48.676],[-92.825,48.675],[-92.829,48.673],[-92.836,48.673],[-92.841,48.67],[-92.849,48.669],[-92.85,48.668],[-92.861,48.667],[-92.868,48.665],[-92.872,48.667],[-92.877,48.666],[-92.881,48.665],[-92.888,48.667],[-92.895,48.667],[-92.905,48.665],[-92.904,48.668],[-92.91,48.67],[-92.913,48.666],[-92.924,48.662],[-92.928,48.663],[-92.931,48.665],[-92.935,48.662],[-92.944,48.66],[-92.948,48.662],[-92.962,48.666],[-92.961,48.668],[-92.966,48.668],[-92.97,48.662],[-92.98,48.66],[-92.981,48.663],[-92.987,48.663],[-92.99,48.66],[-92.987,48.657],[-92.992,48.654],[-92.995,48.655],[-93,48.652],[-93.009,48.652],[-93.002,48.658],[-93.004,48.66],[-93.008,48.658],[-93.011,48.66],[-93.02,48.655],[-93.019,48.658],[-93.01,48.662],[-93.003,48.664],[-93,48.663],[-92.997,48.665],[-92.992,48.665],[-92.989,48.668],[-92.982,48.668],[-92.976,48.671],[-92.977,48.673],[-92.975,48.675],[-92.971,48.674],[-92.966,48.677],[-92.952,48.68],[-92.943,48.683],[-92.933,48.683],[-92.928,48.684],[-92.925,48.687],[-92.919,48.689],[-92.917,48.697],[-92.923,48.698],[-92.917,48.701],[-92.922,48.703],[-92.933,48.704],[-92.934,48.702],[-92.935,48.697],[-92.94,48.698],[-92.94,48.702],[-92.943,48.702],[-92.943,48.706],[-92.946,48.709],[-92.958,48.702],[-92.958,48.701],[-92.965,48.697],[-92.966,48.694],[-92.973,48.691],[-92.974,48.694],[-92.971,48.696],[-92.972,48.698],[-92.981,48.693],[-92.994,48.692],[-92.998,48.69],[-93.006,48.686],[-93.017,48.683],[-93.02,48.684],[-93.032,48.681],[-93.028,48.685],[-93.031,48.687],[-93.038,48.682],[-93.036,48.679],[-93.04,48.678],[-93.041,48.676],[-93.038,48.674],[-93.039,48.673],[-93.043,48.673],[-93.047,48.671],[-93.046,48.679],[-93.048,48.68],[-93.051,48.678],[-93.05,48.671],[-93.054,48.669],[-93.058,48.67],[-93.061,48.675],[-93.063,48.673],[-93.064,48.669],[-93.068,48.668],[-93.07,48.666],[-93.075,48.669],[-93.078,48.668],[-93.082,48.671],[-93.086,48.669],[-93.086,48.665],[-93.088,48.664],[-93.094,48.664],[-93.097,48.663],[-93.097,48.661],[-93.102,48.661],[-93.102,48.659],[-93.114,48.657],[-93.115,48.659],[-93.111,48.662],[-93.109,48.668],[-93.115,48.662],[-93.12,48.662],[-93.119,48.66],[-93.12,48.656],[-93.129,48.657],[-93.134,48.66],[-93.13,48.664],[-93.13,48.672],[-93.136,48.666],[-93.139,48.672],[-93.141,48.672],[-93.143,48.669],[-93.149,48.67],[-93.157,48.67],[-93.156,48.672],[-93.152,48.673],[-93.161,48.676],[-93.165,48.68],[-93.181,48.679],[-93.183,48.683],[-93.178,48.683],[-93.176,48.681],[-93.168,48.681],[-93.167,48.683],[-93.162,48.683],[-93.147,48.684],[-93.146,48.681],[-93.143,48.681],[-93.133,48.682],[-93.119,48.684],[-93.113,48.686],[-93.11,48.686],[-93.104,48.688],[-93.095,48.688],[-93.094,48.69],[-93.084,48.693],[-93.078,48.692],[-93.078,48.696],[-93.068,48.701],[-93.058,48.706],[-93.054,48.707],[-93.058,48.709],[-93.052,48.713],[-93.047,48.711],[-93.043,48.712],[-93.046,48.715],[-93.055,48.712],[-93.064,48.71],[-93.064,48.709],[-93.068,48.707],[-93.073,48.708],[-93.075,48.705],[-93.079,48.703],[-93.08,48.7],[-93.086,48.697],[-93.098,48.692],[-93.101,48.694],[-93.106,48.693],[-93.108,48.691],[-93.112,48.689],[-93.121,48.686],[-93.143,48.683],[-93.145,48.686],[-93.159,48.685],[-93.164,48.688],[-93.171,48.689],[-93.179,48.687],[-93.182,48.688],[-93.187,48.687],[-93.189,48.689],[-93.184,48.689],[-93.179,48.691],[-93.177,48.696],[-93.177,48.699],[-93.173,48.702],[-93.163,48.703],[-93.157,48.702],[-93.155,48.706],[-93.15,48.705],[-93.143,48.706],[-93.139,48.708],[-93.132,48.709],[-93.13,48.709],[-93.125,48.71],[-93.12,48.711],[-93.113,48.714],[-93.105,48.716],[-93.107,48.717],[-93.112,48.716],[-93.12,48.714],[-93.125,48.714],[-93.127,48.713],[-93.137,48.711],[-93.14,48.71],[-93.149,48.71],[-93.147,48.713],[-93.15,48.714],[-93.155,48.713],[-93.155,48.715],[-93.147,48.722],[-93.145,48.725],[-93.143,48.729],[-93.137,48.732],[-93.135,48.725],[-93.135,48.723],[-93.126,48.727],[-93.122,48.723],[-93.114,48.722],[-93.115,48.726],[-93.11,48.727],[-93.105,48.731],[-93.101,48.731],[-93.097,48.73],[-93.095,48.734],[-93.103,48.734],[-93.104,48.737],[-93.107,48.739],[-93.102,48.741],[-93.105,48.749],[-93.111,48.751],[-93.116,48.75],[-93.12,48.748],[-93.116,48.746],[-93.114,48.748],[-93.11,48.749],[-93.11,48.747],[-93.116,48.745],[-93.121,48.741],[-93.126,48.74],[-93.135,48.733],[-93.141,48.733],[-93.144,48.73],[-93.145,48.727],[-93.149,48.725],[-93.152,48.726],[-93.158,48.723],[-93.164,48.722],[-93.166,48.72],[-93.165,48.714],[-93.163,48.711],[-93.162,48.706],[-93.167,48.705],[-93.176,48.704],[-93.178,48.708],[-93.174,48.71],[-93.173,48.714],[-93.169,48.718],[-93.173,48.719],[-93.173,48.722],[-93.18,48.721],[-93.181,48.718],[-93.186,48.718],[-93.19,48.715],[-93.19,48.712],[-93.192,48.711],[-93.192,48.704],[-93.198,48.705],[-93.198,48.703],[-93.193,48.703],[-93.191,48.702],[-93.198,48.698],[-93.195,48.695],[-93.2,48.692],[-93.196,48.688],[-93.192,48.688],[-93.192,48.685],[-93.196,48.682],[-93.203,48.681],[-93.218,48.682],[-93.222,48.684],[-93.221,48.685],[-93.227,48.686],[-93.233,48.689],[-93.243,48.687],[-93.239,48.684],[-93.246,48.683],[-93.245,48.68],[-93.24,48.68],[-93.236,48.68],[-93.232,48.681],[-93.23,48.683],[-93.225,48.683],[-93.215,48.68],[-93.212,48.678],[-93.207,48.679],[-93.2,48.676],[-93.201,48.672],[-93.207,48.673],[-93.204,48.669],[-93.211,48.669],[-93.21,48.672],[-93.214,48.672],[-93.217,48.671],[-93.226,48.669],[-93.229,48.672],[-93.238,48.673],[-93.242,48.671],[-93.249,48.671],[-93.254,48.67],[-93.259,48.671],[-93.264,48.669],[-93.27,48.671],[-93.275,48.67],[-93.28,48.669],[-93.283,48.671],[-93.289,48.67],[-93.287,48.673],[-93.284,48.674],[-93.272,48.676],[-93.276,48.679],[-93.27,48.682],[-93.267,48.682],[-93.262,48.685],[-93.261,48.69],[-93.254,48.69],[-93.246,48.688],[-93.234,48.69],[-93.235,48.692],[-93.24,48.692],[-93.252,48.694],[-93.256,48.693],[-93.262,48.693],[-93.265,48.695],[-93.278,48.692],[-93.283,48.694],[-93.279,48.696],[-93.276,48.703],[-93.268,48.7],[-93.255,48.699],[-93.249,48.7],[-93.235,48.696],[-93.231,48.698],[-93.224,48.699],[-93.224,48.703],[-93.219,48.701],[-93.216,48.703],[-93.217,48.705],[-93.215,48.709],[-93.211,48.714],[-93.209,48.716],[-93.21,48.718],[-93.205,48.721],[-93.203,48.723],[-93.197,48.721],[-93.195,48.724],[-93.19,48.727],[-93.177,48.732],[-93.175,48.735],[-93.161,48.734],[-93.157,48.735],[-93.154,48.74],[-93.151,48.739],[-93.145,48.741],[-93.139,48.746],[-93.136,48.749],[-93.145,48.748],[-93.148,48.745],[-93.151,48.746],[-93.157,48.743],[-93.159,48.741],[-93.165,48.739],[-93.17,48.74],[-93.174,48.739],[-93.183,48.741],[-93.19,48.741],[-93.193,48.743],[-93.198,48.742],[-93.204,48.743],[-93.202,48.745],[-93.209,48.75],[-93.213,48.751],[-93.217,48.751],[-93.218,48.749],[-93.222,48.748],[-93.222,48.746],[-93.228,48.747],[-93.232,48.75],[-93.221,48.753],[-93.215,48.753],[-93.216,48.756],[-93.211,48.757],[-93.207,48.759],[-93.202,48.755],[-93.196,48.757],[-93.194,48.759],[-93.195,48.761],[-93.2,48.763],[-93.191,48.767],[-93.187,48.771],[-93.178,48.771],[-93.18,48.776],[-93.188,48.776],[-93.187,48.78],[-93.182,48.779],[-93.179,48.782],[-93.176,48.781],[-93.167,48.783],[-93.163,48.784],[-93.153,48.784],[-93.148,48.785],[-93.143,48.785],[-93.141,48.783],[-93.131,48.783],[-93.128,48.785],[-93.12,48.786],[-93.114,48.785],[-93.107,48.783],[-93.103,48.786],[-93.11,48.786],[-93.111,48.789],[-93.116,48.789],[-93.117,48.791],[-93.123,48.788],[-93.128,48.791],[-93.132,48.79],[-93.134,48.789],[-93.139,48.788],[-93.15,48.786],[-93.161,48.787],[-93.166,48.786],[-93.169,48.788],[-93.175,48.788],[-93.187,48.788],[-93.184,48.796],[-93.186,48.799],[-93.184,48.801],[-93.184,48.804],[-93.186,48.807],[-93.189,48.808],[-93.195,48.806],[-93.197,48.809],[-93.2,48.809],[-93.206,48.804],[-93.209,48.805],[-93.219,48.8],[-93.222,48.801],[-93.221,48.805],[-93.222,48.808],[-93.227,48.804],[-93.23,48.804],[-93.234,48.81],[-93.238,48.811],[-93.233,48.805],[-93.237,48.803],[-93.242,48.803],[-93.245,48.802],[-93.248,48.806],[-93.252,48.807],[-93.259,48.81],[-93.265,48.811],[-93.272,48.813],[-93.274,48.816],[-93.271,48.816],[-93.271,48.819],[-93.276,48.818],[-93.279,48.821],[-93.274,48.829],[-93.282,48.835],[-93.279,48.838],[-93.29,48.836],[-93.294,48.84],[-93.298,48.838],[-93.3,48.836],[-93.309,48.838],[-93.308,48.842],[-93.301,48.844],[-93.297,48.843],[-93.292,48.848],[-93.287,48.846],[-93.281,48.849],[-93.277,48.85],[-93.278,48.854],[-93.286,48.852],[-93.289,48.852],[-93.29,48.858],[-93.293,48.856],[-93.297,48.857],[-93.301,48.853],[-93.303,48.854],[-93.303,48.857],[-93.299,48.86],[-93.298,48.862],[-93.304,48.862],[-93.305,48.866],[-93.302,48.865],[-93.298,48.87],[-93.295,48.871],[-93.292,48.867],[-93.29,48.871],[-93.292,48.872],[-93.293,48.875],[-93.284,48.872],[-93.287,48.876],[-93.29,48.876],[-93.288,48.881],[-93.292,48.88],[-93.299,48.882],[-93.298,48.885],[-93.3,48.889],[-93.294,48.892],[-93.295,48.894],[-93.298,48.898],[-93.293,48.901],[-93.298,48.905],[-93.296,48.906],[-93.296,48.911],[-93.299,48.908],[-93.303,48.909],[-93.304,48.905],[-93.309,48.906],[-93.312,48.91],[-93.309,48.912],[-93.302,48.913],[-93.302,48.917],[-93.306,48.915],[-93.307,48.917],[-93.306,48.921],[-93.309,48.922],[-93.308,48.927],[-93.301,48.93],[-93.304,48.932],[-93.297,48.938],[-93.299,48.941],[-93.297,48.946],[-93.293,48.948],[-93.296,48.949],[-93.295,48.954],[-93.297,48.955],[-93.299,48.951],[-93.305,48.942],[-93.308,48.942],[-93.307,48.947],[-93.31,48.949],[-93.308,48.955],[-93.31,48.958],[-93.31,48.962],[-93.317,48.965],[-93.32,48.969],[-93.324,48.97],[-93.329,48.97],[-93.336,48.973],[-93.343,48.972],[-93.35,48.972],[-93.354,48.971],[-93.366,48.973],[-93.367,48.971],[-93.36,48.971],[-93.358,48.969],[-93.349,48.971],[-93.338,48.97],[-93.326,48.966],[-93.321,48.962],[-93.316,48.954],[-93.318,48.95],[-93.327,48.948],[-93.33,48.948],[-93.332,48.943],[-93.337,48.942],[-93.333,48.94],[-93.328,48.94],[-93.327,48.936],[-93.324,48.934],[-93.328,48.929],[-93.331,48.93],[-93.334,48.923],[-93.334,48.92],[-93.338,48.918],[-93.346,48.909],[-93.348,48.905],[-93.351,48.905],[-93.355,48.902],[-93.356,48.904],[-93.351,48.908],[-93.36,48.912],[-93.362,48.914],[-93.37,48.912],[-93.373,48.914],[-93.378,48.912],[-93.387,48.915],[-93.389,48.913],[-93.389,48.91],[-93.399,48.911],[-93.402,48.911],[-93.405,48.907],[-93.412,48.907],[-93.416,48.907],[-93.419,48.905],[-93.426,48.904],[-93.433,48.904],[-93.436,48.906],[-93.435,48.908],[-93.437,48.911],[-93.436,48.913],[-93.425,48.913],[-93.421,48.916],[-93.417,48.916],[-93.414,48.914],[-93.41,48.919],[-93.404,48.92],[-93.398,48.922],[-93.394,48.92],[-93.39,48.921],[-93.381,48.922],[-93.377,48.92],[-93.37,48.921],[-93.369,48.925],[-93.371,48.928],[-93.377,48.927],[-93.388,48.928],[-93.391,48.93],[-93.394,48.928],[-93.398,48.928],[-93.402,48.926],[-93.407,48.928],[-93.41,48.925],[-93.416,48.925],[-93.42,48.927],[-93.426,48.923],[-93.431,48.922],[-93.436,48.917],[-93.439,48.92],[-93.442,48.92],[-93.442,48.916],[-93.45,48.911],[-93.454,48.914],[-93.452,48.907],[-93.454,48.905],[-93.46,48.908],[-93.462,48.906],[-93.469,48.913],[-93.477,48.911],[-93.483,48.907],[-93.481,48.906],[-93.482,48.903],[-93.485,48.901],[-93.483,48.896],[-93.485,48.892],[-93.482,48.891],[-93.476,48.892],[-93.472,48.893],[-93.467,48.893],[-93.462,48.896],[-93.45,48.893],[-93.446,48.896],[-93.441,48.895],[-93.436,48.892],[-93.434,48.89],[-93.429,48.891],[-93.424,48.886],[-93.422,48.887],[-93.425,48.891],[-93.417,48.893],[-93.414,48.894],[-93.41,48.893],[-93.412,48.891],[-93.407,48.89],[-93.407,48.888],[-93.411,48.886],[-93.41,48.883],[-93.399,48.882],[-93.393,48.88],[-93.387,48.883],[-93.377,48.884],[-93.37,48.884],[-93.363,48.882],[-93.372,48.877],[-93.382,48.875],[-93.383,48.877],[-93.39,48.876],[-93.393,48.879],[-93.397,48.875],[-93.406,48.874],[-93.405,48.876],[-93.408,48.877],[-93.419,48.877],[-93.418,48.873],[-93.421,48.872],[-93.431,48.873],[-93.43,48.871],[-93.434,48.87],[-93.441,48.873],[-93.442,48.871],[-93.459,48.87],[-93.457,48.866],[-93.458,48.863],[-93.453,48.863],[-93.452,48.861],[-93.448,48.861],[-93.447,48.859],[-93.455,48.858],[-93.451,48.853],[-93.445,48.854],[-93.44,48.85],[-93.438,48.849],[-93.438,48.843],[-93.44,48.84],[-93.438,48.837],[-93.441,48.833],[-93.435,48.831],[-93.427,48.833],[-93.43,48.836],[-93.436,48.837],[-93.438,48.838],[-93.438,48.841],[-93.435,48.843],[-93.435,48.846],[-93.425,48.851],[-93.427,48.853],[-93.426,48.854],[-93.42,48.855],[-93.416,48.857],[-93.406,48.857],[-93.401,48.855],[-93.4,48.852],[-93.398,48.849],[-93.396,48.845],[-93.403,48.843],[-93.406,48.844],[-93.412,48.839],[-93.411,48.836],[-93.407,48.838],[-93.403,48.836],[-93.4,48.836],[-93.398,48.833],[-93.399,48.83],[-93.395,48.824],[-93.401,48.821],[-93.403,48.818],[-93.407,48.819],[-93.405,48.825],[-93.402,48.826],[-93.403,48.829],[-93.411,48.831],[-93.411,48.828],[-93.415,48.825],[-93.418,48.827],[-93.424,48.826],[-93.427,48.827],[-93.427,48.822],[-93.432,48.823],[-93.438,48.82],[-93.442,48.822],[-93.447,48.823],[-93.457,48.826],[-93.461,48.829],[-93.464,48.827],[-93.468,48.83],[-93.472,48.83],[-93.474,48.834],[-93.479,48.833],[-93.484,48.834],[-93.493,48.84],[-93.495,48.843],[-93.498,48.843],[-93.499,48.846],[-93.496,48.852],[-93.498,48.854],[-93.504,48.854],[-93.51,48.852],[-93.519,48.854],[-93.522,48.857],[-93.527,48.857],[-93.531,48.86],[-93.528,48.864],[-93.528,48.867],[-93.527,48.87],[-93.531,48.871],[-93.531,48.868],[-93.532,48.863],[-93.531,48.861],[-93.539,48.862],[-93.54,48.86],[-93.543,48.858],[-93.54,48.856],[-93.543,48.853],[-93.548,48.856],[-93.553,48.855],[-93.557,48.857],[-93.562,48.853],[-93.566,48.855],[-93.573,48.855],[-93.58,48.852],[-93.582,48.85],[-93.579,48.846],[-93.582,48.844],[-93.59,48.842],[-93.597,48.842],[-93.602,48.843],[-93.607,48.845],[-93.609,48.843],[-93.613,48.843],[-93.614,48.846],[-93.618,48.846],[-93.62,48.844],[-93.624,48.845],[-93.625,48.842],[-93.621,48.841],[-93.624,48.839],[-93.627,48.839],[-93.63,48.836],[-93.629,48.831],[-93.626,48.829],[-93.621,48.83],[-93.615,48.831],[-93.613,48.828],[-93.606,48.826],[-93.606,48.822],[-93.599,48.819],[-93.599,48.818],[-93.603,48.817],[-93.6,48.813],[-93.593,48.814],[-93.59,48.813],[-93.592,48.81],[-93.587,48.804],[-93.581,48.805],[-93.581,48.807],[-93.578,48.808],[-93.575,48.806],[-93.569,48.806],[-93.574,48.81],[-93.579,48.81],[-93.582,48.808],[-93.585,48.809],[-93.579,48.813],[-93.575,48.813],[-93.571,48.811],[-93.567,48.815],[-93.576,48.814],[-93.576,48.816],[-93.57,48.819],[-93.564,48.819],[-93.561,48.821],[-93.567,48.822],[-93.569,48.825],[-93.564,48.828],[-93.563,48.832],[-93.556,48.833],[-93.556,48.835],[-93.559,48.839],[-93.566,48.837],[-93.569,48.84],[-93.567,48.842],[-93.561,48.843],[-93.546,48.842],[-93.544,48.839],[-93.541,48.839],[-93.543,48.835],[-93.542,48.83],[-93.539,48.831],[-93.536,48.828],[-93.529,48.832],[-93.523,48.834],[-93.53,48.836],[-93.526,48.839],[-93.526,48.843],[-93.518,48.842],[-93.518,48.839],[-93.521,48.837],[-93.52,48.835],[-93.515,48.836],[-93.513,48.838],[-93.513,48.842],[-93.509,48.84],[-93.51,48.837],[-93.513,48.836],[-93.507,48.832],[-93.5,48.837],[-93.493,48.835],[-93.486,48.83],[-93.493,48.83],[-93.497,48.826],[-93.498,48.823],[-93.495,48.82],[-93.491,48.82],[-93.492,48.814],[-93.498,48.813],[-93.503,48.813],[-93.505,48.81],[-93.512,48.808],[-93.514,48.804],[-93.517,48.802],[-93.518,48.798],[-93.525,48.797],[-93.528,48.799],[-93.531,48.798],[-93.535,48.797],[-93.542,48.798],[-93.548,48.797],[-93.543,48.794],[-93.541,48.794],[-93.537,48.795],[-93.52,48.795],[-93.518,48.794],[-93.513,48.795],[-93.504,48.795],[-93.501,48.798],[-93.5,48.803],[-93.496,48.801],[-93.489,48.797],[-93.481,48.796],[-93.477,48.798],[-93.482,48.803],[-93.478,48.806],[-93.48,48.807],[-93.485,48.806],[-93.486,48.81],[-93.491,48.812],[-93.49,48.816],[-93.484,48.819],[-93.482,48.823],[-93.473,48.821],[-93.473,48.817],[-93.469,48.816],[-93.464,48.81],[-93.46,48.813],[-93.451,48.818],[-93.445,48.817],[-93.44,48.811],[-93.446,48.811],[-93.455,48.808],[-93.458,48.805],[-93.46,48.803],[-93.456,48.801],[-93.45,48.806],[-93.446,48.807],[-93.442,48.809],[-93.441,48.807],[-93.437,48.807],[-93.439,48.802],[-93.443,48.802],[-93.444,48.799],[-93.442,48.796],[-93.434,48.793],[-93.43,48.794],[-93.422,48.794],[-93.418,48.792],[-93.419,48.799],[-93.425,48.801],[-93.428,48.803],[-93.427,48.805],[-93.415,48.807],[-93.41,48.807],[-93.411,48.809],[-93.407,48.812],[-93.401,48.811],[-93.397,48.813],[-93.392,48.818],[-93.389,48.819],[-93.384,48.818],[-93.384,48.816],[-93.389,48.811],[-93.39,48.807],[-93.398,48.801],[-93.4,48.8],[-93.396,48.8],[-93.394,48.798],[-93.392,48.797],[-93.393,48.794],[-93.399,48.794],[-93.396,48.79],[-93.391,48.79],[-93.387,48.793],[-93.381,48.791],[-93.378,48.791],[-93.379,48.788],[-93.376,48.786],[-93.374,48.792],[-93.372,48.793],[-93.368,48.791],[-93.372,48.79],[-93.369,48.787],[-93.369,48.781],[-93.365,48.784],[-93.364,48.782],[-93.35,48.783],[-93.342,48.783],[-93.347,48.78],[-93.352,48.78],[-93.353,48.777],[-93.343,48.779],[-93.34,48.776],[-93.341,48.773],[-93.344,48.77],[-93.338,48.765],[-93.343,48.762],[-93.35,48.762],[-93.355,48.764],[-93.357,48.761],[-93.354,48.761],[-93.355,48.757],[-93.349,48.757],[-93.347,48.754],[-93.354,48.75],[-93.353,48.747],[-93.347,48.746],[-93.342,48.743],[-93.344,48.741],[-93.351,48.742],[-93.362,48.746],[-93.363,48.75],[-93.368,48.751],[-93.37,48.754],[-93.374,48.756],[-93.377,48.756],[-93.379,48.755],[-93.376,48.753],[-93.373,48.753],[-93.365,48.749],[-93.364,48.747],[-93.367,48.746],[-93.358,48.741],[-93.353,48.74],[-93.349,48.739],[-93.346,48.738],[-93.347,48.733],[-93.353,48.734],[-93.351,48.731],[-93.354,48.726],[-93.355,48.723],[-93.353,48.721],[-93.354,48.719],[-93.354,48.717],[-93.36,48.711],[-93.366,48.712],[-93.369,48.712],[-93.37,48.71],[-93.375,48.708],[-93.377,48.706],[-93.38,48.704],[-93.38,48.698],[-93.387,48.701],[-93.384,48.707],[-93.386,48.707],[-93.392,48.711],[-93.393,48.714],[-93.392,48.717],[-93.395,48.721],[-93.388,48.718],[-93.385,48.719],[-93.378,48.715],[-93.379,48.718],[-93.384,48.722],[-93.395,48.726],[-93.399,48.732],[-93.405,48.733],[-93.406,48.735],[-93.415,48.739],[-93.413,48.734],[-93.409,48.732],[-93.409,48.729],[-93.412,48.728],[-93.41,48.726],[-93.406,48.727],[-93.404,48.724],[-93.405,48.722],[-93.4,48.719],[-93.404,48.717],[-93.402,48.712],[-93.4,48.713],[-93.397,48.708],[-93.403,48.705],[-93.398,48.702],[-93.399,48.698],[-93.397,48.694],[-93.399,48.693],[-93.406,48.696],[-93.41,48.697],[-93.409,48.7],[-93.412,48.703],[-93.419,48.701],[-93.421,48.704],[-93.423,48.705],[-93.426,48.708],[-93.431,48.704],[-93.431,48.702],[-93.425,48.7],[-93.42,48.699],[-93.407,48.693],[-93.409,48.692],[-93.415,48.692],[-93.424,48.695],[-93.424,48.692],[-93.417,48.692],[-93.416,48.691],[-93.408,48.69],[-93.406,48.687],[-93.411,48.685],[-93.411,48.682],[-93.408,48.679],[-93.411,48.676],[-93.41,48.671],[-93.407,48.669],[-93.406,48.665],[-93.402,48.661],[-93.392,48.659],[-93.39,48.657],[-93.38,48.658],[-93.37,48.663],[-93.373,48.67],[-93.369,48.671],[-93.365,48.671],[-93.359,48.672],[-93.35,48.67],[-93.348,48.67],[-93.34,48.677],[-93.336,48.672],[-93.338,48.67],[-93.337,48.667],[-93.342,48.665],[-93.351,48.663],[-93.354,48.661],[-93.36,48.658],[-93.362,48.655],[-93.361,48.653],[-93.363,48.651],[-93.365,48.65],[-93.361,48.65],[-93.36,48.648],[-93.358,48.648],[-93.352,48.651],[-93.346,48.651],[-93.344,48.654],[-93.335,48.657],[-93.331,48.655],[-93.324,48.658],[-93.323,48.654],[-93.32,48.654],[-93.321,48.65],[-93.319,48.649],[-93.319,48.645],[-93.325,48.645],[-93.327,48.643],[-93.332,48.646],[-93.334,48.643],[-93.337,48.641],[-93.342,48.64],[-93.346,48.637],[-93.35,48.639],[-93.352,48.638],[-93.356,48.634],[-93.359,48.627],[-93.359,48.621],[-93.358,48.618],[-93.36,48.616],[-93.365,48.617],[-93.368,48.614],[-93.371,48.608],[-93.376,48.607],[-93.384,48.607],[-93.393,48.605],[-93.398,48.606],[-93.403,48.61],[-93.407,48.611],[-93.416,48.606],[-93.425,48.603],[-93.431,48.6],[-93.435,48.596],[-93.442,48.594],[-93.464,48.593],[-93.468,48.59],[-93.469,48.588],[-93.466,48.582],[-93.463,48.572],[-93.459,48.566],[-93.46,48.557],[-93.462,48.552],[-93.466,48.548],[-93.47,48.546],[-93.478,48.546],[-93.484,48.544],[-93.498,48.543],[-93.505,48.541],[-93.516,48.536],[-93.522,48.535],[-93.53,48.535],[-93.54,48.532],[-93.551,48.53],[-93.56,48.531],[-93.571,48.529],[-93.581,48.528],[-93.587,48.531],[-93.591,48.531],[-93.595,48.53],[-93.605,48.525],[-93.614,48.524],[-93.619,48.526],[-93.625,48.532],[-93.63,48.532],[-93.638,48.528],[-93.639,48.524],[-93.643,48.52],[-93.649,48.518],[-93.654,48.518],[-93.664,48.517],[-93.677,48.518],[-93.688,48.516],[-93.696,48.517],[-93.702,48.518],[-93.711,48.52],[-93.721,48.518],[-93.733,48.52],[-93.739,48.519],[-93.75,48.517],[-93.755,48.517],[-93.762,48.517],[-93.776,48.517],[-93.792,48.517],[-93.796,48.519],[-93.801,48.523],[-93.812,48.527],[-93.815,48.529],[-93.817,48.532],[-93.817,48.535],[-93.809,48.541],[-93.81,48.551],[-93.806,48.558],[-93.802,48.567],[-93.803,48.572],[-93.805,48.58],[-93.808,48.586],[-93.809,48.588],[-93.812,48.592],[-93.816,48.598],[-93.818,48.606],[-93.821,48.612],[-93.829,48.621],[-93.831,48.626],[-93.834,48.628],[-93.843,48.631],[-93.848,48.632],[-93.871,48.632],[-93.877,48.633],[-93.885,48.633],[-93.89,48.634],[-93.898,48.634],[-93.906,48.636],[-93.914,48.636],[-93.919,48.633],[-93.931,48.634],[-93.932,48.634],[-93.949,48.635],[-93.961,48.638],[-93.968,48.64],[-93.978,48.64],[-93.988,48.643],[-93.994,48.643],[-94.007,48.644],[-94.023,48.643],[-94.028,48.642],[-94.035,48.642],[-94.044,48.645],[-94.048,48.644],[-94.054,48.645],[-94.062,48.644],[-94.065,48.647],[-94.072,48.647],[-94.077,48.645],[-94.087,48.645],[-94.093,48.645],[-94.099,48.648],[-94.11,48.646],[-94.13,48.646],[-94.147,48.648],[-94.154,48.647],[-94.157,48.647],[-94.168,48.65],[-94.188,48.652],[-94.2,48.652],[-94.21,48.651],[-94.218,48.65],[-94.23,48.653],[-94.235,48.654],[-94.244,48.654],[-94.249,48.657],[-94.253,48.662],[-94.254,48.664],[-94.251,48.669],[-94.249,48.678],[-94.249,48.683],[-94.252,48.688],[-94.257,48.692],[-94.26,48.698],[-94.265,48.7],[-94.271,48.7],[-94.276,48.702],[-94.281,48.706],[-94.288,48.708],[-94.305,48.711],[-94.311,48.711],[-94.315,48.709],[-94.329,48.706],[-94.333,48.705],[-94.347,48.705],[-94.357,48.706],[-94.363,48.707],[-94.37,48.708],[-94.38,48.712],[-94.388,48.713],[-94.407,48.711],[-94.414,48.712],[-94.421,48.711],[-94.426,48.705],[-94.431,48.702],[-94.438,48.697],[-94.442,48.695],[-94.449,48.694],[-94.454,48.694],[-94.464,48.697],[-94.469,48.698],[-94.487,48.699],[-94.501,48.699],[-94.508,48.702],[-94.518,48.702],[-94.523,48.703],[-94.535,48.703],[-94.539,48.705],[-94.544,48.713],[-94.548,48.716],[-94.558,48.718],[-94.566,48.717],[-94.582,48.718],[-94.587,48.719],[-94.591,48.722],[-94.597,48.728],[-94.602,48.731],[-94.608,48.733],[-94.617,48.738],[-94.622,48.739],[-94.631,48.741],[-94.633,48.742],[-94.642,48.744],[-94.641,48.748],[-94.645,48.753],[-94.655,48.761],[-94.661,48.763],[-94.663,48.766],[-94.671,48.771],[-94.687,48.777],[-94.69,48.783],[-94.691,48.789],[-94.692,48.791],[-94.693,48.795],[-94.694,48.804],[-94.691,48.811],[-94.695,48.813],[-94.694,48.815],[-94.698,48.819],[-94.701,48.825],[-94.698,48.829],[-94.693,48.832],[-94.687,48.834],[-94.683,48.839],[-94.679,48.846],[-94.68,48.849],[-94.68,48.854],[-94.677,48.859],[-94.675,48.859],[-94.674,48.86],[-94.671,48.861],[-94.669,48.862],[-94.665,48.862],[-94.661,48.86],[-94.657,48.861],[-94.656,48.866],[-94.65,48.87],[-94.642,48.877],[-94.638,48.882],[-94.638,48.886],[-94.64,48.891],[-94.632,48.895],[-94.63,48.9],[-94.632,48.905],[-94.629,48.908],[-94.617,48.914],[-94.616,48.919],[-94.61,48.926],[-94.611,48.928],[-94.609,48.931],[-94.605,48.934],[-94.603,48.938],[-94.598,48.94],[-94.598,48.942],[-94.591,48.947],[-94.592,48.949],[-94.588,48.95],[-94.584,48.954],[-94.579,48.952],[-94.577,48.95],[-94.571,48.95],[-94.568,48.951],[-94.561,48.956],[-94.557,48.953],[-94.55,48.953],[-94.541,48.956],[-94.538,48.958],[-94.524,48.957],[-94.516,48.954],[-94.507,48.954],[-94.501,48.956],[-94.493,48.959],[-94.491,48.963],[-94.484,48.965],[-94.482,48.964],[-94.471,48.965],[-94.464,48.971],[-94.46,48.975],[-94.457,48.975],[-94.454,48.973],[-94.451,48.973],[-94.447,48.966],[-94.446,48.967],[-94.448,48.971],[-94.44,48.972],[-94.438,48.969],[-94.434,48.97],[-94.441,48.973],[-94.447,48.974],[-94.454,48.975],[-94.458,48.978],[-94.462,48.983],[-94.46,48.994],[-94.456,48.997],[-94.456,49.002],[-94.451,49.002],[-94.452,48.997],[-94.444,48.992],[-94.44,48.992],[-94.434,48.992],[-94.426,48.995],[-94.421,48.997],[-94.416,49.001],[-94.412,49.007],[-94.412,49.011],[-94.418,49.017],[-94.412,49.018],[-94.405,49.019],[-94.4,49.021],[-94.397,49.026],[-94.4,49.027],[-94.397,49.031],[-94.389,49.036],[-94.385,49.034],[-94.38,49.037],[-94.374,49.036],[-94.362,49.04],[-94.36,49.045],[-94.36,49.05],[-94.363,49.056],[-94.356,49.056],[-94.35,49.06],[-94.35,49.064],[-94.352,49.067],[-94.344,49.069],[-94.342,49.074],[-94.344,49.078],[-94.348,49.079],[-94.35,49.079],[-94.357,49.081],[-94.358,49.08],[-94.366,49.081],[-94.372,49.083],[-94.369,49.085],[-94.375,49.087],[-94.376,49.092],[-94.367,49.092],[-94.365,49.088],[-94.361,49.086],[-94.361,49.089],[-94.349,49.092],[-94.347,49.094],[-94.343,49.093],[-94.342,49.088],[-94.339,49.085],[-94.339,49.081],[-94.343,49.079],[-94.34,49.077],[-94.332,49.074],[-94.329,49.077],[-94.324,49.076],[-94.324,49.074],[-94.317,49.073],[-94.311,49.071],[-94.309,49.072],[-94.304,49.068],[-94.299,49.066],[-94.294,49.067],[-94.29,49.067],[-94.286,49.068],[-94.282,49.065],[-94.282,49.063],[-94.285,49.061],[-94.279,49.06],[-94.276,49.057],[-94.271,49.057],[-94.261,49.053],[-94.26,49.055],[-94.267,49.058],[-94.27,49.063],[-94.274,49.062],[-94.28,49.065],[-94.279,49.066],[-94.283,49.068],[-94.283,49.07],[-94.292,49.069],[-94.295,49.07],[-94.298,49.068],[-94.304,49.07],[-94.305,49.072],[-94.308,49.074],[-94.312,49.073],[-94.316,49.075],[-94.321,49.075],[-94.321,49.078],[-94.328,49.082],[-94.327,49.084],[-94.32,49.086],[-94.318,49.088],[-94.32,49.091],[-94.32,49.093],[-94.313,49.093],[-94.308,49.094],[-94.312,49.097],[-94.315,49.094],[-94.321,49.095],[-94.329,49.094],[-94.329,49.091],[-94.331,49.084],[-94.333,49.085],[-94.339,49.088],[-94.339,49.09],[-94.337,49.093],[-94.335,49.096],[-94.336,49.1],[-94.341,49.102],[-94.339,49.108],[-94.34,49.111],[-94.34,49.115],[-94.336,49.113],[-94.328,49.115],[-94.324,49.119],[-94.318,49.118],[-94.316,49.121],[-94.317,49.125],[-94.307,49.138],[-94.304,49.138],[-94.301,49.134],[-94.293,49.132],[-94.289,49.136],[-94.285,49.136],[-94.291,49.13],[-94.287,49.131],[-94.282,49.134],[-94.275,49.133],[-94.274,49.129],[-94.268,49.129],[-94.263,49.127],[-94.251,49.126],[-94.25,49.134],[-94.247,49.139],[-94.243,49.136],[-94.244,49.132],[-94.244,49.129],[-94.241,49.127],[-94.24,49.125],[-94.234,49.125],[-94.231,49.121],[-94.233,49.116],[-94.229,49.114],[-94.227,49.112],[-94.231,49.106],[-94.234,49.104],[-94.234,49.1],[-94.229,49.099],[-94.229,49.096],[-94.225,49.097],[-94.218,49.1],[-94.215,49.103],[-94.208,49.102],[-94.206,49.101],[-94.201,49.1],[-94.189,49.096],[-94.192,49.093],[-94.193,49.089],[-94.192,49.085],[-94.187,49.088],[-94.179,49.086],[-94.18,49.09],[-94.175,49.093],[-94.171,49.091],[-94.169,49.095],[-94.164,49.097],[-94.162,49.095],[-94.159,49.096],[-94.161,49.099],[-94.158,49.103],[-94.154,49.1],[-94.149,49.099],[-94.145,49.097],[-94.144,49.1],[-94.139,49.103],[-94.135,49.101],[-94.133,49.102],[-94.135,49.105],[-94.135,49.107],[-94.131,49.111],[-94.125,49.11],[-94.123,49.115],[-94.118,49.119],[-94.113,49.116],[-94.109,49.115],[-94.107,49.114],[-94.104,49.111],[-94.1,49.109],[-94.091,49.108],[-94.089,49.105],[-94.088,49.102],[-94.083,49.102],[-94.084,49.099],[-94.082,49.097],[-94.082,49.091],[-94.087,49.086],[-94.092,49.084],[-94.088,49.079],[-94.09,49.077],[-94.081,49.073],[-94.078,49.072],[-94.077,49.076],[-94.081,49.077],[-94.085,49.081],[-94.082,49.085],[-94.079,49.087],[-94.081,49.096],[-94.082,49.102],[-94.079,49.101],[-94.073,49.104],[-94.068,49.105],[-94.065,49.102],[-94.064,49.099],[-94.066,49.097],[-94.058,49.096],[-94.046,49.088],[-94.045,49.082],[-94.04,49.082],[-94.036,49.081],[-94.033,49.084],[-94.038,49.086],[-94.038,49.088],[-94.045,49.091],[-94.047,49.092],[-94.039,49.097],[-94.036,49.095],[-94.029,49.097],[-94.025,49.094],[-94.023,49.092],[-94.018,49.089],[-94.015,49.09],[-94.014,49.086],[-94.01,49.083],[-94.006,49.085],[-94.004,49.082],[-94,49.081],[-94.001,49.073],[-94.003,49.07],[-94.002,49.067],[-93.998,49.064],[-93.999,49.062],[-94.003,49.059],[-94.006,49.056],[-94.005,49.054],[-94.01,49.051],[-94.003,49.051],[-93.997,49.056],[-93.993,49.063],[-93.989,49.065],[-93.98,49.069],[-93.981,49.071],[-93.988,49.068],[-93.988,49.069],[-93.985,49.073],[-93.979,49.077],[-93.976,49.077],[-93.97,49.083],[-93.969,49.082],[-93.961,49.086],[-93.96,49.089],[-93.955,49.09],[-93.951,49.087],[-93.949,49.089],[-93.95,49.091],[-93.95,49.096],[-93.946,49.096],[-93.946,49.098],[-93.945,49.105],[-93.938,49.109],[-93.938,49.112],[-93.934,49.115],[-93.93,49.115],[-93.93,49.112],[-93.927,49.112],[-93.928,49.117],[-93.927,49.121],[-93.931,49.126],[-93.932,49.129],[-93.935,49.132],[-93.939,49.133],[-93.935,49.126],[-93.943,49.121],[-93.944,49.122],[-93.944,49.125],[-93.945,49.129],[-93.941,49.131],[-93.947,49.136],[-93.95,49.14],[-93.949,49.144],[-93.943,49.141],[-93.94,49.142],[-93.939,49.147],[-93.931,49.148],[-93.93,49.15],[-93.93,49.154],[-93.928,49.156],[-93.93,49.162],[-93.934,49.166],[-93.93,49.169],[-93.931,49.172],[-93.934,49.174],[-93.941,49.173],[-93.944,49.169],[-93.938,49.167],[-93.937,49.163],[-93.94,49.163],[-93.941,49.16],[-93.941,49.154],[-93.945,49.155],[-93.947,49.158],[-93.951,49.156],[-93.95,49.161],[-93.953,49.163],[-93.958,49.162],[-93.958,49.158],[-93.955,49.158],[-93.95,49.152],[-93.955,49.152],[-93.95,49.146],[-93.955,49.143],[-93.953,49.137],[-93.953,49.13],[-93.955,49.126],[-93.955,49.119],[-93.954,49.116],[-93.958,49.112],[-93.96,49.111],[-93.966,49.106],[-93.964,49.103],[-93.961,49.1],[-93.967,49.099],[-93.967,49.101],[-93.972,49.103],[-93.977,49.105],[-93.986,49.109],[-93.987,49.103],[-93.99,49.102],[-93.997,49.103],[-93.997,49.106],[-94.007,49.105],[-94.012,49.108],[-94.013,49.11],[-94.02,49.11],[-94.021,49.112],[-94.014,49.113],[-94.02,49.115],[-94.019,49.118],[-94.028,49.116],[-94.031,49.117],[-94.035,49.123],[-94.04,49.126],[-94.042,49.125],[-94.037,49.12],[-94.038,49.119],[-94.051,49.118],[-94.043,49.117],[-94.047,49.113],[-94.045,49.111],[-94.037,49.115],[-94.027,49.112],[-94.02,49.109],[-94.014,49.105],[-94.018,49.104],[-94.025,49.105],[-94.028,49.103],[-94.032,49.104],[-94.035,49.1],[-94.045,49.098],[-94.054,49.098],[-94.062,49.103],[-94.066,49.104],[-94.066,49.108],[-94.061,49.109],[-94.058,49.108],[-94.054,49.109],[-94.057,49.113],[-94.061,49.115],[-94.069,49.112],[-94.071,49.115],[-94.076,49.116],[-94.081,49.116],[-94.09,49.119],[-94.088,49.124],[-94.096,49.124],[-94.096,49.126],[-94.103,49.129],[-94.102,49.131],[-94.105,49.132],[-94.102,49.134],[-94.096,49.135],[-94.096,49.138],[-94.088,49.143],[-94.085,49.141],[-94.075,49.141],[-94.072,49.142],[-94.077,49.145],[-94.075,49.146],[-94.074,49.15],[-94.069,49.151],[-94.071,49.148],[-94.064,49.149],[-94.065,49.145],[-94.06,49.142],[-94.062,49.139],[-94.059,49.138],[-94.056,49.133],[-94.055,49.134],[-94.057,49.137],[-94.058,49.142],[-94.047,49.143],[-94.042,49.145],[-94.039,49.147],[-94.044,49.151],[-94.049,49.15],[-94.054,49.153],[-94.045,49.154],[-94.04,49.153],[-94.036,49.154],[-94.024,49.152],[-94.014,49.151],[-94.012,49.152],[-94.007,49.152],[-94.006,49.149],[-94.001,49.147],[-94.007,49.142],[-94.013,49.14],[-94.018,49.138],[-94.02,49.14],[-94.023,49.142],[-94.026,49.142],[-94.028,49.145],[-94.028,49.146],[-94.026,49.146],[-94.024,49.147],[-94.022,49.146],[-94.022,49.147],[-94.021,49.147],[-94.022,49.147],[-94.025,49.147],[-94.027,49.146],[-94.028,49.146],[-94.029,49.146],[-94.029,49.144],[-94.033,49.141],[-94.028,49.14],[-94.029,49.139],[-94.028,49.137],[-94.027,49.138],[-94.024,49.137],[-94.022,49.138],[-94.017,49.137],[-94.012,49.138],[-94.004,49.142],[-93.997,49.147],[-93.99,49.146],[-93.985,49.142],[-93.982,49.142],[-93.981,49.146],[-93.987,49.149],[-93.983,49.15],[-93.98,49.148],[-93.976,49.148],[-93.973,49.154],[-93.971,49.154],[-93.97,49.159],[-93.963,49.16],[-93.965,49.163],[-93.971,49.166],[-93.973,49.169],[-93.966,49.171],[-93.969,49.174],[-93.973,49.174],[-93.984,49.171],[-93.981,49.162],[-93.981,49.159],[-93.987,49.159],[-93.986,49.154],[-93.991,49.153],[-93.996,49.158],[-94.003,49.156],[-94.008,49.157],[-94.013,49.16],[-94.014,49.163],[-94.019,49.159],[-94.02,49.162],[-94.024,49.161],[-94.026,49.162],[-94.032,49.163],[-94.031,49.166],[-94.041,49.173],[-94.042,49.172],[-94.039,49.17],[-94.034,49.167],[-94.037,49.164],[-94.04,49.164],[-94.043,49.162],[-94.05,49.162],[-94.052,49.165],[-94.059,49.166],[-94.061,49.168],[-94.069,49.171],[-94.068,49.175],[-94.058,49.177],[-94.051,49.177],[-94.046,49.18],[-94.043,49.18],[-94.041,49.177],[-94.034,49.179],[-94.028,49.182],[-94.019,49.181],[-94.024,49.179],[-94.028,49.18],[-94.031,49.176],[-94.026,49.174],[-94.026,49.172],[-94.021,49.172],[-94.019,49.167],[-94.015,49.167],[-94.012,49.168],[-94.007,49.165],[-94.001,49.166],[-94.001,49.169],[-94.006,49.17],[-94.009,49.174],[-94.003,49.173],[-94.001,49.175],[-93.994,49.174],[-93.99,49.174],[-93.996,49.177],[-94.003,49.178],[-94.003,49.181],[-94.001,49.186],[-93.999,49.188],[-93.994,49.187],[-93.992,49.19],[-93.989,49.191],[-93.983,49.191],[-93.979,49.19],[-93.983,49.188],[-93.981,49.182],[-93.976,49.179],[-93.975,49.182],[-93.977,49.185],[-93.971,49.186],[-93.969,49.183],[-93.963,49.185],[-93.966,49.189],[-93.97,49.19],[-93.976,49.194],[-93.985,49.194],[-93.993,49.194],[-94.004,49.191],[-94.005,49.192],[-94.011,49.192],[-94.011,49.19],[-94.015,49.19],[-94.024,49.191],[-94.031,49.191],[-94.041,49.189],[-94.047,49.187],[-94.054,49.186],[-94.062,49.186],[-94.071,49.184],[-94.081,49.182],[-94.09,49.183],[-94.101,49.182],[-94.103,49.18],[-94.107,49.18],[-94.109,49.182],[-94.121,49.181],[-94.127,49.182],[-94.137,49.183],[-94.148,49.182],[-94.155,49.182],[-94.169,49.181],[-94.175,49.179],[-94.171,49.176],[-94.177,49.176],[-94.187,49.175],[-94.187,49.178],[-94.192,49.179],[-94.201,49.178],[-94.213,49.176],[-94.213,49.178],[-94.208,49.18],[-94.201,49.182],[-94.201,49.185],[-94.204,49.185],[-94.206,49.188],[-94.212,49.188],[-94.214,49.19],[-94.211,49.193],[-94.205,49.195],[-94.205,49.197],[-94.198,49.202],[-94.202,49.204],[-94.206,49.202],[-94.206,49.206],[-94.208,49.21],[-94.211,49.206],[-94.219,49.203],[-94.218,49.206],[-94.222,49.206],[-94.221,49.211],[-94.224,49.214],[-94.222,49.217],[-94.214,49.221],[-94.217,49.223],[-94.22,49.221],[-94.226,49.221],[-94.223,49.218],[-94.225,49.215],[-94.228,49.213],[-94.224,49.209],[-94.223,49.205],[-94.224,49.2],[-94.226,49.198],[-94.229,49.192],[-94.235,49.193],[-94.241,49.193],[-94.243,49.196],[-94.25,49.2],[-94.255,49.199],[-94.26,49.2],[-94.264,49.203],[-94.269,49.209],[-94.269,49.214],[-94.273,49.219],[-94.269,49.221],[-94.266,49.218],[-94.261,49.218],[-94.263,49.223],[-94.266,49.226],[-94.26,49.228],[-94.26,49.229],[-94.269,49.227],[-94.267,49.232],[-94.27,49.235],[-94.267,49.24],[-94.253,49.246],[-94.251,49.247],[-94.251,49.25],[-94.258,49.25],[-94.258,49.247],[-94.264,49.243],[-94.266,49.243],[-94.273,49.246],[-94.276,49.248],[-94.28,49.248],[-94.279,49.244],[-94.282,49.243],[-94.277,49.24],[-94.282,49.239],[-94.285,49.232],[-94.287,49.231],[-94.286,49.227],[-94.296,49.222],[-94.295,49.225],[-94.297,49.228],[-94.296,49.232],[-94.3,49.232],[-94.307,49.233],[-94.306,49.237],[-94.302,49.239],[-94.297,49.237],[-94.292,49.24],[-94.29,49.249],[-94.293,49.25],[-94.29,49.252],[-94.289,49.255],[-94.291,49.261],[-94.297,49.261],[-94.3,49.264],[-94.307,49.262],[-94.309,49.264],[-94.315,49.266],[-94.319,49.268],[-94.318,49.274],[-94.313,49.278],[-94.31,49.279],[-94.306,49.282],[-94.307,49.285],[-94.315,49.281],[-94.319,49.282],[-94.323,49.285],[-94.334,49.289],[-94.337,49.289],[-94.34,49.284],[-94.343,49.286],[-94.348,49.282],[-94.348,49.279],[-94.351,49.278],[-94.352,49.281],[-94.359,49.282],[-94.363,49.284],[-94.365,49.282],[-94.37,49.28],[-94.371,49.274],[-94.381,49.276],[-94.383,49.274],[-94.379,49.273],[-94.379,49.268],[-94.384,49.265],[-94.384,49.262],[-94.393,49.266],[-94.397,49.27],[-94.403,49.267],[-94.409,49.268],[-94.412,49.267],[-94.408,49.263],[-94.417,49.265],[-94.42,49.263],[-94.41,49.261],[-94.41,49.26],[-94.417,49.261],[-94.419,49.26],[-94.412,49.258],[-94.415,49.256],[-94.418,49.256],[-94.427,49.254],[-94.424,49.25],[-94.425,49.248],[-94.425,49.243],[-94.428,49.243],[-94.429,49.239],[-94.435,49.239],[-94.438,49.241],[-94.44,49.247],[-94.443,49.244],[-94.443,49.24],[-94.445,49.237],[-94.446,49.233],[-94.45,49.232],[-94.455,49.233],[-94.457,49.231],[-94.462,49.231],[-94.466,49.233],[-94.474,49.235],[-94.479,49.235],[-94.484,49.238],[-94.479,49.239],[-94.479,49.242],[-94.486,49.24],[-94.491,49.239],[-94.496,49.239],[-94.502,49.241],[-94.504,49.24],[-94.515,49.241],[-94.52,49.244],[-94.524,49.244],[-94.534,49.25],[-94.532,49.254],[-94.526,49.255],[-94.522,49.257],[-94.518,49.256],[-94.512,49.258],[-94.512,49.26],[-94.51,49.261],[-94.507,49.26],[-94.506,49.261],[-94.506,49.262],[-94.507,49.263],[-94.511,49.265],[-94.516,49.265],[-94.518,49.267],[-94.522,49.268],[-94.534,49.267],[-94.529,49.271],[-94.533,49.271],[-94.537,49.274],[-94.537,49.277],[-94.535,49.279],[-94.538,49.28],[-94.543,49.279],[-94.548,49.28],[-94.553,49.28],[-94.557,49.28],[-94.557,49.283],[-94.554,49.285],[-94.553,49.29],[-94.558,49.292],[-94.56,49.297],[-94.567,49.299],[-94.574,49.297],[-94.58,49.297],[-94.583,49.295],[-94.589,49.296],[-94.594,49.298],[-94.595,49.302],[-94.601,49.304],[-94.589,49.306],[-94.585,49.307],[-94.581,49.31],[-94.58,49.31],[-94.579,49.311],[-94.578,49.311],[-94.577,49.312],[-94.578,49.312],[-94.579,49.313],[-94.587,49.312],[-94.594,49.31],[-94.596,49.313],[-94.601,49.311],[-94.604,49.314],[-94.609,49.313],[-94.61,49.316],[-94.613,49.316],[-94.613,49.311],[-94.61,49.309],[-94.627,49.306],[-94.631,49.307],[-94.628,49.311],[-94.634,49.311],[-94.639,49.31],[-94.639,49.312],[-94.643,49.312],[-94.647,49.314],[-94.648,49.319],[-94.646,49.32],[-94.64,49.321],[-94.642,49.329],[-94.639,49.327],[-94.636,49.328],[-94.637,49.333],[-94.629,49.337],[-94.621,49.336],[-94.608,49.339],[-94.603,49.338],[-94.6,49.341],[-94.598,49.34],[-94.599,49.336],[-94.591,49.335],[-94.589,49.335],[-94.58,49.335],[-94.575,49.332],[-94.569,49.334],[-94.566,49.334],[-94.562,49.338],[-94.565,49.34],[-94.566,49.345],[-94.569,49.345],[-94.576,49.342],[-94.585,49.342],[-94.586,49.348],[-94.582,49.348],[-94.58,49.351],[-94.572,49.353],[-94.566,49.351],[-94.564,49.351],[-94.571,49.356],[-94.575,49.357],[-94.576,49.359],[-94.574,49.361],[-94.57,49.36],[-94.567,49.36],[-94.568,49.363],[-94.573,49.365],[-94.575,49.362],[-94.579,49.36],[-94.582,49.363],[-94.591,49.363],[-94.594,49.366],[-94.598,49.366],[-94.604,49.365],[-94.599,49.362],[-94.602,49.358],[-94.601,49.356],[-94.606,49.353],[-94.607,49.351],[-94.612,49.352],[-94.626,49.353],[-94.637,49.359],[-94.643,49.359],[-94.645,49.365],[-94.647,49.367],[-94.646,49.369],[-94.649,49.37],[-94.658,49.366],[-94.663,49.366],[-94.667,49.362],[-94.672,49.365],[-94.677,49.367],[-94.672,49.372],[-94.667,49.373],[-94.666,49.376],[-94.669,49.379],[-94.675,49.377],[-94.677,49.381],[-94.673,49.386],[-94.669,49.387],[-94.666,49.386],[-94.662,49.388],[-94.672,49.391],[-94.676,49.391],[-94.68,49.388],[-94.679,49.387],[-94.683,49.377],[-94.682,49.373],[-94.685,49.37],[-94.683,49.365],[-94.686,49.363],[-94.687,49.36],[-94.697,49.357],[-94.698,49.363],[-94.7,49.364],[-94.701,49.367],[-94.698,49.371],[-94.696,49.377],[-94.689,49.38],[-94.687,49.383],[-94.691,49.384],[-94.687,49.387],[-94.688,49.39],[-94.686,49.394],[-94.681,49.398],[-94.677,49.399],[-94.68,49.402],[-94.684,49.403],[-94.686,49.401],[-94.689,49.402],[-94.689,49.405],[-94.694,49.403],[-94.697,49.405],[-94.691,49.406],[-94.694,49.409],[-94.696,49.412],[-94.701,49.413],[-94.7,49.416],[-94.702,49.42],[-94.697,49.42],[-94.694,49.425],[-94.688,49.428],[-94.682,49.43],[-94.682,49.432],[-94.676,49.437],[-94.676,49.439],[-94.672,49.444],[-94.665,49.451],[-94.659,49.458],[-94.654,49.461],[-94.653,49.464],[-94.647,49.468],[-94.644,49.468],[-94.64,49.467],[-94.637,49.468],[-94.635,49.472],[-94.632,49.469],[-94.633,49.467],[-94.64,49.463],[-94.634,49.462],[-94.628,49.464],[-94.626,49.462],[-94.62,49.463],[-94.619,49.46],[-94.613,49.459],[-94.612,49.455],[-94.608,49.455],[-94.601,49.458],[-94.599,49.459],[-94.595,49.46],[-94.595,49.463],[-94.592,49.464],[-94.586,49.465],[-94.586,49.462],[-94.581,49.462],[-94.574,49.464],[-94.567,49.465],[-94.566,49.461],[-94.572,49.459],[-94.569,49.456],[-94.571,49.449],[-94.572,49.447],[-94.576,49.445],[-94.577,49.442],[-94.577,49.439],[-94.58,49.433],[-94.583,49.431],[-94.586,49.426],[-94.589,49.425],[-94.587,49.422],[-94.582,49.422],[-94.579,49.426],[-94.583,49.427],[-94.581,49.431],[-94.578,49.432],[-94.575,49.441],[-94.568,49.444],[-94.565,49.443],[-94.561,49.444],[-94.558,49.446],[-94.561,49.448],[-94.565,49.448],[-94.568,49.451],[-94.563,49.454],[-94.563,49.458],[-94.559,49.457],[-94.559,49.459],[-94.563,49.461],[-94.561,49.464],[-94.557,49.464],[-94.555,49.466],[-94.551,49.468],[-94.543,49.467],[-94.535,49.466],[-94.533,49.468],[-94.529,49.468],[-94.52,49.471],[-94.514,49.47],[-94.509,49.471],[-94.506,49.473],[-94.501,49.473],[-94.492,49.472],[-94.487,49.472],[-94.488,49.475],[-94.486,49.476],[-94.479,49.473],[-94.469,49.474],[-94.466,49.477],[-94.463,49.475],[-94.449,49.477],[-94.443,49.478],[-94.438,49.477],[-94.434,49.479],[-94.429,49.48],[-94.426,49.481],[-94.42,49.483],[-94.418,49.48],[-94.412,49.48],[-94.41,49.478],[-94.407,49.48],[-94.402,49.482],[-94.398,49.482],[-94.392,49.483],[-94.381,49.482],[-94.372,49.479],[-94.37,49.481],[-94.367,49.479],[-94.373,49.478],[-94.377,49.477],[-94.381,49.478],[-94.385,49.476],[-94.383,49.473],[-94.379,49.474],[-94.378,49.471],[-94.386,49.467],[-94.387,49.459],[-94.383,49.459],[-94.38,49.456],[-94.38,49.454],[-94.385,49.453],[-94.387,49.455],[-94.391,49.454],[-94.388,49.45],[-94.395,49.448],[-94.39,49.445],[-94.382,49.445],[-94.365,49.441],[-94.367,49.444],[-94.372,49.444],[-94.373,49.448],[-94.377,49.447],[-94.381,49.449],[-94.386,49.448],[-94.387,49.451],[-94.385,49.452],[-94.381,49.452],[-94.38,49.45],[-94.376,49.451],[-94.372,49.45],[-94.371,49.448],[-94.363,49.446],[-94.359,49.45],[-94.365,49.452],[-94.37,49.45],[-94.373,49.452],[-94.372,49.454],[-94.376,49.457],[-94.372,49.461],[-94.372,49.465],[-94.369,49.466],[-94.361,49.463],[-94.354,49.457],[-94.361,49.456],[-94.361,49.454],[-94.352,49.453],[-94.349,49.454],[-94.351,49.458],[-94.349,49.459],[-94.358,49.462],[-94.357,49.464],[-94.361,49.467],[-94.362,49.466],[-94.374,49.467],[-94.378,49.468],[-94.377,49.471],[-94.372,49.471],[-94.369,49.476],[-94.361,49.477],[-94.365,49.482],[-94.355,49.484],[-94.355,49.486],[-94.351,49.487],[-94.353,49.489],[-94.346,49.489],[-94.347,49.487],[-94.336,49.487],[-94.334,49.483],[-94.328,49.482],[-94.327,49.488],[-94.319,49.489],[-94.321,49.491],[-94.316,49.494],[-94.31,49.491],[-94.309,49.486],[-94.317,49.485],[-94.303,49.483],[-94.299,49.481],[-94.297,49.477],[-94.29,49.477],[-94.284,49.478],[-94.286,49.482],[-94.281,49.484],[-94.273,49.479],[-94.267,49.478],[-94.256,49.477],[-94.252,49.478],[-94.244,49.474],[-94.24,49.475],[-94.226,49.474],[-94.223,49.472],[-94.226,49.469],[-94.226,49.467],[-94.233,49.463],[-94.239,49.462],[-94.242,49.462],[-94.248,49.459],[-94.257,49.458],[-94.256,49.461],[-94.26,49.464],[-94.264,49.464],[-94.267,49.46],[-94.269,49.459],[-94.275,49.461],[-94.277,49.464],[-94.282,49.464],[-94.291,49.461],[-94.299,49.464],[-94.302,49.463],[-94.309,49.466],[-94.314,49.465],[-94.318,49.469],[-94.315,49.471],[-94.312,49.469],[-94.311,49.473],[-94.304,49.475],[-94.301,49.478],[-94.311,49.48],[-94.31,49.477],[-94.315,49.478],[-94.315,49.475],[-94.324,49.474],[-94.325,49.468],[-94.329,49.468],[-94.333,49.467],[-94.338,49.467],[-94.342,49.471],[-94.347,49.474],[-94.343,49.464],[-94.34,49.465],[-94.329,49.465],[-94.322,49.464],[-94.32,49.462],[-94.315,49.463],[-94.311,49.46],[-94.309,49.455],[-94.305,49.457],[-94.309,49.46],[-94.307,49.463],[-94.29,49.46],[-94.278,49.456],[-94.276,49.453],[-94.269,49.45],[-94.266,49.447],[-94.267,49.445],[-94.274,49.447],[-94.277,49.448],[-94.282,49.448],[-94.284,49.447],[-94.276,49.445],[-94.276,49.442],[-94.274,49.439],[-94.28,49.44],[-94.28,49.435],[-94.278,49.433],[-94.28,49.432],[-94.28,49.429],[-94.292,49.429],[-94.293,49.425],[-94.292,49.421],[-94.282,49.421],[-94.285,49.419],[-94.29,49.419],[-94.294,49.416],[-94.298,49.416],[-94.306,49.412],[-94.302,49.41],[-94.299,49.414],[-94.294,49.415],[-94.292,49.415],[-94.29,49.41],[-94.281,49.41],[-94.28,49.413],[-94.284,49.414],[-94.284,49.416],[-94.278,49.418],[-94.272,49.417],[-94.27,49.414],[-94.271,49.408],[-94.275,49.404],[-94.276,49.407],[-94.278,49.409],[-94.282,49.409],[-94.284,49.406],[-94.291,49.408],[-94.293,49.405],[-94.297,49.403],[-94.297,49.4],[-94.293,49.399],[-94.299,49.396],[-94.304,49.395],[-94.307,49.393],[-94.315,49.392],[-94.317,49.395],[-94.321,49.393],[-94.33,49.388],[-94.338,49.387],[-94.339,49.385],[-94.339,49.382],[-94.342,49.38],[-94.345,49.376],[-94.338,49.376],[-94.333,49.379],[-94.332,49.381],[-94.329,49.381],[-94.319,49.382],[-94.317,49.381],[-94.311,49.375],[-94.314,49.373],[-94.329,49.373],[-94.331,49.368],[-94.337,49.364],[-94.335,49.364],[-94.328,49.367],[-94.326,49.366],[-94.315,49.369],[-94.311,49.372],[-94.307,49.372],[-94.303,49.378],[-94.305,49.383],[-94.302,49.385],[-94.289,49.382],[-94.286,49.386],[-94.287,49.392],[-94.278,49.395],[-94.276,49.396],[-94.282,49.398],[-94.286,49.398],[-94.287,49.401],[-94.269,49.402],[-94.262,49.401],[-94.261,49.399],[-94.248,49.403],[-94.242,49.41],[-94.245,49.412],[-94.248,49.411],[-94.251,49.413],[-94.246,49.415],[-94.238,49.416],[-94.237,49.418],[-94.234,49.418],[-94.232,49.421],[-94.223,49.423],[-94.216,49.423],[-94.216,49.421],[-94.22,49.419],[-94.215,49.415],[-94.214,49.412],[-94.212,49.411],[-94.209,49.408],[-94.205,49.406],[-94.206,49.403],[-94.202,49.401],[-94.203,49.399],[-94.206,49.396],[-94.203,49.391],[-94.205,49.389],[-94.205,49.383],[-94.214,49.386],[-94.223,49.385],[-94.227,49.387],[-94.23,49.39],[-94.235,49.393],[-94.245,49.393],[-94.246,49.387],[-94.251,49.388],[-94.253,49.389],[-94.254,49.393],[-94.261,49.395],[-94.262,49.39],[-94.268,49.39],[-94.267,49.388],[-94.263,49.389],[-94.26,49.387],[-94.248,49.385],[-94.244,49.387],[-94.242,49.387],[-94.232,49.387],[-94.223,49.384],[-94.216,49.385],[-94.208,49.381],[-94.205,49.379],[-94.204,49.375],[-94.206,49.369],[-94.213,49.371],[-94.218,49.369],[-94.219,49.367],[-94.224,49.369],[-94.224,49.365],[-94.232,49.363],[-94.235,49.364],[-94.238,49.363],[-94.239,49.364],[-94.246,49.364],[-94.246,49.365],[-94.242,49.367],[-94.243,49.368],[-94.248,49.365],[-94.248,49.364],[-94.249,49.363],[-94.249,49.362],[-94.248,49.362],[-94.248,49.361],[-94.248,49.36],[-94.247,49.36],[-94.234,49.362],[-94.225,49.363],[-94.221,49.363],[-94.216,49.359],[-94.218,49.353],[-94.217,49.349],[-94.223,49.348],[-94.225,49.351],[-94.228,49.359],[-94.231,49.356],[-94.227,49.351],[-94.223,49.344],[-94.225,49.343],[-94.229,49.343],[-94.229,49.34],[-94.236,49.338],[-94.235,49.336],[-94.228,49.34],[-94.223,49.339],[-94.224,49.337],[-94.23,49.333],[-94.231,49.332],[-94.221,49.329],[-94.219,49.326],[-94.215,49.325],[-94.216,49.322],[-94.218,49.321],[-94.222,49.322],[-94.223,49.32],[-94.219,49.319],[-94.218,49.316],[-94.214,49.315],[-94.213,49.318],[-94.21,49.317],[-94.209,49.314],[-94.203,49.312],[-94.202,49.31],[-94.198,49.31],[-94.196,49.308],[-94.193,49.317],[-94.189,49.316],[-94.188,49.312],[-94.185,49.312],[-94.186,49.316],[-94.181,49.315],[-94.179,49.317],[-94.173,49.318],[-94.168,49.317],[-94.166,49.314],[-94.17,49.31],[-94.168,49.305],[-94.165,49.305],[-94.166,49.309],[-94.16,49.308],[-94.154,49.305],[-94.151,49.302],[-94.147,49.301],[-94.146,49.298],[-94.141,49.299],[-94.126,49.296],[-94.126,49.294],[-94.12,49.296],[-94.116,49.296],[-94.114,49.294],[-94.113,49.29],[-94.116,49.288],[-94.116,49.284],[-94.123,49.282],[-94.118,49.28],[-94.114,49.283],[-94.109,49.283],[-94.105,49.286],[-94.107,49.288],[-94.101,49.29],[-94.095,49.287],[-94.094,49.288],[-94.088,49.285],[-94.087,49.283],[-94.087,49.276],[-94.082,49.277],[-94.082,49.28],[-94.085,49.284],[-94.08,49.284],[-94.079,49.28],[-94.073,49.28],[-94.073,49.279],[-94.069,49.273],[-94.07,49.272],[-94.066,49.267],[-94.073,49.266],[-94.076,49.261],[-94.069,49.261],[-94.062,49.263],[-94.062,49.259],[-94.059,49.257],[-94.062,49.254],[-94.068,49.255],[-94.075,49.251],[-94.077,49.248],[-94.066,49.248],[-94.064,49.247],[-94.066,49.243],[-94.068,49.24],[-94.072,49.241],[-94.073,49.243],[-94.078,49.244],[-94.08,49.246],[-94.087,49.249],[-94.094,49.252],[-94.095,49.248],[-94.104,49.247],[-94.103,49.244],[-94.098,49.246],[-94.09,49.247],[-94.076,49.241],[-94.075,49.235],[-94.078,49.235],[-94.082,49.233],[-94.086,49.237],[-94.087,49.241],[-94.091,49.24],[-94.09,49.236],[-94.093,49.235],[-94.094,49.232],[-94.099,49.23],[-94.099,49.228],[-94.107,49.226],[-94.109,49.229],[-94.113,49.23],[-94.12,49.23],[-94.121,49.229],[-94.13,49.227],[-94.135,49.226],[-94.136,49.221],[-94.138,49.221],[-94.141,49.224],[-94.143,49.222],[-94.141,49.219],[-94.129,49.218],[-94.129,49.221],[-94.122,49.224],[-94.116,49.223],[-94.112,49.221],[-94.116,49.217],[-94.127,49.215],[-94.132,49.214],[-94.139,49.212],[-94.136,49.209],[-94.138,49.205],[-94.138,49.202],[-94.134,49.202],[-94.126,49.198],[-94.122,49.198],[-94.117,49.201],[-94.116,49.199],[-94.11,49.201],[-94.107,49.205],[-94.101,49.206],[-94.099,49.211],[-94.096,49.213],[-94.093,49.212],[-94.089,49.216],[-94.091,49.219],[-94.099,49.222],[-94.082,49.226],[-94.073,49.23],[-94.069,49.231],[-94.065,49.235],[-94.057,49.239],[-94.056,49.243],[-94.052,49.243],[-94.052,49.24],[-94.048,49.24],[-94.04,49.237],[-94.039,49.242],[-94.043,49.244],[-94.047,49.245],[-94.05,49.252],[-94.048,49.253],[-94.041,49.251],[-94.038,49.252],[-94.04,49.258],[-94.042,49.258],[-94.044,49.261],[-94.041,49.264],[-94.035,49.263],[-94.037,49.269],[-94.036,49.272],[-94.037,49.275],[-94.033,49.276],[-94.034,49.28],[-94.037,49.283],[-94.035,49.285],[-94.036,49.289],[-94.035,49.293],[-94.036,49.295],[-94.036,49.299],[-94.038,49.303],[-94.034,49.311],[-94.036,49.316],[-94.041,49.317],[-94.038,49.319],[-94.036,49.323],[-94.038,49.326],[-94.036,49.328],[-94.038,49.331],[-94.042,49.329],[-94.044,49.334],[-94.048,49.338],[-94.055,49.331],[-94.055,49.337],[-94.056,49.341],[-94.056,49.343],[-94.06,49.344],[-94.059,49.348],[-94.054,49.356],[-94.062,49.357],[-94.061,49.36],[-94.057,49.36],[-94.054,49.363],[-94.059,49.363],[-94.065,49.368],[-94.058,49.368],[-94.061,49.372],[-94.059,49.373],[-94.055,49.37],[-94.051,49.369],[-94.049,49.372],[-94.046,49.368],[-94.041,49.369],[-94.04,49.365],[-94.044,49.362],[-94.037,49.356],[-94.037,49.353],[-94.035,49.349],[-94.034,49.346],[-94.03,49.344],[-94.03,49.341],[-94.028,49.338],[-94.026,49.339],[-94.02,49.345],[-94.015,49.345],[-94.015,49.342],[-94.013,49.341],[-94.009,49.343],[-94.009,49.345],[-94.004,49.347],[-94.003,49.35],[-94.001,49.351],[-93.996,49.348],[-93.995,49.343],[-93.996,49.34],[-94.001,49.337],[-94.002,49.333],[-94.005,49.331],[-94.011,49.333],[-94.015,49.338],[-94.02,49.338],[-94.026,49.334],[-94.023,49.331],[-94.022,49.328],[-94.027,49.326],[-94.028,49.324],[-94.025,49.323],[-94.025,49.321],[-94.024,49.319],[-94.022,49.321],[-94.022,49.324],[-94.02,49.325],[-94.019,49.331],[-94.017,49.334],[-94.013,49.332],[-94.015,49.33],[-94.009,49.327],[-94.005,49.327],[-93.999,49.329],[-93.993,49.33],[-93.993,49.332],[-93.981,49.34],[-93.984,49.345],[-93.991,49.34],[-93.993,49.349],[-93.998,49.35],[-93.996,49.353],[-93.997,49.356],[-93.999,49.358],[-94.001,49.362],[-94.003,49.365],[-94.006,49.365],[-94.01,49.369],[-94.015,49.37],[-94.012,49.372],[-94.013,49.374],[-94.007,49.374],[-94.008,49.376],[-94.016,49.377],[-94.019,49.377],[-94.021,49.382],[-94.027,49.38],[-94.021,49.376],[-94.027,49.374],[-94.033,49.377],[-94.039,49.381],[-94.038,49.383],[-94.044,49.384],[-94.044,49.386],[-94.05,49.386],[-94.058,49.386],[-94.06,49.389],[-94.07,49.39],[-94.069,49.387],[-94.063,49.388],[-94.061,49.385],[-94.062,49.383],[-94.067,49.384],[-94.066,49.377],[-94.062,49.376],[-94.063,49.374],[-94.067,49.374],[-94.073,49.377],[-94.076,49.375],[-94.079,49.375],[-94.082,49.379],[-94.085,49.381],[-94.092,49.382],[-94.093,49.385],[-94.099,49.385],[-94.099,49.388],[-94.103,49.389],[-94.106,49.391],[-94.105,49.394],[-94.118,49.395],[-94.118,49.398],[-94.111,49.398],[-94.114,49.4],[-94.118,49.399],[-94.118,49.402],[-94.122,49.404],[-94.122,49.407],[-94.124,49.409],[-94.121,49.411],[-94.116,49.408],[-94.109,49.406],[-94.109,49.41],[-94.105,49.412],[-94.096,49.413],[-94.086,49.413],[-94.083,49.411],[-94.078,49.41],[-94.076,49.407],[-94.068,49.404],[-94.065,49.401],[-94.061,49.401],[-94.06,49.403],[-94.062,49.405],[-94.055,49.406],[-94.055,49.403],[-94.052,49.4],[-94.048,49.399],[-94.044,49.4],[-94.042,49.397],[-94.032,49.398],[-94.029,49.397],[-94.022,49.397],[-94.018,49.398],[-94.014,49.396],[-94.006,49.398],[-94.002,49.4],[-93.997,49.4],[-93.997,49.396],[-93.992,49.392],[-93.988,49.392],[-93.983,49.395],[-93.975,49.395],[-93.979,49.391],[-93.978,49.389],[-93.973,49.387],[-93.974,49.392],[-93.972,49.392],[-93.972,49.394],[-93.974,49.395],[-93.972,49.398],[-93.969,49.396],[-93.966,49.394],[-93.966,49.393],[-93.965,49.393],[-93.965,49.396],[-93.963,49.396],[-93.962,49.396],[-93.963,49.397],[-93.963,49.398],[-93.962,49.399],[-93.957,49.4],[-93.959,49.404],[-93.965,49.404],[-93.966,49.402],[-93.973,49.404],[-93.972,49.401],[-93.977,49.4],[-93.98,49.402],[-93.981,49.406],[-93.986,49.408],[-93.987,49.409],[-93.983,49.412],[-93.985,49.415],[-93.989,49.414],[-93.992,49.419],[-93.989,49.42],[-93.984,49.419],[-93.984,49.417],[-93.977,49.413],[-93.973,49.412],[-93.97,49.412],[-93.961,49.41],[-93.96,49.412],[-93.953,49.412],[-93.95,49.41],[-93.947,49.412],[-93.94,49.411],[-93.934,49.414],[-93.933,49.415],[-93.935,49.416],[-93.938,49.419],[-93.933,49.422],[-93.929,49.421],[-93.927,49.417],[-93.925,49.41],[-93.921,49.408],[-93.913,49.406],[-93.906,49.406],[-93.898,49.408],[-93.896,49.407],[-93.891,49.41],[-93.887,49.409],[-93.889,49.407],[-93.884,49.406],[-93.882,49.408],[-93.875,49.409],[-93.865,49.413],[-93.858,49.414],[-93.855,49.413],[-93.85,49.416],[-93.844,49.42],[-93.854,49.42],[-93.862,49.42],[-93.865,49.422],[-93.87,49.42],[-93.875,49.424],[-93.88,49.423],[-93.884,49.424],[-93.891,49.424],[-93.899,49.425],[-93.894,49.427],[-93.9,49.43],[-93.901,49.433],[-93.905,49.43],[-93.911,49.429],[-93.917,49.431],[-93.927,49.43],[-93.933,49.43],[-93.939,49.433],[-93.943,49.432],[-93.95,49.432],[-93.954,49.432],[-93.965,49.434],[-93.963,49.431],[-93.96,49.43],[-93.955,49.432],[-93.95,49.432],[-93.944,49.429],[-93.953,49.428],[-93.96,49.426],[-93.959,49.423],[-93.97,49.426],[-93.972,49.427],[-93.976,49.427],[-93.978,49.428],[-93.983,49.429],[-93.99,49.43],[-93.993,49.431],[-94.002,49.431],[-94.012,49.433],[-94.016,49.439],[-94.006,49.439],[-94.01,49.442],[-94.014,49.441],[-94.014,49.444],[-94.013,49.444],[-94.011,49.444],[-94.01,49.444],[-94.011,49.445],[-94.015,49.447],[-94.014,49.45],[-94.018,49.45],[-94.02,49.448],[-94.024,49.45],[-94.028,49.451],[-94.034,49.454],[-94.03,49.457],[-94.032,49.459],[-94.041,49.453],[-94.049,49.457],[-94.058,49.456],[-94.062,49.458],[-94.075,49.457],[-94.08,49.454],[-94.086,49.456],[-94.087,49.46],[-94.094,49.461],[-94.096,49.46],[-94.101,49.462],[-94.108,49.463],[-94.106,49.469],[-94.112,49.468],[-94.112,49.464],[-94.118,49.466],[-94.117,49.471],[-94.12,49.473],[-94.113,49.476],[-94.119,49.478],[-94.12,49.475],[-94.128,49.475],[-94.127,49.47],[-94.123,49.469],[-94.121,49.466],[-94.123,49.464],[-94.117,49.461],[-94.115,49.463],[-94.112,49.462],[-94.107,49.456],[-94.092,49.455],[-94.097,49.453],[-94.103,49.455],[-94.109,49.455],[-94.113,49.459],[-94.116,49.457],[-94.12,49.457],[-94.122,49.459],[-94.128,49.459],[-94.131,49.461],[-94.141,49.461],[-94.147,49.463],[-94.149,49.467],[-94.158,49.469],[-94.175,49.47],[-94.175,49.475],[-94.178,49.476],[-94.186,49.475],[-94.186,49.477],[-94.193,49.48],[-94.197,49.48],[-94.197,49.477],[-94.202,49.481],[-94.206,49.48],[-94.203,49.488],[-94.208,49.49],[-94.206,49.492],[-94.197,49.494],[-94.195,49.491],[-94.191,49.492],[-94.191,49.494],[-94.185,49.493],[-94.177,49.495],[-94.172,49.494],[-94.167,49.495],[-94.176,49.497],[-94.182,49.494],[-94.186,49.494],[-94.191,49.495],[-94.193,49.494],[-94.196,49.499],[-94.203,49.499],[-94.206,49.501],[-94.208,49.498],[-94.211,49.496],[-94.208,49.494],[-94.215,49.49],[-94.221,49.49],[-94.218,49.487],[-94.221,49.485],[-94.227,49.483],[-94.233,49.483],[-94.239,49.484],[-94.256,49.486],[-94.267,49.49],[-94.272,49.49],[-94.272,49.492],[-94.263,49.491],[-94.254,49.493],[-94.251,49.493],[-94.249,49.491],[-94.245,49.491],[-94.246,49.494],[-94.24,49.495],[-94.234,49.493],[-94.229,49.491],[-94.225,49.492],[-94.227,49.495],[-94.232,49.497],[-94.242,49.495],[-94.245,49.496],[-94.241,49.498],[-94.235,49.498],[-94.23,49.498],[-94.223,49.5],[-94.222,49.498],[-94.218,49.498],[-94.214,49.503],[-94.219,49.503],[-94.223,49.504],[-94.226,49.502],[-94.229,49.504],[-94.227,49.506],[-94.231,49.508],[-94.234,49.507],[-94.238,49.507],[-94.24,49.508],[-94.248,49.509],[-94.247,49.512],[-94.244,49.513],[-94.236,49.515],[-94.219,49.519],[-94.225,49.522],[-94.236,49.518],[-94.25,49.515],[-94.251,49.517],[-94.257,49.515],[-94.263,49.511],[-94.267,49.509],[-94.268,49.511],[-94.283,49.509],[-94.294,49.51],[-94.293,49.513],[-94.286,49.517],[-94.289,49.521],[-94.297,49.521],[-94.299,49.524],[-94.303,49.525],[-94.299,49.53],[-94.304,49.531],[-94.309,49.529],[-94.305,49.523],[-94.299,49.52],[-94.294,49.52],[-94.288,49.518],[-94.295,49.513],[-94.295,49.509],[-94.299,49.509],[-94.303,49.512],[-94.31,49.514],[-94.312,49.513],[-94.315,49.514],[-94.321,49.514],[-94.326,49.513],[-94.334,49.515],[-94.335,49.518],[-94.333,49.52],[-94.334,49.523],[-94.332,49.526],[-94.33,49.532],[-94.324,49.535],[-94.32,49.534],[-94.318,49.536],[-94.322,49.541],[-94.316,49.544],[-94.316,49.546],[-94.319,49.548],[-94.322,49.546],[-94.325,49.543],[-94.329,49.543],[-94.325,49.549],[-94.322,49.55],[-94.321,49.553],[-94.324,49.554],[-94.325,49.556],[-94.328,49.555],[-94.329,49.554],[-94.33,49.554],[-94.332,49.553],[-94.33,49.553],[-94.337,49.553],[-94.338,49.554],[-94.349,49.554],[-94.355,49.557],[-94.356,49.56],[-94.361,49.559],[-94.363,49.562],[-94.363,49.564],[-94.365,49.566],[-94.372,49.568],[-94.377,49.568],[-94.383,49.572],[-94.388,49.573],[-94.389,49.576],[-94.387,49.579],[-94.391,49.584],[-94.395,49.585],[-94.401,49.585],[-94.402,49.587],[-94.415,49.588],[-94.423,49.591],[-94.432,49.593],[-94.428,49.596],[-94.423,49.599],[-94.425,49.601],[-94.421,49.603],[-94.415,49.606],[-94.407,49.605],[-94.401,49.605],[-94.4,49.608],[-94.394,49.607],[-94.393,49.605],[-94.389,49.604],[-94.385,49.605],[-94.384,49.603],[-94.388,49.601],[-94.383,49.599],[-94.384,49.594],[-94.387,49.593],[-94.387,49.588],[-94.385,49.586],[-94.383,49.579],[-94.381,49.577],[-94.375,49.577],[-94.373,49.579],[-94.374,49.584],[-94.376,49.585],[-94.378,49.59],[-94.376,49.591],[-94.377,49.594],[-94.382,49.593],[-94.383,49.596],[-94.379,49.596],[-94.378,49.599],[-94.373,49.598],[-94.37,49.595],[-94.366,49.586],[-94.363,49.587],[-94.362,49.59],[-94.359,49.59],[-94.356,49.591],[-94.356,49.598],[-94.355,49.6],[-94.351,49.6],[-94.345,49.599],[-94.342,49.601],[-94.334,49.601],[-94.328,49.599],[-94.325,49.597],[-94.316,49.596],[-94.324,49.59],[-94.326,49.591],[-94.326,49.595],[-94.332,49.597],[-94.338,49.595],[-94.342,49.593],[-94.345,49.595],[-94.352,49.595],[-94.353,49.593],[-94.35,49.591],[-94.347,49.592],[-94.341,49.589],[-94.337,49.592],[-94.332,49.591],[-94.33,49.587],[-94.324,49.585],[-94.32,49.588],[-94.318,49.586],[-94.31,49.583],[-94.312,49.587],[-94.307,49.59],[-94.301,49.59],[-94.295,49.587],[-94.282,49.589],[-94.278,49.586],[-94.271,49.588],[-94.267,49.587],[-94.262,49.588],[-94.258,49.59],[-94.255,49.587],[-94.252,49.587],[-94.247,49.589],[-94.241,49.59],[-94.231,49.589],[-94.226,49.59],[-94.229,49.593],[-94.245,49.592],[-94.258,49.593],[-94.257,49.597],[-94.264,49.597],[-94.273,49.595],[-94.273,49.592],[-94.277,49.594],[-94.283,49.594],[-94.288,49.595],[-94.296,49.594],[-94.303,49.594],[-94.303,49.597],[-94.306,49.599],[-94.303,49.601],[-94.295,49.603],[-94.286,49.606],[-94.278,49.604],[-94.277,49.607],[-94.28,49.608],[-94.286,49.607],[-94.29,49.609],[-94.298,49.61],[-94.308,49.61],[-94.314,49.609],[-94.317,49.613],[-94.329,49.615],[-94.331,49.613],[-94.345,49.613],[-94.348,49.616],[-94.341,49.618],[-94.337,49.622],[-94.337,49.624],[-94.344,49.623],[-94.344,49.625],[-94.351,49.625],[-94.355,49.626],[-94.361,49.624],[-94.365,49.628],[-94.37,49.629],[-94.371,49.626],[-94.366,49.625],[-94.364,49.623],[-94.365,49.618],[-94.371,49.616],[-94.377,49.617],[-94.384,49.617],[-94.386,49.62],[-94.394,49.62],[-94.389,49.624],[-94.39,49.626],[-94.386,49.627],[-94.397,49.629],[-94.41,49.63],[-94.41,49.634],[-94.405,49.634],[-94.394,49.63],[-94.385,49.63],[-94.376,49.628],[-94.376,49.63],[-94.38,49.634],[-94.375,49.635],[-94.367,49.633],[-94.364,49.632],[-94.36,49.634],[-94.356,49.633],[-94.356,49.631],[-94.351,49.628],[-94.348,49.63],[-94.341,49.631],[-94.337,49.63],[-94.336,49.627],[-94.341,49.627],[-94.338,49.624],[-94.333,49.627],[-94.328,49.626],[-94.312,49.622],[-94.304,49.621],[-94.306,49.624],[-94.31,49.627],[-94.318,49.628],[-94.318,49.631],[-94.311,49.631],[-94.312,49.634],[-94.319,49.634],[-94.328,49.638],[-94.323,49.639],[-94.319,49.638],[-94.313,49.641],[-94.311,49.64],[-94.307,49.643],[-94.312,49.644],[-94.31,49.647],[-94.314,49.648],[-94.31,49.653],[-94.307,49.654],[-94.31,49.657],[-94.307,49.661],[-94.305,49.661],[-94.299,49.665],[-94.298,49.669],[-94.295,49.672],[-94.296,49.674],[-94.301,49.677],[-94.306,49.676],[-94.309,49.673],[-94.312,49.674],[-94.314,49.67],[-94.31,49.67],[-94.308,49.667],[-94.315,49.664],[-94.317,49.661],[-94.321,49.664],[-94.324,49.664],[-94.323,49.667],[-94.319,49.67],[-94.32,49.672],[-94.314,49.676],[-94.311,49.676],[-94.309,49.679],[-94.313,49.681],[-94.317,49.684],[-94.32,49.684],[-94.321,49.681],[-94.325,49.68],[-94.327,49.678],[-94.33,49.679],[-94.329,49.685],[-94.333,49.687],[-94.339,49.687],[-94.344,49.684],[-94.349,49.688],[-94.352,49.689],[-94.354,49.691],[-94.36,49.692],[-94.361,49.699],[-94.362,49.702],[-94.367,49.702],[-94.373,49.694],[-94.373,49.691],[-94.376,49.691],[-94.374,49.696],[-94.375,49.699],[-94.374,49.706],[-94.372,49.71],[-94.369,49.712],[-94.37,49.714],[-94.365,49.72],[-94.361,49.722],[-94.357,49.726],[-94.361,49.73],[-94.367,49.729],[-94.368,49.727],[-94.372,49.727],[-94.378,49.725],[-94.376,49.721],[-94.374,49.719],[-94.378,49.715],[-94.378,49.71],[-94.382,49.714],[-94.381,49.718],[-94.382,49.719],[-94.382,49.724],[-94.386,49.724],[-94.39,49.723],[-94.399,49.718],[-94.404,49.723],[-94.401,49.725],[-94.395,49.726],[-94.396,49.727],[-94.405,49.727],[-94.411,49.725],[-94.414,49.727],[-94.419,49.728],[-94.419,49.725],[-94.415,49.724],[-94.419,49.72],[-94.426,49.719],[-94.43,49.718],[-94.432,49.713],[-94.436,49.711],[-94.434,49.709],[-94.437,49.706],[-94.444,49.704],[-94.448,49.709],[-94.448,49.714],[-94.441,49.717],[-94.44,49.718],[-94.444,49.721],[-94.441,49.724],[-94.447,49.724],[-94.447,49.726],[-94.449,49.728],[-94.448,49.73],[-94.453,49.733],[-94.456,49.731],[-94.461,49.73],[-94.463,49.727],[-94.472,49.724],[-94.478,49.729],[-94.478,49.731],[-94.476,49.732],[-94.475,49.736],[-94.481,49.739],[-94.485,49.74],[-94.49,49.744],[-94.486,49.744],[-94.481,49.747],[-94.479,49.75],[-94.49,49.751],[-94.49,49.753],[-94.488,49.755],[-94.492,49.757],[-94.489,49.762],[-94.48,49.764],[-94.474,49.764],[-94.466,49.768],[-94.465,49.765],[-94.467,49.762],[-94.463,49.76],[-94.459,49.76],[-94.458,49.762],[-94.454,49.762],[-94.454,49.764],[-94.447,49.766],[-94.45,49.768],[-94.459,49.766],[-94.464,49.766],[-94.466,49.768],[-94.473,49.766],[-94.478,49.764],[-94.48,49.765],[-94.488,49.763],[-94.494,49.765],[-94.49,49.768],[-94.495,49.771],[-94.498,49.77],[-94.498,49.766],[-94.51,49.764],[-94.509,49.768],[-94.515,49.772],[-94.519,49.773],[-94.517,49.769],[-94.511,49.769],[-94.512,49.766],[-94.52,49.765],[-94.525,49.763],[-94.524,49.761],[-94.529,49.76],[-94.533,49.76],[-94.537,49.759],[-94.544,49.758],[-94.545,49.76],[-94.541,49.762],[-94.545,49.765],[-94.551,49.764],[-94.547,49.761],[-94.548,49.757],[-94.556,49.756],[-94.56,49.754],[-94.564,49.754],[-94.571,49.751],[-94.573,49.741],[-94.576,49.737],[-94.581,49.735],[-94.565,49.734],[-94.572,49.733],[-94.569,49.728],[-94.568,49.724],[-94.562,49.723],[-94.559,49.719],[-94.555,49.719],[-94.557,49.712],[-94.553,49.712],[-94.549,49.713],[-94.546,49.712],[-94.533,49.71],[-94.526,49.705],[-94.523,49.704],[-94.519,49.704],[-94.515,49.702],[-94.52,49.699],[-94.523,49.699],[-94.527,49.697],[-94.527,49.7],[-94.523,49.702],[-94.527,49.704],[-94.534,49.705],[-94.537,49.703],[-94.532,49.702],[-94.534,49.698],[-94.53,49.695],[-94.535,49.693],[-94.535,49.696],[-94.539,49.698],[-94.544,49.697],[-94.545,49.701],[-94.548,49.702],[-94.555,49.701],[-94.555,49.697],[-94.558,49.691],[-94.564,49.684],[-94.564,49.682],[-94.556,49.682],[-94.556,49.681],[-94.56,49.678],[-94.565,49.675],[-94.562,49.672],[-94.557,49.676],[-94.553,49.677],[-94.551,49.68],[-94.542,49.683],[-94.54,49.685],[-94.532,49.688],[-94.534,49.69],[-94.533,49.693],[-94.53,49.694],[-94.526,49.692],[-94.52,49.693],[-94.522,49.697],[-94.517,49.698],[-94.518,49.695],[-94.512,49.693],[-94.524,49.686],[-94.52,49.685],[-94.52,49.683],[-94.526,49.68],[-94.528,49.676],[-94.539,49.679],[-94.54,49.677],[-94.546,49.676],[-94.552,49.673],[-94.555,49.672],[-94.558,49.671],[-94.559,49.668],[-94.573,49.666],[-94.578,49.664],[-94.579,49.662],[-94.583,49.659],[-94.589,49.656],[-94.596,49.657],[-94.603,49.655],[-94.61,49.655],[-94.616,49.657],[-94.619,49.655],[-94.625,49.653],[-94.634,49.657],[-94.636,49.655],[-94.647,49.654],[-94.66,49.656],[-94.661,49.659],[-94.669,49.655],[-94.671,49.656],[-94.678,49.655],[-94.681,49.658],[-94.672,49.658],[-94.67,49.659],[-94.669,49.662],[-94.664,49.662],[-94.662,49.664],[-94.658,49.666],[-94.657,49.669],[-94.659,49.672],[-94.651,49.677],[-94.647,49.678],[-94.646,49.682],[-94.638,49.689],[-94.647,49.691],[-94.651,49.689],[-94.657,49.689],[-94.673,49.69],[-94.677,49.692],[-94.677,49.694],[-94.671,49.696],[-94.668,49.699],[-94.662,49.7],[-94.657,49.697],[-94.651,49.698],[-94.649,49.696],[-94.641,49.695],[-94.633,49.7],[-94.627,49.702],[-94.621,49.7],[-94.623,49.697],[-94.623,49.695],[-94.616,49.694],[-94.605,49.699],[-94.604,49.697],[-94.596,49.696],[-94.592,49.698],[-94.589,49.696],[-94.581,49.697],[-94.579,49.698],[-94.572,49.698],[-94.575,49.695],[-94.572,49.693],[-94.574,49.691],[-94.571,49.69],[-94.564,49.69],[-94.565,49.695],[-94.567,49.698],[-94.564,49.7],[-94.576,49.702],[-94.583,49.702],[-94.583,49.705],[-94.578,49.707],[-94.576,49.709],[-94.577,49.712],[-94.583,49.714],[-94.587,49.711],[-94.59,49.712],[-94.597,49.712],[-94.6,49.709],[-94.605,49.705],[-94.612,49.704],[-94.616,49.705],[-94.619,49.704],[-94.623,49.706],[-94.63,49.706],[-94.629,49.711],[-94.639,49.709],[-94.641,49.708],[-94.645,49.709],[-94.64,49.712],[-94.635,49.713],[-94.628,49.717],[-94.631,49.719],[-94.637,49.718],[-94.639,49.716],[-94.645,49.713],[-94.65,49.712],[-94.649,49.711],[-94.654,49.709],[-94.657,49.713],[-94.654,49.716],[-94.656,49.719],[-94.65,49.721],[-94.645,49.72],[-94.643,49.723],[-94.646,49.726],[-94.656,49.726],[-94.658,49.723],[-94.662,49.721],[-94.658,49.715],[-94.662,49.715],[-94.669,49.716],[-94.669,49.718],[-94.674,49.719],[-94.674,49.716],[-94.672,49.715],[-94.677,49.712],[-94.689,49.714],[-94.693,49.713],[-94.695,49.715],[-94.7,49.713],[-94.705,49.714],[-94.72,49.712],[-94.727,49.712],[-94.728,49.71],[-94.737,49.71],[-94.74,49.711],[-94.744,49.715],[-94.751,49.712],[-94.753,49.713],[-94.758,49.711],[-94.765,49.707],[-94.77,49.706],[-94.777,49.704],[-94.784,49.703],[-94.785,49.701],[-94.796,49.699],[-94.801,49.7],[-94.803,49.699],[-94.802,49.696],[-94.807,49.695],[-94.81,49.699],[-94.807,49.7],[-94.798,49.702],[-94.795,49.702],[-94.795,49.705],[-94.788,49.705],[-94.785,49.706],[-94.785,49.711],[-94.787,49.713],[-94.79,49.712],[-94.8,49.711],[-94.802,49.712],[-94.806,49.713],[-94.81,49.71],[-94.818,49.709],[-94.817,49.705],[-94.823,49.704],[-94.827,49.699],[-94.823,49.697],[-94.836,49.694],[-94.84,49.694],[-94.847,49.693],[-94.846,49.69],[-94.86,49.691],[-94.865,49.692],[-94.873,49.691],[-94.879,49.689],[-94.866,49.687],[-94.858,49.687],[-94.855,49.686],[-94.85,49.686],[-94.846,49.682],[-94.85,49.68],[-94.847,49.677],[-94.844,49.68],[-94.842,49.678],[-94.834,49.677],[-94.835,49.674],[-94.839,49.675],[-94.853,49.674],[-94.85,49.668],[-94.855,49.668],[-94.857,49.669],[-94.865,49.667],[-94.871,49.668],[-94.875,49.665],[-94.879,49.668],[-94.882,49.667],[-94.895,49.671],[-94.897,49.669],[-94.898,49.667],[-94.905,49.667],[-94.906,49.665],[-94.91,49.665],[-94.912,49.666],[-94.909,49.669],[-94.912,49.671],[-94.916,49.674],[-94.92,49.677],[-94.923,49.675],[-94.929,49.676],[-94.929,49.674],[-94.922,49.675],[-94.915,49.672],[-94.911,49.669],[-94.917,49.664],[-94.925,49.662],[-94.932,49.664],[-94.944,49.66],[-94.94,49.659],[-94.936,49.66],[-94.929,49.658],[-94.925,49.659],[-94.917,49.658],[-94.914,49.66],[-94.9,49.662],[-94.897,49.665],[-94.893,49.665],[-94.894,49.662],[-94.89,49.657],[-94.883,49.656],[-94.873,49.656],[-94.878,49.659],[-94.884,49.658],[-94.887,49.662],[-94.887,49.663],[-94.879,49.663],[-94.878,49.661],[-94.869,49.664],[-94.864,49.665],[-94.858,49.664],[-94.864,49.66],[-94.865,49.655],[-94.873,49.654],[-94.879,49.655],[-94.887,49.654],[-94.89,49.655],[-94.897,49.653],[-94.906,49.653],[-94.906,49.655],[-94.913,49.654],[-94.912,49.651],[-94.925,49.65],[-94.926,49.646],[-94.932,49.644],[-94.933,49.643],[-94.924,49.64],[-94.924,49.638],[-94.932,49.638],[-94.935,49.636],[-94.929,49.634],[-94.927,49.636],[-94.92,49.636],[-94.916,49.633],[-94.911,49.633],[-94.903,49.638],[-94.903,49.641],[-94.899,49.641],[-94.898,49.644],[-94.905,49.644],[-94.896,49.647],[-94.892,49.646],[-94.879,49.646],[-94.875,49.648],[-94.865,49.646],[-94.855,49.649],[-94.852,49.654],[-94.852,49.657],[-94.847,49.658],[-94.844,49.66],[-94.838,49.66],[-94.839,49.657],[-94.837,49.654],[-94.843,49.654],[-94.843,49.651],[-94.846,49.649],[-94.842,49.647],[-94.828,49.647],[-94.824,49.649],[-94.821,49.649],[-94.82,49.652],[-94.816,49.651],[-94.808,49.649],[-94.812,49.644],[-94.815,49.636],[-94.814,49.634],[-94.82,49.631],[-94.822,49.63],[-94.823,49.626],[-94.83,49.624],[-94.83,49.621],[-94.835,49.621],[-94.837,49.619],[-94.847,49.621],[-94.851,49.619],[-94.854,49.623],[-94.853,49.625],[-94.848,49.623],[-94.842,49.623],[-94.844,49.626],[-94.843,49.628],[-94.839,49.63],[-94.839,49.632],[-94.842,49.635],[-94.843,49.631],[-94.847,49.629],[-94.852,49.628],[-94.856,49.628],[-94.857,49.625],[-94.855,49.623],[-94.86,49.623],[-94.863,49.62],[-94.866,49.622],[-94.87,49.618],[-94.864,49.617],[-94.86,49.615],[-94.857,49.616],[-94.852,49.614],[-94.855,49.612],[-94.856,49.609],[-94.853,49.608],[-94.849,49.609],[-94.842,49.617],[-94.833,49.619],[-94.816,49.62],[-94.816,49.623],[-94.819,49.625],[-94.817,49.627],[-94.813,49.626],[-94.8,49.627],[-94.799,49.629],[-94.803,49.631],[-94.799,49.635],[-94.787,49.637],[-94.788,49.632],[-94.782,49.63],[-94.777,49.63],[-94.775,49.628],[-94.776,49.626],[-94.78,49.626],[-94.784,49.624],[-94.775,49.621],[-94.783,49.619],[-94.789,49.618],[-94.786,49.616],[-94.799,49.614],[-94.804,49.615],[-94.81,49.612],[-94.813,49.617],[-94.823,49.613],[-94.827,49.613],[-94.836,49.61],[-94.837,49.608],[-94.844,49.603],[-94.845,49.598],[-94.853,49.596],[-94.855,49.593],[-94.852,49.592],[-94.851,49.586],[-94.857,49.582],[-94.863,49.577],[-94.874,49.572],[-94.878,49.569],[-94.883,49.568],[-94.892,49.571],[-94.898,49.567],[-94.901,49.568],[-94.905,49.566],[-94.908,49.568],[-94.911,49.568],[-94.916,49.563],[-94.925,49.56],[-94.93,49.561],[-94.933,49.563],[-94.937,49.562],[-94.937,49.56],[-94.941,49.557],[-94.946,49.56],[-94.944,49.565],[-94.945,49.569],[-94.938,49.569],[-94.935,49.572],[-94.937,49.573],[-94.952,49.572],[-94.956,49.573],[-94.953,49.576],[-94.954,49.578],[-94.959,49.574],[-94.96,49.573],[-94.956,49.57],[-94.953,49.571],[-94.951,49.568],[-94.956,49.566],[-94.965,49.564],[-94.97,49.564],[-94.974,49.57],[-94.978,49.571],[-94.978,49.574],[-94.983,49.573],[-94.985,49.571],[-94.99,49.572],[-94.993,49.575],[-94.998,49.577],[-94.995,49.578],[-95.001,49.582],[-95.002,49.584],[-94.999,49.59],[-94.996,49.593],[-94.993,49.599],[-94.987,49.606],[-94.981,49.615],[-94.979,49.614],[-94.984,49.611],[-94.977,49.611],[-94.974,49.61],[-94.975,49.606],[-94.977,49.605],[-94.979,49.598],[-94.977,49.596],[-94.976,49.592],[-94.98,49.587],[-94.976,49.583],[-94.974,49.588],[-94.97,49.591],[-94.965,49.594],[-94.961,49.593],[-94.96,49.591],[-94.955,49.59],[-94.954,49.591],[-94.956,49.593],[-94.956,49.596],[-94.948,49.595],[-94.947,49.599],[-94.953,49.602],[-94.958,49.603],[-94.962,49.602],[-94.964,49.608],[-94.969,49.608],[-94.964,49.613],[-94.959,49.616],[-94.956,49.621],[-94.953,49.621],[-94.956,49.626],[-94.959,49.627],[-94.967,49.625],[-94.97,49.623],[-94.977,49.623],[-94.979,49.625],[-94.986,49.621],[-94.987,49.622],[-94.982,49.627],[-94.984,49.63],[-94.988,49.629],[-94.991,49.626],[-94.995,49.628],[-94.993,49.63],[-94.985,49.634],[-94.988,49.636],[-94.995,49.633],[-94.997,49.636],[-95.005,49.634],[-95.009,49.636],[-95.014,49.635],[-95.015,49.637],[-95.011,49.638],[-95.015,49.641],[-95.027,49.637],[-95.033,49.636],[-95.046,49.637],[-95.048,49.633],[-95.051,49.635],[-95.066,49.628],[-95.07,49.625],[-95.065,49.62],[-95.068,49.618],[-95.075,49.618],[-95.085,49.619],[-95.095,49.62],[-95.099,49.619],[-95.101,49.617],[-95.099,49.615],[-95.1,49.612],[-95.112,49.615],[-95.117,49.617],[-95.119,49.621],[-95.116,49.623],[-95.105,49.624],[-95.103,49.626],[-95.097,49.627],[-95.098,49.63],[-95.11,49.63],[-95.112,49.632],[-95.099,49.635],[-95.093,49.634],[-95.09,49.635],[-95.082,49.636],[-95.087,49.639],[-95.092,49.639],[-95.097,49.638],[-95.106,49.635],[-95.11,49.635],[-95.114,49.638],[-95.11,49.64],[-95.107,49.641],[-95.104,49.647],[-95.105,49.649],[-95.11,49.651],[-95.112,49.653],[-95.115,49.652],[-95.118,49.647],[-95.124,49.647],[-95.128,49.652],[-95.134,49.653],[-95.139,49.65],[-95.137,49.647],[-95.141,49.645],[-95.144,49.646],[-95.15,49.645],[-95.153,49.646],[-95.153,49.671],[-95.153,49.692],[-95.153,49.709],[-95.154,49.739],[-95.153,49.741],[-95.152,49.746],[-95.152,49.768],[-95.153,49.798],[-95.153,49.833],[-95.153,49.902],[-95.153,49.972],[-95.153,50.001],[-95.153,50.004],[-95.153,50.028],[-95.153,50.045],[-95.153,50.111],[-95.153,50.133],[-95.153,50.223],[-95.153,50.243],[-95.153,50.247],[-95.153,50.327],[-95.153,50.377],[-95.153,50.39],[-95.153,50.417],[-95.153,50.432],[-95.153,50.459],[-95.154,50.459],[-95.153,50.477],[-95.153,50.504],[-95.153,50.552],[-95.153,50.576],[-95.153,50.612],[-95.153,50.635],[-95.153,50.637],[-95.153,50.683],[-95.153,50.75],[-95.153,50.775],[-95.153,50.781],[-95.153,50.813],[-95.153,50.87],[-95.153,50.896],[-95.153,50.898],[-95.153,50.943],[-95.153,50.961],[-95.153,51],[-95.153,51.058],[-95.153,51.12],[-95.153,51.221],[-95.153,51.33],[-95.153,51.426],[-95.153,51.507],[-95.153,51.542],[-95.153,51.644],[-95.153,51.745],[-95.153,51.801],[-95.153,51.863],[-95.153,51.969],[-95.153,52.022],[-95.153,52.107],[-95.153,52.18],[-95.153,52.287],[-95.153,52.333],[-95.153,52.373],[-95.153,52.425],[-95.153,52.47],[-95.153,52.516],[-95.153,52.553],[-95.153,52.586],[-95.153,52.607],[-95.153,52.63],[-95.153,52.654],[-95.153,52.661],[-95.153,52.731],[-95.153,52.785],[-95.153,52.841],[-95.004,52.933],[-94.978,52.949],[-94.898,52.998],[-94.868,53.016],[-94.737,53.096],[-94.527,53.223],[-94.426,53.284],[-94.263,53.381],[-94.134,53.455],[-94.045,53.505],[-93.958,53.554],[-93.955,53.556],[-93.818,53.638],[-93.738,53.685],[-93.684,53.717],[-93.659,53.732],[-93.638,53.745],[-93.63,53.75],[-93.588,53.781],[-93.548,53.811],[-93.521,53.831],[-93.5,53.846],[-93.329,53.97],[-93.289,54],[-93.19,54.075],[-93.17,54.089],[-93.14,54.111],[-93.092,54.146],[-93.006,54.207],[-93.006,54.208],[-92.928,54.264],[-92.742,54.395],[-92.72,54.41],[-92.687,54.433],[-92.659,54.453],[-92.535,54.538],[-92.536,54.538],[-92.47,54.584],[-92.47,54.583],[-92.412,54.623],[-92.384,54.642],[-92.233,54.745],[-92.189,54.775],[-92.121,54.822],[-92,54.906],[-91.87,55],[-91.748,55.085],[-91.648,55.158],[-91.521,55.244],[-91.44,55.299],[-91.346,55.362],[-91.163,55.484],[-91.138,55.5],[-91,55.591],[-91,55.495],[-91,55.428],[-91,55.335],[-91,55.25],[-91,55.182],[-91,55.11],[-91,55],[-91,54.906],[-91,54.828],[-91,54.737],[-91,54.631],[-91,54.531],[-91,54.48],[-91,54.404],[-91,54.293],[-91,54.287],[-91,54.268],[-91,54.189],[-91,54.111],[-91,54.028],[-91,53.944],[-90.848,53.943],[-90.837,53.946],[-90.839,53.93],[-90.835,53.926],[-90.834,53.908],[-90.842,53.905],[-90.852,53.897],[-90.85,53.895],[-90.844,53.891],[-90.846,53.885],[-90.837,53.883],[-90.842,53.88],[-90.844,53.876],[-90.841,53.874],[-90.843,53.871],[-90.842,53.869],[-90.836,53.869],[-90.833,53.866],[-90.838,53.864],[-90.837,53.862],[-90.845,53.86],[-90.852,53.856],[-90.856,53.858],[-90.859,53.858],[-90.862,53.856],[-90.862,53.853],[-90.866,53.853],[-90.864,53.849],[-90.868,53.844],[-90.873,53.842],[-90.875,53.839],[-90.883,53.838],[-90.879,53.835],[-90.875,53.835],[-90.875,53.832],[-90.891,53.832],[-91,53.834],[-91,53.75],[-91,53.643],[-91,53.572],[-91,53.5],[-91,53.428],[-91,53.36],[-91,53.29],[-91,53.216],[-91,53.154],[-91,53.089],[-91,53.02],[-91,52.944],[-91,52.884],[-91,52.795],[-91,52.696],[-91,52.6],[-91,52.497],[-90.464,52.499],[-90.427,52.499],[-89.93,52.498],[-89.533,52.496],[-89.506,52.495],[-89.506,52.478],[-89.509,51.886],[-89.509,51.869],[-89.512,51.304],[-89.516,51.302],[-89.524,51.3],[-89.528,51.298],[-89.529,51.295],[-89.538,51.292],[-89.548,51.286],[-89.558,51.28],[-89.564,51.281],[-89.571,51.28],[-89.58,51.274],[-89.58,51.272],[-89.576,51.265],[-89.579,51.26],[-89.579,51.252],[-89.584,51.25],[-89.593,51.249],[-89.598,51.251],[-89.599,51.254],[-89.601,51.256],[-89.61,51.257],[-89.615,51.257],[-89.62,51.254],[-89.626,51.251],[-89.633,51.247],[-89.635,51.247],[-89.641,51.245],[-89.654,51.24],[-89.655,51.238],[-89.663,51.234],[-89.671,51.234],[-89.682,51.227],[-89.698,51.23],[-89.703,51.23],[-89.707,51.227],[-89.709,51.224],[-89.715,51.221],[-89.719,51.22],[-89.725,51.22],[-89.728,51.221],[-89.741,51.218],[-89.747,51.214],[-89.755,51.215],[-89.759,51.215],[-89.765,51.217],[-89.775,51.218],[-89.794,51.217],[-89.793,51.213],[-89.799,51.21],[-89.801,51.21],[-89.805,51.205],[-89.812,51.203],[-89.817,51.204],[-89.825,51.199],[-89.83,51.199],[-89.84,51.194],[-89.843,51.191],[-89.846,51.19],[-89.852,51.186],[-89.86,51.181],[-89.867,51.181],[-89.871,51.18],[-89.876,51.177],[-89.879,51.174],[-89.884,51.175],[-89.888,51.179],[-89.892,51.176],[-89.918,51.166],[-89.928,51.169],[-89.933,51.172],[-89.942,51.172],[-89.947,51.175],[-89.958,51.175],[-89.967,51.174],[-89.969,51.174],[-89.977,51.169],[-89.973,51.168],[-89.967,51.169],[-89.964,51.168],[-89.969,51.165],[-89.969,51.164],[-89.972,51.16],[-89.976,51.157],[-89.974,51.156],[-89.979,51.151],[-89.991,51.148],[-89.998,51.146],[-90.009,51.147],[-90.013,51.145],[-90.016,51.146],[-90.023,51.144],[-90.028,51.14],[-90.033,51.136],[-90.038,51.133],[-90.047,51.132],[-90.051,51.13],[-90.057,51.13],[-90.054,51.133],[-90.064,51.135],[-90.064,51.138],[-90.067,51.138],[-90.068,51.14],[-90.073,51.142],[-90.075,51.144],[-90.067,51.144],[-90.069,51.146],[-90.07,51.15],[-90.076,51.15],[-90.083,51.152],[-90.088,51.149],[-90.092,51.148],[-90.093,51.146],[-90.104,51.14],[-90.118,51.138],[-90.146,51.141],[-90.167,51.134],[-90.167,51.028],[-90.167,50.952],[-90.168,50.861],[-90.168,50.788],[-90.168,50.683],[-90.168,50.634],[-90.169,50.602],[-90.168,50.55],[-90.169,50.525],[-90.169,50.437],[-90.169,50.374],[-90.169,50.261],[-90.17,50.166],[-90.17,50.063],[-90.171,49.997],[-90.966,49.996],[-90.966,49.889],[-90.967,49.877],[-90.966,49.867],[-90.966,49.859],[-90.966,49.791],[-90.966,49.689],[-90.965,49.632],[-90.966,49.61],[-90.966,49.541],[-90.966,49.475],[-90.966,49.4],[-90.964,49.368],[-90.966,49.342],[-90.961,49.325],[-90.964,49.269],[-90.966,49.231],[-90.966,49.225],[-90.965,49.166],[-90.965,49.079],[-90.964,49.049],[-90.965,49.032],[-90.965,49.02],[-90.965,48.967],[-90.965,48.896],[-90.965,48.844],[-90.965,48.769],[-90.965,48.686],[-90.965,48.678],[-90.965,48.645],[-90.965,48.577],[-90.965,48.5],[-90.965,48.449],[-90.965,48.366],[-90.965,48.293],[-90.965,48.234]],[[-94.538,50.003],[-94.543,50.001],[-94.549,50],[-94.533,49.994],[-94.532,49.99],[-94.529,49.987],[-94.528,49.984],[-94.531,49.977],[-94.532,49.976],[-94.529,49.972],[-94.526,49.977],[-94.523,49.976],[-94.519,49.977],[-94.515,49.98],[-94.512,49.982],[-94.506,49.982],[-94.498,49.985],[-94.493,49.984],[-94.492,49.986],[-94.49,49.993],[-94.488,49.996],[-94.49,49.997],[-94.494,49.993],[-94.499,49.993],[-94.5,49.989],[-94.507,49.99],[-94.524,49.987],[-94.527,49.99],[-94.526,49.992],[-94.528,49.995],[-94.529,49.999],[-94.536,50.001],[-94.538,50.003]],[[-94.55,49.973],[-94.546,49.976],[-94.544,49.976],[-94.537,49.978],[-94.542,49.979],[-94.544,49.978],[-94.549,49.978],[-94.55,49.98],[-94.556,49.976],[-94.561,49.976],[-94.557,49.97],[-94.561,49.965],[-94.561,49.962],[-94.565,49.96],[-94.564,49.956],[-94.568,49.953],[-94.567,49.951],[-94.571,49.945],[-94.566,49.945],[-94.559,49.939],[-94.558,49.937],[-94.561,49.932],[-94.567,49.932],[-94.568,49.934],[-94.58,49.94],[-94.579,49.942],[-94.587,49.942],[-94.588,49.945],[-94.583,49.946],[-94.589,49.951],[-94.586,49.953],[-94.572,49.96],[-94.574,49.962],[-94.577,49.958],[-94.583,49.956],[-94.587,49.953],[-94.591,49.957],[-94.591,49.96],[-94.585,49.96],[-94.577,49.962],[-94.577,49.965],[-94.583,49.965],[-94.586,49.967],[-94.593,49.965],[-94.593,49.963],[-94.603,49.965],[-94.602,49.968],[-94.603,49.971],[-94.609,49.973],[-94.607,49.976],[-94.608,49.979],[-94.606,49.983],[-94.609,49.987],[-94.614,49.988],[-94.614,49.985],[-94.613,49.98],[-94.616,49.977],[-94.622,49.975],[-94.626,49.976],[-94.63,49.982],[-94.634,49.983],[-94.635,49.98],[-94.641,49.981],[-94.643,49.988],[-94.646,49.988],[-94.651,49.987],[-94.652,49.99],[-94.659,49.991],[-94.66,49.989],[-94.658,49.987],[-94.666,49.986],[-94.669,49.985],[-94.667,49.981],[-94.667,49.975],[-94.67,49.974],[-94.674,49.974],[-94.672,49.97],[-94.673,49.967],[-94.671,49.965],[-94.672,49.962],[-94.678,49.959],[-94.681,49.96],[-94.684,49.958],[-94.683,49.952],[-94.682,49.949],[-94.689,49.948],[-94.688,49.946],[-94.684,49.945],[-94.685,49.942],[-94.681,49.939],[-94.684,49.936],[-94.691,49.935],[-94.692,49.937],[-94.7,49.94],[-94.706,49.942],[-94.704,49.944],[-94.708,49.945],[-94.71,49.942],[-94.709,49.939],[-94.702,49.937],[-94.701,49.935],[-94.696,49.933],[-94.7,49.932],[-94.698,49.93],[-94.699,49.928],[-94.703,49.929],[-94.712,49.929],[-94.71,49.927],[-94.7,49.925],[-94.692,49.921],[-94.694,49.917],[-94.689,49.916],[-94.691,49.912],[-94.689,49.907],[-94.691,49.905],[-94.695,49.904],[-94.7,49.906],[-94.699,49.9],[-94.694,49.902],[-94.689,49.901],[-94.689,49.897],[-94.693,49.896],[-94.693,49.894],[-94.69,49.891],[-94.686,49.897],[-94.687,49.903],[-94.685,49.906],[-94.682,49.907],[-94.684,49.911],[-94.676,49.913],[-94.675,49.91],[-94.671,49.91],[-94.668,49.908],[-94.666,49.912],[-94.662,49.914],[-94.659,49.914],[-94.655,49.915],[-94.652,49.914],[-94.646,49.916],[-94.642,49.916],[-94.642,49.911],[-94.639,49.911],[-94.639,49.908],[-94.637,49.907],[-94.635,49.902],[-94.635,49.898],[-94.632,49.894],[-94.632,49.888],[-94.633,49.886],[-94.632,49.881],[-94.637,49.876],[-94.634,49.873],[-94.635,49.868],[-94.628,49.866],[-94.62,49.868],[-94.622,49.869],[-94.62,49.876],[-94.618,49.878],[-94.614,49.877],[-94.615,49.873],[-94.613,49.871],[-94.61,49.876],[-94.612,49.878],[-94.607,49.88],[-94.605,49.883],[-94.601,49.887],[-94.597,49.882],[-94.598,49.88],[-94.595,49.878],[-94.591,49.876],[-94.589,49.88],[-94.586,49.878],[-94.587,49.874],[-94.589,49.871],[-94.587,49.87],[-94.59,49.862],[-94.599,49.858],[-94.593,49.857],[-94.592,49.854],[-94.598,49.852],[-94.596,49.851],[-94.597,49.848],[-94.602,49.846],[-94.608,49.843],[-94.612,49.844],[-94.613,49.842],[-94.62,49.84],[-94.627,49.839],[-94.629,49.837],[-94.644,49.833],[-94.644,49.831],[-94.653,49.825],[-94.659,49.822],[-94.665,49.823],[-94.667,49.823],[-94.668,49.822],[-94.672,49.82],[-94.673,49.818],[-94.672,49.816],[-94.669,49.814],[-94.673,49.811],[-94.675,49.811],[-94.673,49.814],[-94.679,49.818],[-94.684,49.82],[-94.688,49.819],[-94.692,49.821],[-94.691,49.815],[-94.69,49.81],[-94.692,49.808],[-94.692,49.804],[-94.681,49.802],[-94.678,49.806],[-94.676,49.807],[-94.673,49.804],[-94.668,49.805],[-94.672,49.811],[-94.668,49.814],[-94.663,49.818],[-94.659,49.818],[-94.652,49.823],[-94.649,49.825],[-94.64,49.831],[-94.635,49.832],[-94.629,49.83],[-94.623,49.834],[-94.619,49.834],[-94.612,49.84],[-94.606,49.837],[-94.602,49.837],[-94.597,49.839],[-94.592,49.838],[-94.584,49.835],[-94.585,49.829],[-94.579,49.829],[-94.572,49.827],[-94.571,49.824],[-94.575,49.82],[-94.574,49.817],[-94.577,49.815],[-94.575,49.812],[-94.576,49.807],[-94.58,49.803],[-94.584,49.802],[-94.585,49.797],[-94.581,49.798],[-94.58,49.801],[-94.576,49.805],[-94.574,49.802],[-94.573,49.798],[-94.569,49.796],[-94.575,49.793],[-94.571,49.791],[-94.571,49.788],[-94.564,49.789],[-94.564,49.786],[-94.557,49.782],[-94.554,49.782],[-94.55,49.779],[-94.546,49.785],[-94.541,49.786],[-94.533,49.785],[-94.523,49.785],[-94.517,49.783],[-94.518,49.781],[-94.523,49.778],[-94.536,49.774],[-94.542,49.774],[-94.546,49.773],[-94.55,49.771],[-94.552,49.772],[-94.558,49.769],[-94.564,49.768],[-94.568,49.769],[-94.574,49.767],[-94.583,49.766],[-94.588,49.765],[-94.589,49.762],[-94.594,49.761],[-94.602,49.761],[-94.601,49.767],[-94.593,49.766],[-94.589,49.768],[-94.59,49.771],[-94.596,49.769],[-94.604,49.77],[-94.606,49.768],[-94.609,49.767],[-94.612,49.769],[-94.602,49.774],[-94.6,49.778],[-94.596,49.777],[-94.592,49.779],[-94.596,49.781],[-94.6,49.781],[-94.601,49.778],[-94.607,49.777],[-94.611,49.773],[-94.612,49.77],[-94.617,49.771],[-94.618,49.772],[-94.624,49.772],[-94.631,49.77],[-94.614,49.765],[-94.606,49.765],[-94.603,49.763],[-94.607,49.76],[-94.606,49.757],[-94.613,49.755],[-94.615,49.753],[-94.606,49.753],[-94.603,49.754],[-94.598,49.754],[-94.589,49.756],[-94.588,49.76],[-94.584,49.761],[-94.573,49.762],[-94.563,49.765],[-94.56,49.764],[-94.556,49.766],[-94.552,49.766],[-94.552,49.769],[-94.549,49.77],[-94.543,49.77],[-94.539,49.769],[-94.535,49.77],[-94.536,49.773],[-94.527,49.775],[-94.525,49.777],[-94.515,49.78],[-94.513,49.779],[-94.513,49.776],[-94.505,49.776],[-94.509,49.773],[-94.505,49.773],[-94.499,49.776],[-94.497,49.779],[-94.5,49.783],[-94.509,49.784],[-94.505,49.788],[-94.506,49.791],[-94.515,49.792],[-94.518,49.793],[-94.52,49.796],[-94.524,49.797],[-94.522,49.8],[-94.516,49.799],[-94.51,49.805],[-94.505,49.803],[-94.503,49.806],[-94.51,49.808],[-94.516,49.807],[-94.518,49.815],[-94.521,49.815],[-94.524,49.819],[-94.53,49.819],[-94.529,49.823],[-94.534,49.822],[-94.535,49.82],[-94.544,49.817],[-94.551,49.822],[-94.553,49.826],[-94.549,49.829],[-94.549,49.832],[-94.553,49.833],[-94.55,49.835],[-94.552,49.839],[-94.55,49.846],[-94.545,49.845],[-94.54,49.848],[-94.537,49.848],[-94.527,49.851],[-94.524,49.851],[-94.519,49.853],[-94.51,49.854],[-94.511,49.856],[-94.521,49.854],[-94.522,49.853],[-94.534,49.852],[-94.535,49.85],[-94.539,49.85],[-94.544,49.852],[-94.548,49.855],[-94.55,49.849],[-94.553,49.848],[-94.564,49.848],[-94.564,49.846],[-94.569,49.845],[-94.574,49.846],[-94.575,49.849],[-94.578,49.853],[-94.576,49.857],[-94.578,49.86],[-94.578,49.864],[-94.574,49.865],[-94.561,49.869],[-94.554,49.867],[-94.555,49.863],[-94.554,49.86],[-94.556,49.86],[-94.557,49.859],[-94.558,49.859],[-94.557,49.859],[-94.557,49.858],[-94.557,49.857],[-94.557,49.856],[-94.557,49.855],[-94.556,49.855],[-94.556,49.852],[-94.551,49.858],[-94.552,49.859],[-94.553,49.86],[-94.553,49.862],[-94.551,49.864],[-94.55,49.872],[-94.554,49.873],[-94.552,49.877],[-94.552,49.881],[-94.547,49.882],[-94.544,49.886],[-94.549,49.887],[-94.548,49.894],[-94.545,49.895],[-94.549,49.902],[-94.547,49.907],[-94.541,49.911],[-94.543,49.912],[-94.541,49.915],[-94.538,49.916],[-94.538,49.92],[-94.543,49.919],[-94.543,49.913],[-94.546,49.916],[-94.546,49.919],[-94.543,49.92],[-94.534,49.929],[-94.535,49.931],[-94.538,49.932],[-94.54,49.935],[-94.544,49.938],[-94.55,49.936],[-94.552,49.937],[-94.553,49.945],[-94.556,49.945],[-94.565,49.947],[-94.562,49.949],[-94.565,49.952],[-94.562,49.954],[-94.558,49.956],[-94.56,49.959],[-94.558,49.967],[-94.553,49.969],[-94.55,49.973]]]]}},{"type":"Feature","properties":{"HR_UID":"3551","ENGNAME":"Ottawa Public Health"},"geometry":{"type":"Polygon","coordinates":[[[-75.595,45.084],[-75.607,45.098],[-75.619,45.113],[-75.628,45.124],[-75.627,45.12],[-75.621,45.112],[-75.618,45.106],[-75.619,45.102],[-75.621,45.098],[-75.623,45.096],[-75.63,45.092],[-75.635,45.09],[-75.637,45.086],[-75.64,45.073],[-75.642,45.069],[-75.648,45.065],[-75.659,45.059],[-75.67,45.055],[-75.674,45.052],[-75.679,45.048],[-75.684,45.047],[-75.689,45.048],[-75.691,45.046],[-75.691,45.042],[-75.697,45.036],[-75.699,45.031],[-75.706,45.025],[-75.713,45.023],[-75.719,45.02],[-75.725,45.02],[-75.729,45.019],[-75.734,45.014],[-75.743,45.009],[-75.75,45.007],[-75.751,45.005],[-75.757,45.004],[-75.76,45],[-75.764,44.998],[-75.765,44.994],[-75.77,44.99],[-75.788,44.983],[-75.796,44.983],[-75.8,44.981],[-75.805,44.98],[-75.81,44.977],[-75.812,44.974],[-75.813,44.97],[-75.82,44.968],[-75.82,44.962],[-75.846,44.983],[-75.876,45.008],[-75.89,45.019],[-75.897,45.026],[-75.916,45.041],[-75.926,45.05],[-75.953,45.072],[-75.941,45.08],[-75.953,45.09],[-75.974,45.108],[-76.002,45.131],[-76.065,45.184],[-76.092,45.205],[-76.106,45.217],[-76.111,45.221],[-76.148,45.25],[-76.168,45.268],[-76.177,45.276],[-76.192,45.288],[-76.211,45.303],[-76.214,45.301],[-76.23,45.313],[-76.246,45.326],[-76.256,45.333],[-76.28,45.351],[-76.313,45.377],[-76.343,45.4],[-76.354,45.411],[-76.348,45.414],[-76.323,45.43],[-76.314,45.436],[-76.311,45.439],[-76.297,45.447],[-76.296,45.465],[-76.291,45.466],[-76.277,45.467],[-76.262,45.468],[-76.245,45.469],[-76.24,45.471],[-76.239,45.475],[-76.233,45.508],[-76.228,45.512],[-76.21,45.517],[-76.201,45.519],[-76.192,45.519],[-76.166,45.517],[-76.154,45.517],[-76.14,45.518],[-76.106,45.516],[-76.09,45.514],[-76.073,45.508],[-76.048,45.5],[-76.023,45.489],[-75.987,45.48],[-75.969,45.47],[-75.955,45.46],[-75.943,45.447],[-75.929,45.429],[-75.916,45.417],[-75.904,45.409],[-75.895,45.402],[-75.884,45.395],[-75.843,45.376],[-75.83,45.373],[-75.818,45.373],[-75.804,45.376],[-75.797,45.378],[-75.792,45.381],[-75.779,45.39],[-75.772,45.396],[-75.766,45.402],[-75.76,45.41],[-75.756,45.412],[-75.751,45.413],[-75.742,45.414],[-75.73,45.417],[-75.723,45.417],[-75.721,45.419],[-75.722,45.422],[-75.718,45.421],[-75.708,45.423],[-75.705,45.425],[-75.704,45.427],[-75.704,45.432],[-75.703,45.438],[-75.7,45.444],[-75.696,45.449],[-75.689,45.456],[-75.683,45.459],[-75.678,45.461],[-75.665,45.463],[-75.652,45.465],[-75.639,45.466],[-75.627,45.469],[-75.619,45.471],[-75.591,45.473],[-75.576,45.475],[-75.567,45.478],[-75.564,45.481],[-75.556,45.484],[-75.549,45.486],[-75.542,45.49],[-75.52,45.499],[-75.512,45.502],[-75.491,45.509],[-75.478,45.514],[-75.469,45.515],[-75.457,45.519],[-75.445,45.521],[-75.439,45.52],[-75.424,45.52],[-75.417,45.521],[-75.415,45.523],[-75.409,45.524],[-75.407,45.523],[-75.397,45.523],[-75.391,45.524],[-75.383,45.527],[-75.345,45.537],[-75.343,45.537],[-75.328,45.511],[-75.325,45.509],[-75.31,45.483],[-75.297,45.459],[-75.288,45.442],[-75.282,45.43],[-75.267,45.402],[-75.246,45.365],[-75.267,45.359],[-75.268,45.356],[-75.328,45.339],[-75.379,45.325],[-75.407,45.318],[-75.426,45.312],[-75.408,45.275],[-75.402,45.265],[-75.38,45.226],[-75.364,45.199],[-75.353,45.182],[-75.377,45.172],[-75.435,45.148],[-75.452,45.142],[-75.477,45.133],[-75.496,45.127],[-75.512,45.12],[-75.538,45.109],[-75.56,45.1],[-75.595,45.084]]]}},{"type":"Feature","properties":{"HR_UID":"3553","ENGNAME":"Peel Public Health"},"geometry":{"type":"Polygon","coordinates":[[[-79.639,43.75],[-79.637,43.746],[-79.626,43.729],[-79.614,43.708],[-79.606,43.696],[-79.6,43.684],[-79.589,43.665],[-79.609,43.646],[-79.608,43.645],[-79.596,43.643],[-79.593,43.645],[-79.588,43.642],[-79.585,43.637],[-79.586,43.636],[-79.585,43.629],[-79.575,43.625],[-79.567,43.628],[-79.564,43.628],[-79.564,43.625],[-79.567,43.621],[-79.567,43.618],[-79.568,43.614],[-79.564,43.612],[-79.567,43.61],[-79.565,43.607],[-79.563,43.607],[-79.556,43.602],[-79.556,43.6],[-79.554,43.598],[-79.553,43.595],[-79.549,43.595],[-79.549,43.591],[-79.546,43.589],[-79.548,43.587],[-79.544,43.585],[-79.543,43.581],[-79.544,43.578],[-79.543,43.575],[-79.546,43.574],[-79.553,43.568],[-79.555,43.569],[-79.558,43.567],[-79.557,43.565],[-79.559,43.562],[-79.562,43.562],[-79.565,43.564],[-79.572,43.557],[-79.579,43.554],[-79.582,43.552],[-79.579,43.55],[-79.582,43.545],[-79.59,43.539],[-79.594,43.539],[-79.598,43.536],[-79.601,43.529],[-79.602,43.523],[-79.602,43.515],[-79.601,43.51],[-79.603,43.506],[-79.604,43.5],[-79.606,43.497],[-79.612,43.494],[-79.614,43.492],[-79.616,43.488],[-79.619,43.487],[-79.625,43.481],[-79.628,43.483],[-79.682,43.523],[-79.697,43.508],[-79.717,43.523],[-79.725,43.525],[-79.728,43.527],[-79.731,43.531],[-79.746,43.539],[-79.757,43.547],[-79.764,43.553],[-79.771,43.558],[-79.783,43.566],[-79.791,43.572],[-79.795,43.575],[-79.808,43.585],[-79.81,43.589],[-79.802,43.596],[-79.797,43.599],[-79.788,43.601],[-79.825,43.627],[-79.897,43.681],[-79.969,43.734],[-80.06,43.803],[-80.144,43.865],[-80.137,43.872],[-80.097,43.908],[-80.093,43.905],[-80.083,43.915],[-80.087,43.917],[-80.083,43.922],[-80.075,43.918],[-80.071,43.915],[-80.066,43.92],[-80.071,43.924],[-80.07,43.925],[-80.032,43.934],[-79.999,43.941],[-79.984,43.945],[-79.951,43.951],[-79.87,43.969],[-79.809,43.982],[-79.802,43.984],[-79.797,43.985],[-79.776,43.99],[-79.763,43.967],[-79.756,43.956],[-79.746,43.938],[-79.742,43.931],[-79.713,43.879],[-79.705,43.864],[-79.679,43.819],[-79.672,43.808],[-79.643,43.758],[-79.641,43.752],[-79.639,43.75]]]}},{"type":"Feature","properties":{"HR_UID":"3555","ENGNAME":"Peterborough Public Health"},"geometry":{"type":"Polygon","coordinates":[[[-77.727,44.436],[-77.76,44.427],[-77.807,44.411],[-77.826,44.408],[-77.839,44.406],[-77.861,44.401],[-77.876,44.398],[-77.913,44.389],[-77.909,44.381],[-77.901,44.365],[-77.903,44.361],[-77.912,44.343],[-77.92,44.336],[-77.927,44.331],[-77.935,44.322],[-77.937,44.321],[-77.946,44.319],[-77.95,44.316],[-77.952,44.312],[-77.957,44.32],[-77.973,44.315],[-77.97,44.31],[-77.966,44.304],[-77.965,44.301],[-77.969,44.297],[-77.975,44.296],[-77.992,44.291],[-77.999,44.289],[-78.005,44.287],[-78.008,44.284],[-78.014,44.282],[-78.021,44.28],[-78.024,44.278],[-78.036,44.267],[-78.045,44.262],[-78.059,44.26],[-78.074,44.257],[-78.082,44.254],[-78.091,44.244],[-78.102,44.234],[-78.115,44.224],[-78.12,44.217],[-78.145,44.194],[-78.155,44.188],[-78.165,44.181],[-78.22,44.143],[-78.227,44.15],[-78.254,44.134],[-78.264,44.129],[-78.271,44.126],[-78.282,44.125],[-78.293,44.125],[-78.298,44.126],[-78.304,44.127],[-78.308,44.129],[-78.344,44.12],[-78.346,44.12],[-78.381,44.112],[-78.422,44.101],[-78.447,44.095],[-78.486,44.088],[-78.499,44.085],[-78.509,44.081],[-78.516,44.099],[-78.522,44.111],[-78.533,44.135],[-78.546,44.165],[-78.545,44.166],[-78.548,44.168],[-78.552,44.179],[-78.563,44.204],[-78.58,44.243],[-78.584,44.251],[-78.583,44.253],[-78.556,44.26],[-78.513,44.269],[-78.476,44.278],[-78.452,44.284],[-78.425,44.29],[-78.438,44.317],[-78.447,44.337],[-78.459,44.364],[-78.471,44.388],[-78.479,44.407],[-78.486,44.422],[-78.49,44.431],[-78.492,44.446],[-78.492,44.453],[-78.488,44.462],[-78.488,44.466],[-78.49,44.475],[-78.493,44.479],[-78.505,44.49],[-78.508,44.493],[-78.51,44.497],[-78.512,44.509],[-78.514,44.523],[-78.526,44.548],[-78.529,44.554],[-78.544,44.55],[-78.553,44.57],[-78.569,44.604],[-78.578,44.625],[-78.583,44.635],[-78.599,44.67],[-78.609,44.692],[-78.612,44.698],[-78.615,44.705],[-78.615,44.707],[-78.622,44.722],[-78.634,44.747],[-78.636,44.753],[-78.655,44.794],[-78.646,44.796],[-78.614,44.804],[-78.601,44.807],[-78.579,44.812],[-78.573,44.813],[-78.562,44.816],[-78.541,44.821],[-78.525,44.825],[-78.516,44.827],[-78.498,44.831],[-78.481,44.835],[-78.46,44.839],[-78.448,44.843],[-78.431,44.847],[-78.419,44.85],[-78.397,44.855],[-78.38,44.858],[-78.372,44.86],[-78.347,44.866],[-78.325,44.872],[-78.312,44.875],[-78.208,44.898],[-78.187,44.903],[-78.141,44.917],[-78.138,44.911],[-78.129,44.893],[-78.127,44.893],[-78.119,44.876],[-78.101,44.879],[-78.078,44.885],[-77.977,44.908],[-77.961,44.911],[-77.958,44.905],[-77.941,44.873],[-77.921,44.839],[-77.919,44.834],[-77.911,44.819],[-77.884,44.77],[-77.887,44.769],[-77.881,44.757],[-77.866,44.719],[-77.86,44.703],[-77.852,44.684],[-77.829,44.631],[-77.822,44.617],[-77.821,44.615],[-77.815,44.602],[-77.813,44.599],[-77.797,44.573],[-77.786,44.55],[-77.782,44.54],[-77.766,44.509],[-77.759,44.494],[-77.753,44.483],[-77.75,44.478],[-77.741,44.462],[-77.733,44.447],[-77.727,44.436]]]}},{"type":"Feature","properties":{"HR_UID":"3556","ENGNAME":"Porcupine Health Unit"},"geometry":{"type":"Polygon","coordinates":[[[-79.518,48.276],[-79.574,48.276],[-79.641,48.276],[-79.671,48.276],[-79.7,48.275],[-79.708,48.276],[-79.758,48.275],[-79.758,48.276],[-79.825,48.276],[-79.846,48.276],[-79.871,48.276],[-79.909,48.275],[-79.991,48.276],[-80.042,48.276],[-80.147,48.276],[-80.21,48.276],[-80.234,48.276],[-80.256,48.277],[-80.276,48.277],[-80.331,48.277],[-80.405,48.276],[-80.405,48.277],[-80.543,48.277],[-80.547,48.277],[-80.567,48.277],[-80.573,48.277],[-80.737,48.277],[-80.746,48.276],[-80.802,48.277],[-80.813,48.277],[-80.85,48.278],[-80.913,48.278],[-80.972,48.278],[-81.075,48.278],[-81.075,48.216],[-81.073,48.104],[-81.074,48.103],[-81.088,48.103],[-81.216,48.102],[-81.231,48.103],[-81.245,48.101],[-81.289,48.103],[-81.371,48.103],[-81.456,48.103],[-81.543,48.103],[-81.591,48.104],[-81.619,48.104],[-81.675,48.104],[-81.779,48.103],[-81.825,48.104],[-81.857,48.104],[-81.856,48.146],[-81.856,48.183],[-81.856,48.222],[-81.856,48.262],[-81.856,48.277],[-81.855,48.364],[-81.855,48.416],[-81.857,48.45],[-81.996,48.45],[-82.04,48.451],[-82.047,48.45],[-82.191,48.451],[-82.347,48.451],[-82.442,48.451],[-82.516,48.45],[-82.641,48.451],[-82.641,48.471],[-82.64,48.548],[-82.638,48.648],[-82.638,48.721],[-82.638,48.8],[-82.638,48.835],[-82.638,48.843],[-82.639,48.946],[-82.639,48.969],[-82.639,48.989],[-82.639,48.99],[-82.639,49.064],[-82.725,49.062],[-82.858,49.064],[-82.986,49.065],[-83.226,49.068],[-83.346,49.069],[-83.41,49.07],[-83.673,49.072],[-83.759,49.072],[-84.014,49.073],[-84.096,49.073],[-84.213,49.073],[-84.395,49.073],[-84.616,49.073],[-84.754,49.072],[-85.179,49.068],[-85.333,49.055],[-85.332,49.103],[-85.332,49.17],[-85.332,49.226],[-85.332,49.263],[-85.332,49.345],[-85.332,49.398],[-85.332,49.459],[-85.331,49.483],[-85.331,49.489],[-85.333,49.534],[-85.333,49.572],[-85.333,49.681],[-85.333,49.693],[-85.332,49.71],[-85.332,49.761],[-85.332,49.81],[-85.333,49.907],[-85.333,49.97],[-85.492,49.97],[-85.635,49.971],[-85.772,49.971],[-85.926,49.97],[-86.054,49.969],[-86.157,49.969],[-86.272,49.97],[-86.324,49.971],[-86.421,49.97],[-86.515,49.97],[-86.549,49.97],[-86.549,50.033],[-86.549,50.063],[-86.549,50.071],[-86.549,50.1],[-86.548,50.133],[-86.549,50.169],[-86.549,50.233],[-86.549,50.241],[-86.549,50.249],[-86.549,50.312],[-86.548,50.395],[-86.548,50.432],[-86.548,50.434],[-86.548,50.453],[-86.548,50.522],[-86.548,50.619],[-86.548,50.661],[-86.548,50.752],[-86.548,50.808],[-86.548,50.888],[-86.548,50.946],[-86.548,51.047],[-86.548,51.152],[-86.548,51.25],[-86.548,51.284],[-86.548,51.377],[-86.548,51.414],[-86.548,51.52],[-86.549,51.623],[-86.551,51.75],[-86.554,52],[-86.555,52.146],[-86.557,52.25],[-86.558,52.338],[-86.56,52.496],[-86.56,52.5],[-86.556,52.75],[-86.552,52.993],[-86.552,53.011],[-86.553,53.09],[-86.553,53.179],[-86.553,53.25],[-86.553,53.348],[-86.553,53.5],[-86.553,53.75],[-86.553,53.934],[-86.552,54.019],[-86.552,54.076],[-86.552,54.25],[-86.552,54.332],[-86.551,54.402],[-86.551,54.5],[-86.55,54.717],[-86.55,54.827],[-86.55,54.893],[-86.549,54.999],[-86.996,54.992],[-86.998,55.709],[-86.998,55.719],[-86.998,55.918],[-86.985,55.918],[-86.97,55.916],[-86.966,55.912],[-86.958,55.915],[-86.952,55.918],[-86.94,55.916],[-86.939,55.915],[-86.926,55.915],[-86.921,55.915],[-86.914,55.913],[-86.901,55.914],[-86.896,55.912],[-86.894,55.91],[-86.886,55.907],[-86.881,55.905],[-86.867,55.899],[-86.861,55.897],[-86.856,55.897],[-86.84,55.894],[-86.819,55.885],[-86.817,55.883],[-86.812,55.883],[-86.803,55.881],[-86.788,55.876],[-86.781,55.872],[-86.783,55.869],[-86.782,55.866],[-86.783,55.864],[-86.779,55.862],[-86.779,55.867],[-86.772,55.871],[-86.764,55.87],[-86.764,55.867],[-86.755,55.865],[-86.753,55.866],[-86.74,55.861],[-86.734,55.858],[-86.722,55.852],[-86.712,55.849],[-86.699,55.844],[-86.692,55.842],[-86.688,55.84],[-86.686,55.836],[-86.674,55.837],[-86.673,55.834],[-86.663,55.834],[-86.656,55.831],[-86.651,55.83],[-86.648,55.831],[-86.644,55.828],[-86.635,55.83],[-86.626,55.83],[-86.622,55.829],[-86.615,55.826],[-86.612,55.828],[-86.589,55.823],[-86.577,55.819],[-86.568,55.814],[-86.553,55.808],[-86.525,55.802],[-86.524,55.801],[-86.512,55.8],[-86.499,55.797],[-86.484,55.793],[-86.482,55.791],[-86.469,55.788],[-86.466,55.789],[-86.452,55.785],[-86.449,55.784],[-86.433,55.78],[-86.424,55.777],[-86.413,55.774],[-86.399,55.77],[-86.382,55.766],[-86.375,55.764],[-86.37,55.76],[-86.353,55.753],[-86.353,55.752],[-86.339,55.745],[-86.331,55.738],[-86.325,55.733],[-86.318,55.731],[-86.313,55.726],[-86.308,55.725],[-86.294,55.719],[-86.281,55.714],[-86.28,55.713],[-86.269,55.709],[-86.256,55.707],[-86.242,55.703],[-86.241,55.702],[-86.227,55.703],[-86.218,55.701],[-86.215,55.699],[-86.206,55.697],[-86.199,55.697],[-86.196,55.695],[-86.188,55.696],[-86.183,55.695],[-86.176,55.695],[-86.163,55.692],[-86.153,55.692],[-86.147,55.69],[-86.141,55.689],[-86.134,55.69],[-86.124,55.688],[-86.114,55.685],[-86.105,55.681],[-86.097,55.681],[-86.09,55.68],[-86.08,55.679],[-86.07,55.676],[-86.062,55.676],[-86.055,55.671],[-86.045,55.667],[-86.043,55.669],[-86.034,55.67],[-86.03,55.671],[-86.016,55.672],[-86.012,55.668],[-86.004,55.666],[-85.998,55.669],[-85.986,55.668],[-85.987,55.666],[-85.979,55.664],[-85.975,55.663],[-85.967,55.661],[-85.959,55.663],[-85.956,55.662],[-85.939,55.661],[-85.937,55.659],[-85.932,55.66],[-85.926,55.658],[-85.923,55.658],[-85.909,55.656],[-85.904,55.656],[-85.895,55.655],[-85.895,55.652],[-85.891,55.644],[-85.886,55.639],[-85.877,55.637],[-85.876,55.635],[-85.871,55.634],[-85.865,55.629],[-85.863,55.625],[-85.854,55.624],[-85.847,55.62],[-85.843,55.62],[-85.838,55.622],[-85.834,55.622],[-85.83,55.62],[-85.821,55.618],[-85.813,55.613],[-85.808,55.612],[-85.804,55.61],[-85.805,55.608],[-85.798,55.605],[-85.793,55.602],[-85.785,55.6],[-85.784,55.597],[-85.773,55.594],[-85.762,55.593],[-85.755,55.591],[-85.746,55.592],[-85.741,55.591],[-85.738,55.593],[-85.732,55.592],[-85.729,55.593],[-85.72,55.59],[-85.718,55.588],[-85.714,55.588],[-85.709,55.585],[-85.699,55.584],[-85.698,55.58],[-85.685,55.571],[-85.677,55.569],[-85.674,55.564],[-85.672,55.561],[-85.658,55.56],[-85.652,55.559],[-85.649,55.557],[-85.644,55.558],[-85.641,55.555],[-85.637,55.555],[-85.635,55.551],[-85.635,55.548],[-85.631,55.543],[-85.623,55.537],[-85.625,55.533],[-85.619,55.531],[-85.614,55.53],[-85.609,55.531],[-85.602,55.529],[-85.6,55.526],[-85.593,55.525],[-85.589,55.526],[-85.586,55.523],[-85.59,55.521],[-85.583,55.515],[-85.584,55.513],[-85.576,55.506],[-85.579,55.503],[-85.574,55.499],[-85.563,55.499],[-85.555,55.497],[-85.552,55.491],[-85.549,55.49],[-85.544,55.49],[-85.538,55.486],[-85.538,55.483],[-85.526,55.476],[-85.517,55.472],[-85.516,55.47],[-85.507,55.465],[-85.506,55.459],[-85.502,55.458],[-85.5,55.456],[-85.499,55.452],[-85.489,55.447],[-85.476,55.443],[-85.472,55.442],[-85.464,55.44],[-85.466,55.438],[-85.469,55.438],[-85.472,55.436],[-85.462,55.434],[-85.462,55.432],[-85.446,55.428],[-85.438,55.423],[-85.445,55.422],[-85.434,55.418],[-85.427,55.417],[-85.423,55.414],[-85.409,55.41],[-85.401,55.404],[-85.391,55.402],[-85.386,55.399],[-85.381,55.4],[-85.376,55.398],[-85.375,55.396],[-85.368,55.395],[-85.367,55.392],[-85.36,55.388],[-85.353,55.385],[-85.357,55.382],[-85.357,55.38],[-85.347,55.38],[-85.348,55.377],[-85.343,55.375],[-85.339,55.378],[-85.337,55.377],[-85.332,55.38],[-85.321,55.379],[-85.311,55.38],[-85.307,55.382],[-85.301,55.379],[-85.303,55.377],[-85.29,55.371],[-85.283,55.371],[-85.273,55.371],[-85.27,55.372],[-85.255,55.374],[-85.252,55.373],[-85.244,55.374],[-85.234,55.374],[-85.23,55.373],[-85.225,55.363],[-85.226,55.36],[-85.222,55.354],[-85.222,55.352],[-85.215,55.349],[-85.215,55.346],[-85.21,55.346],[-85.209,55.344],[-85.204,55.345],[-85.2,55.343],[-85.196,55.345],[-85.191,55.345],[-85.189,55.346],[-85.18,55.348],[-85.174,55.347],[-85.17,55.345],[-85.162,55.345],[-85.154,55.339],[-85.15,55.339],[-85.147,55.335],[-85.141,55.335],[-85.139,55.332],[-85.132,55.332],[-85.129,55.334],[-85.124,55.335],[-85.124,55.326],[-85.125,55.319],[-85.124,55.316],[-85.12,55.315],[-85.123,55.312],[-85.119,55.311],[-85.112,55.311],[-85.112,55.306],[-85.109,55.304],[-85.112,55.297],[-85.11,55.292],[-85.119,55.282],[-85.134,55.273],[-85.132,55.268],[-85.129,55.264],[-85.125,55.261],[-85.117,55.262],[-85.113,55.259],[-85.096,55.26],[-85.093,55.262],[-85.079,55.266],[-85.068,55.267],[-85.064,55.271],[-85.06,55.269],[-85.049,55.273],[-85.044,55.274],[-85.031,55.273],[-85.023,55.273],[-85.019,55.272],[-85.012,55.273],[-85.006,55.271],[-85.006,55.267],[-85.002,55.268],[-85.002,55.27],[-84.997,55.275],[-84.99,55.278],[-84.983,55.278],[-84.972,55.28],[-84.962,55.277],[-84.957,55.274],[-84.949,55.271],[-84.946,55.269],[-84.935,55.265],[-84.928,55.265],[-84.924,55.264],[-84.909,55.269],[-84.902,55.269],[-84.897,55.264],[-84.897,55.26],[-84.9,55.258],[-84.898,55.254],[-84.893,55.257],[-84.884,55.259],[-84.877,55.258],[-84.872,55.258],[-84.865,55.257],[-84.861,55.254],[-84.856,55.255],[-84.856,55.252],[-84.861,55.249],[-84.86,55.244],[-84.863,55.243],[-84.858,55.241],[-84.854,55.243],[-84.855,55.246],[-84.857,55.248],[-84.857,55.251],[-84.853,55.253],[-84.846,55.253],[-84.841,55.252],[-84.842,55.248],[-84.846,55.244],[-84.852,55.244],[-84.852,55.24],[-84.848,55.241],[-84.845,55.246],[-84.839,55.249],[-84.832,55.249],[-84.826,55.25],[-84.822,55.247],[-84.816,55.248],[-84.812,55.247],[-84.811,55.244],[-84.801,55.243],[-84.801,55.241],[-84.796,55.239],[-84.795,55.235],[-84.789,55.235],[-84.782,55.235],[-84.78,55.233],[-84.776,55.235],[-84.772,55.232],[-84.764,55.237],[-84.756,55.239],[-84.755,55.236],[-84.75,55.238],[-84.745,55.237],[-84.736,55.238],[-84.727,55.238],[-84.726,55.236],[-84.719,55.236],[-84.711,55.233],[-84.71,55.234],[-84.704,55.233],[-84.692,55.234],[-84.682,55.236],[-84.676,55.236],[-84.666,55.236],[-84.664,55.235],[-84.65,55.236],[-84.646,55.234],[-84.636,55.235],[-84.629,55.235],[-84.624,55.236],[-84.617,55.235],[-84.595,55.237],[-84.589,55.237],[-84.587,55.236],[-84.573,55.237],[-84.569,55.237],[-84.563,55.237],[-84.554,55.233],[-84.547,55.233],[-84.547,55.23],[-84.551,55.229],[-84.549,55.226],[-84.541,55.228],[-84.536,55.23],[-84.534,55.235],[-84.53,55.237],[-84.526,55.236],[-84.519,55.237],[-84.512,55.232],[-84.509,55.232],[-84.505,55.236],[-84.495,55.236],[-84.481,55.239],[-84.478,55.241],[-84.471,55.244],[-84.463,55.245],[-84.454,55.248],[-84.442,55.254],[-84.436,55.253],[-84.431,55.256],[-84.423,55.258],[-84.417,55.259],[-84.417,55.261],[-84.389,55.264],[-84.385,55.264],[-84.373,55.264],[-84.368,55.259],[-84.356,55.26],[-84.351,55.259],[-84.345,55.265],[-84.329,55.267],[-84.321,55.27],[-84.316,55.268],[-84.314,55.27],[-84.314,55.273],[-84.306,55.275],[-84.299,55.274],[-84.291,55.271],[-84.289,55.268],[-84.273,55.266],[-84.269,55.266],[-84.262,55.266],[-84.258,55.267],[-84.244,55.266],[-84.242,55.267],[-84.231,55.267],[-84.226,55.269],[-84.22,55.268],[-84.213,55.272],[-84.209,55.273],[-84.205,55.272],[-84.203,55.278],[-84.199,55.279],[-84.195,55.272],[-84.192,55.271],[-84.185,55.273],[-84.174,55.275],[-84.163,55.27],[-84.156,55.268],[-84.144,55.263],[-84.139,55.262],[-84.127,55.26],[-84.126,55.257],[-84.122,55.255],[-84.118,55.256],[-84.112,55.254],[-84.106,55.254],[-84.105,55.253],[-84.096,55.252],[-84.091,55.251],[-84.083,55.251],[-84.079,55.25],[-84.066,55.255],[-84.063,55.255],[-84.054,55.258],[-84.044,55.26],[-84.04,55.262],[-84.033,55.263],[-84.026,55.266],[-84.018,55.268],[-84.016,55.269],[-84.006,55.271],[-83.999,55.274],[-83.995,55.28],[-83.986,55.284],[-83.976,55.287],[-83.963,55.289],[-83.963,55.29],[-83.956,55.291],[-83.952,55.29],[-83.947,55.292],[-83.938,55.293],[-83.926,55.292],[-83.919,55.293],[-83.899,55.293],[-83.894,55.295],[-83.883,55.294],[-83.879,55.292],[-83.878,55.289],[-83.869,55.285],[-83.858,55.282],[-83.847,55.281],[-83.837,55.278],[-83.829,55.279],[-83.819,55.278],[-83.809,55.274],[-83.803,55.27],[-83.79,55.266],[-83.783,55.262],[-83.783,55.261],[-83.777,55.259],[-83.774,55.259],[-83.763,55.256],[-83.759,55.257],[-83.754,55.255],[-83.754,55.253],[-83.747,55.252],[-83.746,55.25],[-83.744,55.248],[-83.741,55.249],[-83.738,55.246],[-83.735,55.247],[-83.727,55.245],[-83.721,55.242],[-83.717,55.239],[-83.707,55.232],[-83.701,55.232],[-83.698,55.229],[-83.693,55.228],[-83.7,55.235],[-83.706,55.239],[-83.712,55.24],[-83.718,55.243],[-83.72,55.245],[-83.72,55.25],[-83.717,55.25],[-83.715,55.245],[-83.706,55.243],[-83.698,55.239],[-83.686,55.236],[-83.681,55.237],[-83.669,55.231],[-83.668,55.233],[-83.673,55.236],[-83.679,55.237],[-83.686,55.243],[-83.683,55.247],[-83.687,55.251],[-83.704,55.258],[-83.698,55.26],[-83.698,55.264],[-83.694,55.268],[-83.682,55.268],[-83.672,55.269],[-83.664,55.267],[-83.654,55.266],[-83.647,55.264],[-83.644,55.259],[-83.637,55.258],[-83.63,55.255],[-83.628,55.253],[-83.622,55.251],[-83.61,55.25],[-83.603,55.251],[-83.591,55.249],[-83.574,55.248],[-83.571,55.247],[-83.557,55.247],[-83.551,55.243],[-83.542,55.241],[-83.538,55.24],[-83.525,55.236],[-83.522,55.234],[-83.512,55.231],[-83.505,55.227],[-83.502,55.227],[-83.486,55.221],[-83.482,55.219],[-83.475,55.218],[-83.469,55.216],[-83.46,55.214],[-83.449,55.213],[-83.446,55.214],[-83.441,55.213],[-83.432,55.215],[-83.433,55.219],[-83.431,55.222],[-83.427,55.222],[-83.418,55.223],[-83.406,55.219],[-83.397,55.219],[-83.381,55.214],[-83.375,55.21],[-83.374,55.207],[-83.366,55.204],[-83.359,55.203],[-83.349,55.2],[-83.341,55.2],[-83.338,55.199],[-83.322,55.2],[-83.313,55.203],[-83.311,55.206],[-83.304,55.207],[-83.298,55.208],[-83.293,55.209],[-83.281,55.206],[-83.279,55.207],[-83.27,55.204],[-83.264,55.205],[-83.257,55.208],[-83.252,55.208],[-83.249,55.209],[-83.252,55.214],[-83.244,55.213],[-83.237,55.214],[-83.227,55.213],[-83.22,55.212],[-83.21,55.207],[-83.206,55.204],[-83.203,55.203],[-83.198,55.2],[-83.194,55.2],[-83.188,55.198],[-83.181,55.197],[-83.177,55.197],[-83.173,55.196],[-83.167,55.197],[-83.16,55.197],[-83.154,55.196],[-83.152,55.197],[-83.147,55.197],[-83.145,55.199],[-83.138,55.198],[-83.135,55.199],[-83.133,55.202],[-83.127,55.203],[-83.125,55.204],[-83.115,55.202],[-83.11,55.203],[-83.109,55.206],[-83.104,55.204],[-83.097,55.207],[-83.091,55.207],[-83.083,55.209],[-83.079,55.209],[-83.078,55.207],[-83.066,55.208],[-83.055,55.211],[-83.054,55.214],[-83.045,55.214],[-83.044,55.215],[-83.036,55.217],[-83.025,55.217],[-83.022,55.22],[-83.018,55.221],[-83.012,55.219],[-83.001,55.22],[-82.996,55.222],[-82.989,55.226],[-82.973,55.226],[-82.961,55.223],[-82.955,55.223],[-82.954,55.222],[-82.944,55.219],[-82.931,55.215],[-82.922,55.21],[-82.909,55.197],[-82.905,55.191],[-82.897,55.18],[-82.894,55.175],[-82.894,55.172],[-82.883,55.162],[-82.88,55.157],[-82.884,55.153],[-82.882,55.151],[-82.883,55.148],[-82.88,55.146],[-82.87,55.147],[-82.865,55.144],[-82.852,55.143],[-82.843,55.139],[-82.84,55.137],[-82.826,55.133],[-82.813,55.13],[-82.805,55.13],[-82.797,55.128],[-82.794,55.129],[-82.778,55.129],[-82.771,55.129],[-82.762,55.131],[-82.759,55.132],[-82.751,55.132],[-82.746,55.135],[-82.739,55.137],[-82.74,55.14],[-82.735,55.14],[-82.729,55.138],[-82.726,55.14],[-82.724,55.143],[-82.721,55.142],[-82.718,55.144],[-82.7,55.144],[-82.701,55.149],[-82.709,55.148],[-82.714,55.151],[-82.716,55.155],[-82.714,55.158],[-82.715,55.162],[-82.71,55.163],[-82.707,55.165],[-82.699,55.164],[-82.695,55.166],[-82.69,55.164],[-82.688,55.166],[-82.683,55.163],[-82.679,55.165],[-82.678,55.169],[-82.674,55.17],[-82.666,55.165],[-82.663,55.166],[-82.669,55.172],[-82.67,55.175],[-82.676,55.18],[-82.678,55.183],[-82.672,55.182],[-82.672,55.18],[-82.665,55.178],[-82.664,55.173],[-82.658,55.173],[-82.657,55.174],[-82.645,55.17],[-82.633,55.166],[-82.626,55.161],[-82.63,55.162],[-82.639,55.166],[-82.651,55.169],[-82.653,55.167],[-82.66,55.166],[-82.658,55.164],[-82.66,55.16],[-82.649,55.156],[-82.647,55.156],[-82.643,55.152],[-82.643,55.149],[-82.638,55.146],[-82.631,55.147],[-82.629,55.145],[-82.623,55.145],[-82.619,55.148],[-82.615,55.145],[-82.609,55.146],[-82.601,55.144],[-82.596,55.145],[-82.595,55.148],[-82.589,55.149],[-82.583,55.148],[-82.582,55.146],[-82.574,55.144],[-82.572,55.142],[-82.567,55.133],[-82.564,55.133],[-82.565,55.137],[-82.556,55.137],[-82.553,55.132],[-82.555,55.128],[-82.552,55.125],[-82.549,55.126],[-82.548,55.132],[-82.543,55.13],[-82.54,55.131],[-82.533,55.129],[-82.527,55.131],[-82.521,55.128],[-82.517,55.129],[-82.514,55.128],[-82.511,55.129],[-82.511,55.132],[-82.515,55.138],[-82.522,55.137],[-82.522,55.135],[-82.53,55.135],[-82.532,55.137],[-82.534,55.143],[-82.533,55.148],[-82.515,55.151],[-82.51,55.15],[-82.504,55.146],[-82.498,55.143],[-82.497,55.141],[-82.489,55.139],[-82.485,55.133],[-82.492,55.134],[-82.495,55.133],[-82.498,55.135],[-82.501,55.133],[-82.5,55.129],[-82.504,55.128],[-82.5,55.124],[-82.5,55.122],[-82.491,55.123],[-82.486,55.119],[-82.483,55.113],[-82.478,55.11],[-82.475,55.112],[-82.472,55.11],[-82.473,55.105],[-82.468,55.102],[-82.465,55.109],[-82.462,55.111],[-82.462,55.114],[-82.461,55.117],[-82.457,55.119],[-82.454,55.117],[-82.456,55.113],[-82.45,55.115],[-82.452,55.118],[-82.451,55.12],[-82.44,55.113],[-82.431,55.113],[-82.422,55.112],[-82.415,55.109],[-82.409,55.1],[-82.408,55.092],[-82.414,55.087],[-82.413,55.08],[-82.416,55.077],[-82.406,55.078],[-82.403,55.076],[-82.387,55.074],[-82.383,55.071],[-82.375,55.069],[-82.372,55.071],[-82.368,55.07],[-82.363,55.072],[-82.355,55.071],[-82.347,55.068],[-82.341,55.065],[-82.329,55.06],[-82.315,55.056],[-82.309,55.054],[-82.304,55.054],[-82.307,55.058],[-82.306,55.061],[-82.307,55.065],[-82.312,55.071],[-82.321,55.077],[-82.324,55.078],[-82.327,55.083],[-82.331,55.087],[-82.328,55.088],[-82.332,55.096],[-82.334,55.097],[-82.334,55.101],[-82.328,55.103],[-82.321,55.101],[-82.314,55.103],[-82.309,55.105],[-82.308,55.108],[-82.31,55.112],[-82.309,55.117],[-82.313,55.125],[-82.318,55.126],[-82.322,55.13],[-82.33,55.136],[-82.333,55.14],[-82.333,55.144],[-82.331,55.15],[-82.324,55.149],[-82.317,55.146],[-82.317,55.141],[-82.313,55.137],[-82.317,55.134],[-82.308,55.132],[-82.303,55.127],[-82.304,55.121],[-82.303,55.118],[-82.296,55.114],[-82.293,55.114],[-82.285,55.116],[-82.284,55.118],[-82.278,55.12],[-82.275,55.115],[-82.269,55.113],[-82.265,55.113],[-82.26,55.112],[-82.257,55.11],[-82.253,55.11],[-82.253,55.105],[-82.252,55.093],[-82.249,55.083],[-82.247,55.08],[-82.247,55.073],[-82.245,55.067],[-82.246,55.062],[-82.254,55.058],[-82.264,55.054],[-82.272,55.05],[-82.275,55.045],[-82.277,55.039],[-82.276,55.029],[-82.277,55.024],[-82.275,55.018],[-82.268,55.011],[-82.264,55.006],[-82.265,55.003],[-82.263,55],[-82.265,54.993],[-82.26,54.987],[-82.256,54.973],[-82.257,54.967],[-82.256,54.962],[-82.255,54.952],[-82.255,54.942],[-82.254,54.938],[-82.257,54.938],[-82.259,54.943],[-82.264,54.944],[-82.264,54.939],[-82.267,54.935],[-82.267,54.932],[-82.265,54.93],[-82.259,54.93],[-82.256,54.928],[-82.252,54.93],[-82.253,54.932],[-82.257,54.934],[-82.256,54.936],[-82.251,54.936],[-82.247,54.933],[-82.236,54.924],[-82.229,54.916],[-82.237,54.908],[-82.237,54.912],[-82.247,54.913],[-82.256,54.916],[-82.257,54.91],[-82.262,54.908],[-82.263,54.906],[-82.263,54.9],[-82.261,54.892],[-82.255,54.881],[-82.252,54.876],[-82.245,54.87],[-82.242,54.87],[-82.24,54.866],[-82.236,54.863],[-82.229,54.867],[-82.228,54.865],[-82.224,54.866],[-82.224,54.869],[-82.216,54.869],[-82.213,54.874],[-82.207,54.863],[-82.206,54.859],[-82.201,54.851],[-82.197,54.842],[-82.198,54.838],[-82.198,54.833],[-82.196,54.824],[-82.197,54.814],[-82.195,54.813],[-82.195,54.804],[-82.197,54.799],[-82.203,54.79],[-82.207,54.781],[-82.208,54.771],[-82.211,54.765],[-82.215,54.758],[-82.219,54.755],[-82.223,54.755],[-82.229,54.75],[-82.23,54.747],[-82.237,54.738],[-82.238,54.735],[-82.243,54.733],[-82.246,54.731],[-82.247,54.726],[-82.252,54.723],[-82.256,54.716],[-82.257,54.709],[-82.259,54.707],[-82.26,54.699],[-82.267,54.686],[-82.271,54.682],[-82.273,54.677],[-82.276,54.672],[-82.276,54.67],[-82.28,54.666],[-82.282,54.658],[-82.286,54.658],[-82.288,54.654],[-82.284,54.648],[-82.283,54.64],[-82.284,54.633],[-82.285,54.627],[-82.287,54.623],[-82.292,54.619],[-82.293,54.613],[-82.296,54.609],[-82.302,54.585],[-82.304,54.583],[-82.305,54.573],[-82.306,54.562],[-82.309,54.556],[-82.31,54.547],[-82.313,54.538],[-82.316,54.524],[-82.318,54.519],[-82.321,54.517],[-82.322,54.508],[-82.323,54.506],[-82.33,54.501],[-82.334,54.498],[-82.339,54.5],[-82.343,54.499],[-82.343,54.493],[-82.347,54.49],[-82.349,54.487],[-82.35,54.481],[-82.355,54.481],[-82.357,54.475],[-82.354,54.474],[-82.355,54.471],[-82.355,54.466],[-82.359,54.458],[-82.359,54.454],[-82.362,54.451],[-82.367,54.448],[-82.368,54.443],[-82.372,54.436],[-82.376,54.434],[-82.381,54.426],[-82.383,54.425],[-82.389,54.416],[-82.389,54.412],[-82.387,54.41],[-82.388,54.402],[-82.391,54.398],[-82.394,54.397],[-82.398,54.393],[-82.401,54.384],[-82.403,54.382],[-82.403,54.378],[-82.406,54.373],[-82.405,54.371],[-82.407,54.368],[-82.408,54.364],[-82.416,54.356],[-82.427,54.356],[-82.447,54.36],[-82.448,54.357],[-82.442,54.355],[-82.436,54.351],[-82.427,54.348],[-82.424,54.346],[-82.424,54.341],[-82.422,54.338],[-82.422,54.327],[-82.423,54.317],[-82.424,54.314],[-82.428,54.309],[-82.426,54.305],[-82.428,54.303],[-82.429,54.289],[-82.431,54.286],[-82.432,54.278],[-82.432,54.277],[-82.431,54.259],[-82.432,54.256],[-82.436,54.254],[-82.432,54.252],[-82.43,54.249],[-82.432,54.245],[-82.427,54.243],[-82.426,54.235],[-82.423,54.232],[-82.42,54.231],[-82.42,54.227],[-82.425,54.226],[-82.422,54.223],[-82.422,54.217],[-82.424,54.216],[-82.423,54.213],[-82.43,54.206],[-82.435,54.206],[-82.442,54.204],[-82.45,54.203],[-82.458,54.201],[-82.468,54.201],[-82.466,54.199],[-82.459,54.199],[-82.448,54.2],[-82.433,54.198],[-82.427,54.198],[-82.418,54.195],[-82.408,54.193],[-82.399,54.183],[-82.39,54.176],[-82.385,54.171],[-82.381,54.164],[-82.373,54.156],[-82.373,54.154],[-82.368,54.149],[-82.37,54.147],[-82.374,54.146],[-82.374,54.144],[-82.365,54.145],[-82.361,54.143],[-82.357,54.14],[-82.349,54.131],[-82.353,54.13],[-82.346,54.128],[-82.349,54.125],[-82.357,54.124],[-82.366,54.122],[-82.367,54.118],[-82.375,54.115],[-82.382,54.114],[-82.385,54.112],[-82.398,54.109],[-82.398,54.108],[-82.385,54.11],[-82.382,54.112],[-82.375,54.113],[-82.366,54.115],[-82.359,54.118],[-82.344,54.121],[-82.333,54.121],[-82.325,54.117],[-82.32,54.113],[-82.322,54.11],[-82.325,54.108],[-82.321,54.104],[-82.316,54.106],[-82.313,54.106],[-82.307,54.105],[-82.295,54.098],[-82.285,54.089],[-82.278,54.084],[-82.267,54.072],[-82.261,54.066],[-82.255,54.064],[-82.252,54.06],[-82.252,54.059],[-82.248,54.054],[-82.244,54.051],[-82.24,54.045],[-82.238,54.043],[-82.235,54.038],[-82.231,54.033],[-82.227,54.03],[-82.224,54.025],[-82.222,54.021],[-82.214,54.01],[-82.209,54.006],[-82.205,54.001],[-82.204,53.996],[-82.193,53.988],[-82.189,53.985],[-82.186,53.98],[-82.186,53.977],[-82.195,53.974],[-82.192,53.97],[-82.195,53.968],[-82.194,53.966],[-82.19,53.964],[-82.187,53.966],[-82.183,53.964],[-82.182,53.961],[-82.188,53.958],[-82.189,53.956],[-82.185,53.953],[-82.192,53.95],[-82.188,53.949],[-82.187,53.944],[-82.184,53.942],[-82.184,53.939],[-82.176,53.926],[-82.171,53.918],[-82.171,53.915],[-82.165,53.903],[-82.165,53.901],[-82.161,53.896],[-82.159,53.892],[-82.156,53.89],[-82.146,53.876],[-82.143,53.866],[-82.135,53.847],[-82.13,53.84],[-82.129,53.836],[-82.124,53.827],[-82.123,53.818],[-82.123,53.811],[-82.123,53.806],[-82.121,53.8],[-82.128,53.798],[-82.128,53.796],[-82.123,53.795],[-82.121,53.793],[-82.122,53.791],[-82.122,53.785],[-82.124,53.783],[-82.121,53.782],[-82.122,53.779],[-82.12,53.775],[-82.122,53.771],[-82.126,53.765],[-82.129,53.763],[-82.126,53.761],[-82.127,53.756],[-82.132,53.751],[-82.138,53.747],[-82.138,53.745],[-82.147,53.744],[-82.145,53.74],[-82.15,53.732],[-82.152,53.731],[-82.158,53.725],[-82.166,53.712],[-82.17,53.707],[-82.178,53.694],[-82.176,53.693],[-82.179,53.689],[-82.184,53.684],[-82.183,53.681],[-82.187,53.672],[-82.186,53.671],[-82.19,53.666],[-82.188,53.664],[-82.191,53.661],[-82.197,53.659],[-82.197,53.657],[-82.201,53.656],[-82.2,53.653],[-82.197,53.651],[-82.195,53.648],[-82.198,53.646],[-82.199,53.643],[-82.203,53.643],[-82.205,53.634],[-82.199,53.633],[-82.199,53.63],[-82.205,53.63],[-82.207,53.628],[-82.202,53.625],[-82.202,53.622],[-82.207,53.621],[-82.208,53.62],[-82.204,53.617],[-82.21,53.614],[-82.205,53.611],[-82.205,53.609],[-82.21,53.606],[-82.206,53.605],[-82.205,53.602],[-82.211,53.595],[-82.214,53.593],[-82.215,53.591],[-82.211,53.589],[-82.21,53.586],[-82.206,53.584],[-82.203,53.578],[-82.202,53.572],[-82.203,53.565],[-82.203,53.56],[-82.204,53.554],[-82.209,53.554],[-82.208,53.551],[-82.205,53.551],[-82.203,53.545],[-82.204,53.543],[-82.201,53.54],[-82.199,53.53],[-82.206,53.526],[-82.206,53.524],[-82.202,53.523],[-82.2,53.52],[-82.203,53.518],[-82.198,53.515],[-82.198,53.512],[-82.191,53.512],[-82.189,53.509],[-82.193,53.505],[-82.193,53.503],[-82.184,53.503],[-82.185,53.501],[-82.179,53.495],[-82.179,53.492],[-82.182,53.491],[-82.18,53.487],[-82.177,53.484],[-82.176,53.48],[-82.171,53.477],[-82.171,53.473],[-82.168,53.473],[-82.168,53.465],[-82.163,53.461],[-82.162,53.458],[-82.166,53.457],[-82.164,53.454],[-82.165,53.451],[-82.165,53.446],[-82.161,53.444],[-82.16,53.436],[-82.157,53.432],[-82.154,53.429],[-82.153,53.426],[-82.15,53.421],[-82.146,53.412],[-82.145,53.406],[-82.14,53.399],[-82.139,53.394],[-82.136,53.389],[-82.132,53.379],[-82.132,53.373],[-82.129,53.368],[-82.129,53.361],[-82.124,53.35],[-82.126,53.348],[-82.123,53.346],[-82.121,53.343],[-82.123,53.339],[-82.12,53.333],[-82.122,53.33],[-82.119,53.328],[-82.12,53.325],[-82.12,53.321],[-82.115,53.319],[-82.113,53.314],[-82.116,53.312],[-82.117,53.31],[-82.11,53.306],[-82.117,53.301],[-82.115,53.299],[-82.121,53.297],[-82.118,53.295],[-82.118,53.292],[-82.116,53.289],[-82.116,53.287],[-82.114,53.285],[-82.114,53.281],[-82.109,53.276],[-82.108,53.274],[-82.11,53.269],[-82.112,53.265],[-82.119,53.263],[-82.121,53.262],[-82.128,53.258],[-82.136,53.256],[-82.138,53.254],[-82.151,53.248],[-82.164,53.242],[-82.181,53.231],[-82.189,53.228],[-82.191,53.226],[-82.2,53.221],[-82.205,53.221],[-82.216,53.217],[-82.216,53.214],[-82.221,53.212],[-82.221,53.207],[-82.222,53.204],[-82.222,53.2],[-82.227,53.198],[-82.228,53.195],[-82.232,53.195],[-82.238,53.193],[-82.238,53.191],[-82.242,53.19],[-82.252,53.18],[-82.258,53.172],[-82.259,53.169],[-82.258,53.168],[-82.261,53.162],[-82.269,53.152],[-82.273,53.143],[-82.273,53.139],[-82.268,53.135],[-82.271,53.123],[-82.276,53.124],[-82.279,53.117],[-82.279,53.108],[-82.283,53.1],[-82.285,53.099],[-82.282,53.095],[-82.284,53.093],[-82.286,53.089],[-82.284,53.086],[-82.281,53.087],[-82.28,53.099],[-82.278,53.107],[-82.274,53.108],[-82.278,53.095],[-82.279,53.086],[-82.281,53.066],[-82.283,53.063],[-82.282,53.059],[-82.281,53.049],[-82.28,53.036],[-82.278,53.029],[-82.277,53.022],[-82.28,53.02],[-82.277,53.014],[-82.279,53.013],[-82.279,53.01],[-82.276,53.003],[-82.282,53],[-82.273,52.999],[-82.273,52.997],[-82.267,52.997],[-82.264,52.995],[-82.265,52.992],[-82.263,52.991],[-82.261,52.984],[-82.262,52.981],[-82.258,52.974],[-82.26,52.969],[-82.277,52.968],[-82.286,52.97],[-82.293,52.971],[-82.306,52.969],[-82.322,52.965],[-82.321,52.964],[-82.306,52.968],[-82.296,52.969],[-82.286,52.969],[-82.281,52.967],[-82.287,52.962],[-82.289,52.959],[-82.294,52.956],[-82.304,52.952],[-82.325,52.947],[-82.336,52.945],[-82.353,52.938],[-82.348,52.934],[-82.344,52.935],[-82.336,52.942],[-82.328,52.944],[-82.318,52.944],[-82.304,52.946],[-82.305,52.947],[-82.299,52.951],[-82.286,52.956],[-82.283,52.958],[-82.276,52.957],[-82.263,52.954],[-82.26,52.955],[-82.256,52.957],[-82.252,52.957],[-82.248,52.948],[-82.248,52.943],[-82.243,52.94],[-82.238,52.935],[-82.236,52.934],[-82.236,52.927],[-82.257,52.928],[-82.272,52.927],[-82.286,52.923],[-82.294,52.919],[-82.301,52.911],[-82.305,52.91],[-82.309,52.909],[-82.318,52.912],[-82.319,52.911],[-82.307,52.909],[-82.302,52.91],[-82.296,52.915],[-82.29,52.92],[-82.286,52.922],[-82.273,52.926],[-82.267,52.927],[-82.252,52.926],[-82.236,52.926],[-82.226,52.927],[-82.222,52.924],[-82.221,52.921],[-82.215,52.918],[-82.211,52.919],[-82.206,52.916],[-82.193,52.91],[-82.19,52.91],[-82.181,52.906],[-82.176,52.905],[-82.169,52.904],[-82.164,52.903],[-82.16,52.903],[-82.16,52.899],[-82.166,52.895],[-82.172,52.887],[-82.182,52.879],[-82.186,52.874],[-82.189,52.867],[-82.194,52.861],[-82.202,52.858],[-82.207,52.855],[-82.211,52.848],[-82.208,52.847],[-82.204,52.855],[-82.193,52.859],[-82.189,52.854],[-82.189,52.851],[-82.187,52.851],[-82.182,52.859],[-82.182,52.863],[-82.186,52.866],[-82.181,52.876],[-82.174,52.882],[-82.17,52.884],[-82.164,52.887],[-82.159,52.891],[-82.152,52.895],[-82.144,52.896],[-82.14,52.898],[-82.127,52.899],[-82.124,52.898],[-82.117,52.894],[-82.11,52.891],[-82.099,52.884],[-82.092,52.878],[-82.088,52.874],[-82.081,52.87],[-82.078,52.869],[-82.071,52.864],[-82.062,52.856],[-82.048,52.848],[-82.045,52.846],[-82.041,52.842],[-82.033,52.837],[-82.03,52.834],[-82.023,52.83],[-82.017,52.826],[-82.014,52.822],[-82.004,52.812],[-82,52.81],[-81.982,52.799],[-81.955,52.784],[-81.943,52.777],[-81.943,52.774],[-81.959,52.774],[-81.979,52.77],[-81.997,52.767],[-82.01,52.767],[-82.017,52.767],[-82.032,52.771],[-82.041,52.771],[-82.052,52.77],[-82.061,52.766],[-82.068,52.766],[-82.078,52.768],[-82.09,52.773],[-82.097,52.774],[-82.114,52.774],[-82.148,52.777],[-82.16,52.777],[-82.171,52.779],[-82.179,52.78],[-82.191,52.779],[-82.204,52.774],[-82.202,52.773],[-82.184,52.777],[-82.176,52.777],[-82.16,52.774],[-82.148,52.774],[-82.143,52.775],[-82.135,52.774],[-82.128,52.772],[-82.117,52.772],[-82.102,52.771],[-82.085,52.768],[-82.081,52.766],[-82.073,52.764],[-82.061,52.764],[-82.054,52.766],[-82.049,52.768],[-82.041,52.769],[-82.035,52.769],[-82.022,52.766],[-82.016,52.765],[-82.007,52.765],[-81.989,52.766],[-81.974,52.768],[-81.969,52.769],[-81.95,52.772],[-81.944,52.77],[-81.935,52.766],[-81.932,52.76],[-81.93,52.754],[-81.932,52.747],[-81.931,52.742],[-81.931,52.74],[-81.927,52.726],[-81.922,52.714],[-81.918,52.704],[-81.911,52.697],[-81.905,52.691],[-81.904,52.69],[-81.896,52.682],[-81.892,52.679],[-81.882,52.668],[-81.873,52.662],[-81.869,52.658],[-81.86,52.653],[-81.853,52.65],[-81.839,52.643],[-81.822,52.638],[-81.81,52.633],[-81.792,52.622],[-81.786,52.62],[-81.782,52.617],[-81.774,52.613],[-81.768,52.612],[-81.767,52.609],[-81.762,52.608],[-81.757,52.603],[-81.756,52.6],[-81.751,52.593],[-81.746,52.587],[-81.729,52.572],[-81.718,52.564],[-81.708,52.555],[-81.695,52.54],[-81.687,52.532],[-81.682,52.528],[-81.678,52.524],[-81.66,52.508],[-81.644,52.497],[-81.643,52.496],[-81.62,52.482],[-81.607,52.476],[-81.599,52.471],[-81.592,52.469],[-81.572,52.466],[-81.562,52.463],[-81.557,52.459],[-81.557,52.457],[-81.552,52.455],[-81.546,52.451],[-81.542,52.449],[-81.532,52.443],[-81.532,52.438],[-81.528,52.43],[-81.529,52.426],[-81.525,52.423],[-81.526,52.418],[-81.529,52.415],[-81.529,52.407],[-81.531,52.406],[-81.533,52.399],[-81.531,52.397],[-81.535,52.394],[-81.545,52.395],[-81.556,52.399],[-81.559,52.401],[-81.564,52.402],[-81.573,52.402],[-81.582,52.4],[-81.587,52.4],[-81.601,52.398],[-81.581,52.396],[-81.572,52.393],[-81.558,52.392],[-81.553,52.392],[-81.549,52.392],[-81.547,52.391],[-81.543,52.391],[-81.54,52.392],[-81.537,52.391],[-81.545,52.388],[-81.544,52.383],[-81.546,52.375],[-81.545,52.369],[-81.542,52.365],[-81.544,52.363],[-81.535,52.36],[-81.539,52.357],[-81.537,52.353],[-81.532,52.35],[-81.533,52.348],[-81.53,52.344],[-81.523,52.34],[-81.522,52.338],[-81.518,52.336],[-81.518,52.333],[-81.514,52.333],[-81.511,52.329],[-81.511,52.324],[-81.52,52.32],[-81.531,52.313],[-81.539,52.31],[-81.543,52.31],[-81.552,52.303],[-81.555,52.3],[-81.554,52.296],[-81.56,52.296],[-81.556,52.291],[-81.549,52.291],[-81.547,52.288],[-81.537,52.288],[-81.514,52.284],[-81.505,52.28],[-81.499,52.28],[-81.492,52.278],[-81.49,52.275],[-81.489,52.272],[-81.483,52.269],[-81.478,52.264],[-81.473,52.264],[-81.47,52.261],[-81.469,52.253],[-81.463,52.253],[-81.462,52.25],[-81.458,52.249],[-81.462,52.247],[-81.462,52.243],[-81.459,52.243],[-81.454,52.239],[-81.449,52.237],[-81.446,52.233],[-81.438,52.232],[-81.436,52.231],[-81.445,52.229],[-81.445,52.228],[-81.457,52.23],[-81.464,52.233],[-81.476,52.236],[-81.487,52.237],[-81.503,52.239],[-81.515,52.238],[-81.526,52.239],[-81.542,52.24],[-81.55,52.239],[-81.555,52.239],[-81.566,52.238],[-81.576,52.239],[-81.593,52.238],[-81.607,52.236],[-81.612,52.235],[-81.608,52.227],[-81.6,52.229],[-81.582,52.229],[-81.562,52.228],[-81.551,52.228],[-81.536,52.229],[-81.511,52.229],[-81.498,52.227],[-81.484,52.222],[-81.483,52.22],[-81.477,52.218],[-81.475,52.218],[-81.461,52.211],[-81.459,52.209],[-81.454,52.207],[-81.452,52.204],[-81.447,52.2],[-81.443,52.198],[-81.445,52.196],[-81.441,52.193],[-81.44,52.19],[-81.437,52.189],[-81.433,52.181],[-81.429,52.178],[-81.43,52.174],[-81.428,52.172],[-81.421,52.167],[-81.42,52.163],[-81.417,52.163],[-81.415,52.16],[-81.411,52.158],[-81.406,52.155],[-81.412,52.152],[-81.417,52.15],[-81.425,52.145],[-81.415,52.145],[-81.408,52.147],[-81.403,52.146],[-81.402,52.142],[-81.407,52.138],[-81.402,52.136],[-81.399,52.134],[-81.394,52.136],[-81.392,52.134],[-81.388,52.133],[-81.384,52.131],[-81.386,52.124],[-81.389,52.121],[-81.382,52.12],[-81.373,52.115],[-81.368,52.115],[-81.366,52.112],[-81.36,52.111],[-81.359,52.108],[-81.351,52.108],[-81.351,52.104],[-81.346,52.105],[-81.346,52.102],[-81.34,52.104],[-81.34,52.099],[-81.329,52.098],[-81.326,52.099],[-81.322,52.097],[-81.308,52.094],[-81.302,52.09],[-81.29,52.087],[-81.286,52.083],[-81.282,52.084],[-81.275,52.082],[-81.271,52.079],[-81.266,52.078],[-81.258,52.075],[-81.257,52.074],[-81.249,52.072],[-81.243,52.069],[-81.234,52.067],[-81.229,52.069],[-81.225,52.068],[-81.225,52.065],[-81.219,52.063],[-81.213,52.064],[-81.21,52.063],[-81.203,52.059],[-81.196,52.06],[-81.187,52.058],[-81.181,52.056],[-81.178,52.056],[-81.173,52.054],[-81.167,52.049],[-81.163,52.048],[-81.161,52.047],[-81.16,52.043],[-81.155,52.042],[-81.146,52.045],[-81.144,52.042],[-81.139,52.043],[-81.135,52.043],[-81.132,52.044],[-81.118,52.046],[-81.113,52.045],[-81.105,52.052],[-81.103,52.049],[-81.1,52.054],[-81.096,52.055],[-81.095,52.058],[-81.089,52.056],[-81.088,52.059],[-81.079,52.058],[-81.078,52.057],[-81.082,52.053],[-81.083,52.049],[-81.082,52.045],[-81.073,52.038],[-81.062,52.033],[-81.058,52.035],[-81.052,52.034],[-81.048,52.036],[-81.044,52.034],[-81.044,52.028],[-81.041,52.029],[-81.037,52.028],[-81.035,52.025],[-81.033,52.019],[-81.027,52.017],[-81.024,52.015],[-81.019,52.015],[-81.01,52.013],[-81.008,52.014],[-81.001,52.011],[-81,52.014],[-80.993,52.015],[-80.989,52.014],[-80.987,52.012],[-80.972,52.002],[-80.974,51.995],[-80.971,51.992],[-80.973,51.99],[-80.965,51.984],[-80.961,51.982],[-80.957,51.979],[-80.96,51.977],[-80.955,51.975],[-80.947,51.97],[-80.95,51.969],[-80.945,51.965],[-80.94,51.96],[-80.937,51.95],[-80.933,51.946],[-80.923,51.936],[-80.922,51.932],[-80.92,51.928],[-80.916,51.924],[-80.91,51.92],[-80.907,51.918],[-80.901,51.914],[-80.897,51.908],[-80.89,51.907],[-80.888,51.905],[-80.887,51.903],[-80.883,51.903],[-80.884,51.9],[-80.88,51.895],[-80.877,51.894],[-80.874,51.895],[-80.867,51.894],[-80.866,51.89],[-80.859,51.888],[-80.859,51.883],[-80.856,51.884],[-80.853,51.888],[-80.85,51.889],[-80.846,51.888],[-80.844,51.883],[-80.838,51.88],[-80.833,51.881],[-80.829,51.878],[-80.826,51.878],[-80.822,51.877],[-80.814,51.879],[-80.815,51.882],[-80.811,51.886],[-80.805,51.886],[-80.799,51.885],[-80.793,51.888],[-80.796,51.881],[-80.798,51.878],[-80.795,51.873],[-80.796,51.872],[-80.79,51.865],[-80.79,51.862],[-80.783,51.857],[-80.775,51.857],[-80.77,51.855],[-80.768,51.851],[-80.763,51.851],[-80.761,51.852],[-80.756,51.852],[-80.753,51.852],[-80.755,51.846],[-80.751,51.842],[-80.745,51.84],[-80.739,51.844],[-80.74,51.836],[-80.736,51.834],[-80.732,51.834],[-80.729,51.83],[-80.727,51.825],[-80.719,51.823],[-80.719,51.82],[-80.713,51.821],[-80.706,51.821],[-80.699,51.823],[-80.695,51.821],[-80.695,51.833],[-80.692,51.838],[-80.693,51.841],[-80.691,51.846],[-80.688,51.848],[-80.686,51.845],[-80.689,51.838],[-80.69,51.835],[-80.69,51.826],[-80.693,51.816],[-80.691,51.805],[-80.685,51.803],[-80.684,51.801],[-80.687,51.799],[-80.684,51.797],[-80.681,51.799],[-80.679,51.795],[-80.673,51.794],[-80.669,51.796],[-80.665,51.796],[-80.659,51.794],[-80.654,51.79],[-80.656,51.783],[-80.652,51.778],[-80.641,51.763],[-80.632,51.755],[-80.624,51.749],[-80.619,51.745],[-80.611,51.741],[-80.608,51.737],[-80.602,51.729],[-80.597,51.726],[-80.593,51.724],[-80.588,51.72],[-80.585,51.716],[-80.582,51.713],[-80.579,51.712],[-80.57,51.708],[-80.569,51.705],[-80.566,51.701],[-80.564,51.694],[-80.564,51.688],[-80.567,51.679],[-80.569,51.673],[-80.567,51.673],[-80.566,51.668],[-80.564,51.661],[-80.562,51.656],[-80.559,51.653],[-80.56,51.65],[-80.558,51.644],[-80.555,51.638],[-80.553,51.636],[-80.553,51.634],[-80.544,51.618],[-80.543,51.612],[-80.54,51.61],[-80.538,51.604],[-80.533,51.599],[-80.528,51.592],[-80.524,51.586],[-80.524,51.582],[-80.519,51.571],[-80.521,51.57],[-80.516,51.562],[-80.516,51.559],[-80.512,51.553],[-80.513,51.548],[-80.507,51.543],[-80.507,51.539],[-80.503,51.534],[-80.504,51.532],[-80.499,51.53],[-80.499,51.528],[-80.492,51.522],[-80.482,51.509],[-80.483,51.507],[-80.477,51.504],[-80.468,51.501],[-80.465,51.498],[-80.462,51.496],[-80.45,51.495],[-80.446,51.492],[-80.445,51.488],[-80.439,51.48],[-80.436,51.474],[-80.434,51.469],[-80.432,51.465],[-80.429,51.454],[-80.428,51.449],[-80.429,51.44],[-80.43,51.434],[-80.433,51.429],[-80.432,51.424],[-80.434,51.421],[-80.434,51.417],[-80.435,51.412],[-80.436,51.407],[-80.433,51.401],[-80.434,51.399],[-80.432,51.391],[-80.432,51.384],[-80.433,51.377],[-80.436,51.374],[-80.439,51.373],[-80.437,51.371],[-80.434,51.372],[-80.424,51.373],[-80.421,51.373],[-80.42,51.369],[-80.416,51.364],[-80.416,51.358],[-80.419,51.355],[-80.426,51.35],[-80.409,51.338],[-80.397,51.329],[-80.387,51.336],[-80.385,51.339],[-80.374,51.336],[-80.366,51.336],[-80.365,51.333],[-80.359,51.333],[-80.345,51.327],[-80.336,51.327],[-80.328,51.325],[-80.324,51.325],[-80.317,51.323],[-80.319,51.319],[-80.314,51.315],[-80.309,51.316],[-80.305,51.318],[-80.302,51.314],[-80.291,51.313],[-80.288,51.309],[-80.277,51.311],[-80.267,51.307],[-80.262,51.308],[-80.254,51.306],[-80.25,51.303],[-80.238,51.303],[-80.234,51.301],[-80.221,51.299],[-80.221,51.298],[-80.205,51.296],[-80.198,51.296],[-80.191,51.295],[-80.187,51.295],[-80.18,51.293],[-80.175,51.293],[-80.157,51.292],[-80.146,51.291],[-80.138,51.291],[-80.133,51.289],[-80.118,51.292],[-80.113,51.291],[-80.107,51.285],[-80.106,51.283],[-80.099,51.279],[-80.096,51.276],[-80.082,51.274],[-80.076,51.271],[-80.066,51.262],[-80.052,51.257],[-80.047,51.256],[-80.036,51.255],[-80.02,51.255],[-80.014,51.252],[-80,51.245],[-79.995,51.249],[-79.985,51.243],[-79.978,51.239],[-79.973,51.233],[-79.968,51.23],[-79.961,51.224],[-79.956,51.219],[-79.955,51.216],[-79.944,51.208],[-79.938,51.201],[-79.927,51.195],[-79.924,51.192],[-79.914,51.187],[-79.912,51.185],[-79.903,51.181],[-79.902,51.18],[-79.885,51.172],[-79.883,51.171],[-79.879,51.171],[-79.871,51.168],[-79.859,51.165],[-79.838,51.163],[-79.832,51.163],[-79.822,51.162],[-79.811,51.161],[-79.808,51.161],[-79.79,51.16],[-79.787,51.157],[-79.784,51.152],[-79.773,51.156],[-79.784,51.164],[-79.786,51.169],[-79.785,51.174],[-79.777,51.179],[-79.773,51.18],[-79.776,51.184],[-79.772,51.188],[-79.768,51.189],[-79.763,51.192],[-79.757,51.197],[-79.757,51.199],[-79.751,51.203],[-79.748,51.207],[-79.743,51.216],[-79.741,51.218],[-79.737,51.224],[-79.73,51.233],[-79.724,51.239],[-79.714,51.244],[-79.709,51.242],[-79.707,51.246],[-79.702,51.248],[-79.691,51.25],[-79.683,51.252],[-79.678,51.253],[-79.673,51.253],[-79.672,51.256],[-79.68,51.258],[-79.688,51.263],[-79.694,51.267],[-79.694,51.273],[-79.695,51.275],[-79.692,51.277],[-79.693,51.28],[-79.691,51.281],[-79.69,51.285],[-79.692,51.288],[-79.691,51.292],[-79.694,51.295],[-79.695,51.299],[-79.706,51.301],[-79.712,51.305],[-79.715,51.308],[-79.719,51.311],[-79.723,51.312],[-79.727,51.316],[-79.731,51.318],[-79.736,51.323],[-79.745,51.329],[-79.743,51.33],[-79.741,51.333],[-79.738,51.333],[-79.738,51.342],[-79.741,51.345],[-79.738,51.348],[-79.74,51.351],[-79.733,51.352],[-79.731,51.355],[-79.727,51.355],[-79.725,51.358],[-79.726,51.362],[-79.73,51.365],[-79.732,51.372],[-79.728,51.371],[-79.722,51.374],[-79.719,51.377],[-79.719,51.378],[-79.713,51.383],[-79.711,51.382],[-79.712,51.369],[-79.711,51.367],[-79.71,51.363],[-79.714,51.361],[-79.713,51.358],[-79.717,51.357],[-79.716,51.354],[-79.714,51.35],[-79.71,51.347],[-79.708,51.353],[-79.707,51.358],[-79.704,51.359],[-79.698,51.359],[-79.694,51.355],[-79.686,51.349],[-79.682,51.343],[-79.676,51.341],[-79.676,51.346],[-79.674,51.35],[-79.677,51.357],[-79.68,51.363],[-79.682,51.363],[-79.684,51.37],[-79.687,51.374],[-79.689,51.379],[-79.687,51.382],[-79.687,51.387],[-79.685,51.388],[-79.686,51.399],[-79.683,51.4],[-79.683,51.403],[-79.682,51.406],[-79.676,51.408],[-79.671,51.405],[-79.666,51.406],[-79.665,51.408],[-79.659,51.408],[-79.651,51.406],[-79.639,51.407],[-79.64,51.409],[-79.636,51.412],[-79.636,51.416],[-79.631,51.42],[-79.627,51.419],[-79.62,51.42],[-79.616,51.415],[-79.614,51.416],[-79.615,51.423],[-79.609,51.428],[-79.609,51.431],[-79.606,51.436],[-79.606,51.439],[-79.598,51.439],[-79.598,51.442],[-79.595,51.445],[-79.59,51.444],[-79.582,51.447],[-79.579,51.451],[-79.58,51.453],[-79.576,51.464],[-79.579,51.465],[-79.577,51.468],[-79.577,51.473],[-79.568,51.469],[-79.555,51.468],[-79.553,51.467],[-79.542,51.467],[-79.536,51.463],[-79.528,51.462],[-79.527,51.466],[-79.525,51.469],[-79.524,51.471],[-79.516,51.461],[-79.517,51.36],[-79.518,51.25],[-79.518,51.224],[-79.518,51.137],[-79.519,51.062],[-79.518,51.029],[-79.518,51.01],[-79.518,50.946],[-79.518,50.945],[-79.518,50.886],[-79.518,50.762],[-79.518,50.632],[-79.518,50.5],[-79.518,50.383],[-79.518,50.25],[-79.518,50.195],[-79.517,50.165],[-79.517,50.104],[-79.518,50],[-79.518,49.914],[-79.518,49.865],[-79.518,49.832],[-79.518,49.767],[-79.518,49.677],[-79.518,49.58],[-79.518,49.526],[-79.517,49.525],[-79.517,49.505],[-79.518,49.492],[-79.518,49.439],[-79.518,49.4],[-79.518,49.313],[-79.518,49.25],[-79.518,49.191],[-79.518,49.097],[-79.518,49.027],[-79.518,49],[-79.518,48.977],[-79.518,48.952],[-79.518,48.937],[-79.518,48.866],[-79.518,48.865],[-79.517,48.806],[-79.517,48.778],[-79.518,48.761],[-79.517,48.75],[-79.518,48.669],[-79.517,48.562],[-79.518,48.526],[-79.517,48.504],[-79.517,48.417],[-79.518,48.396],[-79.517,48.369],[-79.518,48.351],[-79.517,48.319],[-79.517,48.288],[-79.518,48.276]]]}},{"type":"Feature","properties":{"HR_UID":"3565","ENGNAME":"Region of Waterloo Public Health"},"geometry":{"type":"Polygon","coordinates":[[[-80.205,43.398],[-80.196,43.371],[-80.195,43.365],[-80.19,43.353],[-80.188,43.343],[-80.213,43.339],[-80.248,43.334],[-80.238,43.307],[-80.316,43.293],[-80.321,43.292],[-80.343,43.289],[-80.393,43.28],[-80.406,43.278],[-80.472,43.267],[-80.483,43.296],[-80.504,43.348],[-80.541,43.342],[-80.605,43.332],[-80.63,43.327],[-80.646,43.325],[-80.691,43.318],[-80.735,43.311],[-80.736,43.353],[-80.737,43.386],[-80.737,43.407],[-80.738,43.408],[-80.752,43.423],[-80.767,43.439],[-80.794,43.467],[-80.797,43.468],[-80.835,43.484],[-80.869,43.498],[-80.859,43.512],[-80.846,43.531],[-80.838,43.542],[-80.824,43.56],[-80.803,43.587],[-80.777,43.619],[-80.755,43.648],[-80.735,43.64],[-80.695,43.624],[-80.635,43.6],[-80.608,43.589],[-80.604,43.616],[-80.6,43.636],[-80.596,43.661],[-80.595,43.662],[-80.558,43.69],[-80.539,43.676],[-80.522,43.664],[-80.518,43.661],[-80.511,43.656],[-80.489,43.641],[-80.48,43.634],[-80.42,43.59],[-80.41,43.583],[-80.398,43.574],[-80.383,43.564],[-80.368,43.569],[-80.37,43.551],[-80.373,43.535],[-80.374,43.533],[-80.368,43.527],[-80.352,43.513],[-80.326,43.49],[-80.318,43.483],[-80.306,43.472],[-80.304,43.468],[-80.298,43.454],[-80.296,43.451],[-80.292,43.443],[-80.27,43.387],[-80.267,43.387],[-80.205,43.398]]]}},{"type":"Feature","properties":{"HR_UID":"3557","ENGNAME":"Renfrew County and District Health Unit"},"geometry":{"type":"Polygon","coordinates":[[[-76.296,45.465],[-76.297,45.447],[-76.311,45.439],[-76.314,45.436],[-76.323,45.43],[-76.348,45.414],[-76.354,45.411],[-76.372,45.398],[-76.391,45.386],[-76.4,45.379],[-76.428,45.358],[-76.453,45.342],[-76.483,45.323],[-76.503,45.311],[-76.522,45.302],[-76.552,45.283],[-76.576,45.268],[-76.584,45.264],[-76.589,45.26],[-76.601,45.252],[-76.606,45.249],[-76.622,45.238],[-76.661,45.212],[-76.77,45.142],[-76.786,45.171],[-76.792,45.184],[-76.797,45.19],[-76.815,45.221],[-76.832,45.219],[-76.85,45.216],[-76.856,45.214],[-76.866,45.208],[-76.873,45.203],[-76.885,45.2],[-76.889,45.195],[-76.895,45.194],[-76.9,45.197],[-76.902,45.197],[-76.911,45.194],[-76.917,45.195],[-76.918,45.198],[-76.917,45.202],[-76.923,45.206],[-76.927,45.21],[-76.929,45.211],[-76.938,45.211],[-76.947,45.207],[-76.956,45.201],[-76.961,45.197],[-76.966,45.194],[-76.973,45.19],[-76.981,45.183],[-76.984,45.182],[-76.992,45.184],[-76.971,45.145],[-76.982,45.142],[-76.987,45.14],[-77.005,45.136],[-77.072,45.117],[-77.102,45.109],[-77.121,45.103],[-77.128,45.102],[-77.137,45.099],[-77.14,45.107],[-77.146,45.114],[-77.157,45.134],[-77.169,45.15],[-77.181,45.173],[-77.199,45.207],[-77.202,45.213],[-77.215,45.235],[-77.216,45.237],[-77.237,45.231],[-77.34,45.201],[-77.355,45.196],[-77.37,45.192],[-77.377,45.19],[-77.409,45.181],[-77.446,45.171],[-77.465,45.166],[-77.487,45.159],[-77.5,45.156],[-77.513,45.152],[-77.541,45.144],[-77.544,45.144],[-77.546,45.148],[-77.561,45.176],[-77.577,45.204],[-77.601,45.249],[-77.602,45.25],[-77.622,45.288],[-77.63,45.3],[-77.636,45.312],[-77.624,45.315],[-77.626,45.321],[-77.631,45.33],[-77.642,45.35],[-77.652,45.369],[-77.665,45.39],[-77.691,45.438],[-77.705,45.434],[-77.729,45.428],[-77.773,45.415],[-77.781,45.414],[-77.868,45.39],[-77.908,45.38],[-77.98,45.361],[-78.024,45.349],[-78.109,45.327],[-78.142,45.318],[-78.178,45.31],[-78.184,45.32],[-78.215,45.38],[-78.248,45.44],[-78.298,45.532],[-78.315,45.561],[-78.366,45.547],[-78.405,45.536],[-78.422,45.532],[-78.49,45.514],[-78.546,45.498],[-78.618,45.479],[-78.717,45.453],[-78.768,45.439],[-78.78,45.436],[-78.789,45.434],[-78.853,45.416],[-78.86,45.415],[-78.871,45.435],[-78.925,45.534],[-78.928,45.533],[-78.962,45.596],[-78.964,45.599],[-79.015,45.692],[-79.048,45.753],[-79.055,45.765],[-79.06,45.764],[-79.063,45.77],[-79.082,45.764],[-79.095,45.761],[-79.13,45.752],[-79.148,45.784],[-79.154,45.796],[-79.163,45.812],[-79.163,45.816],[-79.165,45.819],[-79.169,45.822],[-79.179,45.841],[-79.195,45.87],[-79.191,45.872],[-79.2,45.888],[-79.228,45.942],[-79.235,45.954],[-79.249,45.979],[-79.258,45.994],[-79.245,45.998],[-79.237,46],[-79.176,46.017],[-79.134,46.029],[-79.094,46.04],[-79.107,46.064],[-79.128,46.104],[-79.142,46.13],[-79.149,46.142],[-79.158,46.16],[-79.117,46.17],[-79.098,46.175],[-79.014,46.198],[-78.987,46.205],[-78.978,46.188],[-78.97,46.19],[-78.968,46.19],[-78.949,46.194],[-78.948,46.195],[-78.898,46.208],[-78.875,46.214],[-78.837,46.224],[-78.798,46.234],[-78.776,46.194],[-78.768,46.178],[-78.761,46.165],[-78.685,46.186],[-78.589,46.212],[-78.554,46.146],[-78.543,46.124],[-78.541,46.125],[-78.535,46.114],[-78.513,46.072],[-78.452,46.088],[-78.369,46.11],[-78.359,46.113],[-78.339,46.118],[-78.328,46.121],[-78.349,46.157],[-78.369,46.194],[-78.412,46.273],[-78.397,46.274],[-78.398,46.282],[-78.403,46.293],[-78.388,46.292],[-78.379,46.288],[-78.374,46.284],[-78.368,46.28],[-78.353,46.271],[-78.344,46.266],[-78.333,46.261],[-78.322,46.258],[-78.315,46.254],[-78.31,46.253],[-78.289,46.26],[-78.281,46.264],[-78.272,46.269],[-78.26,46.274],[-78.24,46.275],[-78.22,46.27],[-78.212,46.27],[-78.194,46.274],[-78.189,46.274],[-78.17,46.276],[-78.135,46.275],[-78.127,46.272],[-78.117,46.264],[-78.103,46.259],[-78.089,46.256],[-78.067,46.247],[-78.056,46.244],[-78.043,46.243],[-78.028,46.246],[-78.015,46.248],[-77.999,46.248],[-77.988,46.247],[-77.977,46.243],[-77.947,46.231],[-77.927,46.224],[-77.906,46.222],[-77.881,46.216],[-77.863,46.209],[-77.85,46.208],[-77.845,46.208],[-77.816,46.203],[-77.805,46.201],[-77.796,46.198],[-77.784,46.196],[-77.754,46.194],[-77.73,46.193],[-77.722,46.192],[-77.711,46.189],[-77.698,46.183],[-77.693,46.183],[-77.689,46.185],[-77.684,46.191],[-77.68,46.198],[-77.675,46.198],[-77.669,46.196],[-77.657,46.19],[-77.621,46.175],[-77.617,46.174],[-77.609,46.173],[-77.597,46.169],[-77.566,46.159],[-77.539,46.144],[-77.52,46.134],[-77.489,46.118],[-77.469,46.108],[-77.442,46.093],[-77.419,46.083],[-77.39,46.068],[-77.381,46.066],[-77.372,46.062],[-77.362,46.059],[-77.332,46.042],[-77.315,46.027],[-77.31,46.025],[-77.283,46.018],[-77.279,46.016],[-77.277,46.012],[-77.276,46.009],[-77.284,45.997],[-77.287,45.987],[-77.286,45.976],[-77.284,45.969],[-77.281,45.96],[-77.278,45.949],[-77.273,45.941],[-77.263,45.934],[-77.257,45.929],[-77.246,45.924],[-77.239,45.923],[-77.236,45.921],[-77.236,45.914],[-77.233,45.911],[-77.23,45.906],[-77.207,45.882],[-77.198,45.87],[-77.19,45.864],[-77.177,45.86],[-77.165,45.858],[-77.154,45.855],[-77.143,45.85],[-77.132,45.844],[-77.122,45.841],[-77.111,45.84],[-77.098,45.839],[-77.09,45.838],[-77.082,45.836],[-77.072,45.832],[-77.067,45.828],[-77.059,45.818],[-77.054,45.811],[-77.05,45.809],[-77.042,45.807],[-77.031,45.808],[-77.025,45.809],[-77.017,45.807],[-77.011,45.804],[-77.007,45.801],[-76.994,45.79],[-76.988,45.787],[-76.985,45.786],[-76.948,45.788],[-76.935,45.789],[-76.929,45.792],[-76.918,45.798],[-76.913,45.804],[-76.912,45.81],[-76.915,45.817],[-76.923,45.834],[-76.928,45.845],[-76.926,45.849],[-76.924,45.85],[-76.917,45.849],[-76.91,45.847],[-76.906,45.848],[-76.902,45.85],[-76.901,45.855],[-76.907,45.858],[-76.91,45.863],[-76.917,45.866],[-76.922,45.87],[-76.922,45.875],[-76.926,45.88],[-76.927,45.885],[-76.93,45.888],[-76.928,45.892],[-76.921,45.894],[-76.908,45.897],[-76.895,45.898],[-76.875,45.893],[-76.849,45.891],[-76.842,45.89],[-76.833,45.888],[-76.807,45.877],[-76.802,45.876],[-76.787,45.874],[-76.783,45.874],[-76.779,45.871],[-76.773,45.859],[-76.765,45.851],[-76.766,45.846],[-76.769,45.836],[-76.77,45.83],[-76.769,45.823],[-76.766,45.811],[-76.769,45.802],[-76.774,45.797],[-76.78,45.789],[-76.781,45.785],[-76.779,45.78],[-76.775,45.774],[-76.773,45.765],[-76.771,45.762],[-76.771,45.758],[-76.768,45.756],[-76.768,45.753],[-76.771,45.75],[-76.766,45.748],[-76.766,45.746],[-76.77,45.741],[-76.77,45.733],[-76.765,45.732],[-76.76,45.729],[-76.75,45.724],[-76.745,45.723],[-76.734,45.723],[-76.73,45.721],[-76.72,45.719],[-76.714,45.72],[-76.71,45.722],[-76.704,45.721],[-76.704,45.717],[-76.7,45.713],[-76.693,45.709],[-76.692,45.707],[-76.696,45.702],[-76.695,45.699],[-76.691,45.694],[-76.686,45.687],[-76.691,45.679],[-76.705,45.676],[-76.708,45.673],[-76.712,45.665],[-76.711,45.662],[-76.709,45.66],[-76.699,45.653],[-76.692,45.645],[-76.689,45.642],[-76.687,45.635],[-76.685,45.633],[-76.678,45.629],[-76.67,45.626],[-76.669,45.624],[-76.67,45.615],[-76.673,45.607],[-76.672,45.602],[-76.673,45.592],[-76.674,45.588],[-76.675,45.583],[-76.672,45.582],[-76.67,45.577],[-76.668,45.574],[-76.659,45.561],[-76.648,45.554],[-76.643,45.552],[-76.632,45.544],[-76.624,45.541],[-76.618,45.539],[-76.609,45.534],[-76.604,45.532],[-76.573,45.528],[-76.551,45.523],[-76.547,45.522],[-76.525,45.517],[-76.518,45.516],[-76.505,45.518],[-76.501,45.519],[-76.495,45.514],[-76.482,45.505],[-76.476,45.504],[-76.454,45.5],[-76.434,45.492],[-76.42,45.484],[-76.409,45.477],[-76.386,45.465],[-76.376,45.461],[-76.366,45.458],[-76.362,45.457],[-76.325,45.457],[-76.317,45.457],[-76.296,45.465]]]}},{"type":"Feature","properties":{"HR_UID":"3560","ENGNAME":"Simcoe Muskoka District Health Unit"},"geometry":{"type":"MultiPolygon","coordinates":[[[[-80.238,44.884],[-80.235,44.882],[-80.234,44.877],[-80.228,44.873],[-80.225,44.868],[-80.222,44.867],[-80.216,44.858],[-80.212,44.856],[-80.206,44.857],[-80.195,44.861],[-80.192,44.863],[-80.19,44.865],[-80.185,44.87],[-80.182,44.87],[-80.179,44.874],[-80.175,44.871],[-80.169,44.863],[-80.169,44.859],[-80.167,44.857],[-80.157,44.855],[-80.156,44.851],[-80.157,44.844],[-80.155,44.839],[-80.151,44.834],[-80.151,44.829],[-80.156,44.824],[-80.171,44.821],[-80.178,44.819],[-80.186,44.814],[-80.19,44.809],[-80.191,44.805],[-80.189,44.8],[-80.187,44.798],[-80.184,44.794],[-80.179,44.791],[-80.173,44.788],[-80.167,44.787],[-80.162,44.788],[-80.157,44.786],[-80.161,44.785],[-80.162,44.783],[-80.165,44.783],[-80.171,44.784],[-80.172,44.785],[-80.182,44.787],[-80.189,44.789],[-80.191,44.791],[-80.198,44.793],[-80.201,44.797],[-80.205,44.797],[-80.216,44.805],[-80.215,44.807],[-80.216,44.815],[-80.219,44.818],[-80.223,44.819],[-80.236,44.826],[-80.241,44.831],[-80.245,44.833],[-80.247,44.838],[-80.247,44.842],[-80.243,44.845],[-80.24,44.848],[-80.238,44.854],[-80.233,44.859],[-80.236,44.862],[-80.239,44.864],[-80.241,44.87],[-80.24,44.872],[-80.244,44.879],[-80.243,44.883],[-80.238,44.884]]],[[[-80.122,44.885],[-80.12,44.88],[-80.121,44.877],[-80.124,44.874],[-80.123,44.872],[-80.12,44.87],[-80.115,44.869],[-80.112,44.872],[-80.107,44.87],[-80.1,44.866],[-80.097,44.861],[-80.099,44.857],[-80.1,44.847],[-80.1,44.844],[-80.107,44.843],[-80.113,44.839],[-80.118,44.84],[-80.127,44.84],[-80.129,44.841],[-80.129,44.845],[-80.13,44.849],[-80.129,44.857],[-80.128,44.86],[-80.123,44.864],[-80.122,44.867],[-80.123,44.87],[-80.128,44.87],[-80.135,44.873],[-80.138,44.876],[-80.137,44.879],[-80.131,44.881],[-80.126,44.885],[-80.122,44.885]]],[[[-80.164,44.916],[-80.163,44.912],[-80.164,44.909],[-80.161,44.907],[-80.164,44.903],[-80.164,44.898],[-80.173,44.899],[-80.179,44.896],[-80.181,44.893],[-80.183,44.895],[-80.191,44.897],[-80.198,44.901],[-80.199,44.905],[-80.196,44.912],[-80.194,44.912],[-80.189,44.912],[-80.186,44.913],[-80.182,44.913],[-80.175,44.914],[-80.17,44.914],[-80.164,44.916]]],[[[-79.851,44.901],[-79.844,44.898],[-79.84,44.894],[-79.836,44.891],[-79.835,44.888],[-79.838,44.886],[-79.842,44.886],[-79.845,44.888],[-79.848,44.888],[-79.851,44.891],[-79.854,44.89],[-79.858,44.878],[-79.856,44.874],[-79.847,44.87],[-79.851,44.866],[-79.857,44.867],[-79.861,44.869],[-79.865,44.862],[-79.863,44.858],[-79.865,44.854],[-79.863,44.85],[-79.866,44.846],[-79.865,44.842],[-79.866,44.839],[-79.864,44.836],[-79.868,44.832],[-79.872,44.828],[-79.876,44.834],[-79.878,44.835],[-79.88,44.839],[-79.878,44.848],[-79.88,44.849],[-79.88,44.856],[-79.879,44.859],[-79.879,44.868],[-79.878,44.872],[-79.873,44.88],[-79.867,44.882],[-79.875,44.885],[-79.88,44.884],[-79.88,44.887],[-79.878,44.889],[-79.882,44.891],[-79.878,44.894],[-79.865,44.892],[-79.864,44.894],[-79.86,44.898],[-79.855,44.901],[-79.851,44.901]]],[[[-79.986,44.931],[-79.985,44.93],[-79.984,44.926],[-79.99,44.922],[-79.989,44.919],[-79.992,44.912],[-79.992,44.909],[-79.994,44.905],[-79.992,44.9],[-79.999,44.896],[-80.002,44.889],[-80.002,44.884],[-80.005,44.88],[-80.009,44.881],[-80.009,44.886],[-80.011,44.889],[-80.01,44.89],[-80.013,44.892],[-80.017,44.898],[-80.014,44.902],[-80.015,44.906],[-80.01,44.913],[-79.999,44.921],[-79.994,44.92],[-79.994,44.922],[-79.991,44.924],[-79.987,44.925],[-79.991,44.929],[-79.986,44.931]]],[[[-79.865,44.949],[-79.861,44.948],[-79.861,44.946],[-79.857,44.945],[-79.856,44.941],[-79.852,44.942],[-79.848,44.938],[-79.844,44.939],[-79.843,44.936],[-79.838,44.932],[-79.838,44.929],[-79.843,44.929],[-79.846,44.927],[-79.851,44.928],[-79.854,44.933],[-79.854,44.936],[-79.859,44.935],[-79.86,44.937],[-79.863,44.939],[-79.864,44.934],[-79.867,44.932],[-79.871,44.933],[-79.875,44.93],[-79.878,44.93],[-79.877,44.937],[-79.874,44.935],[-79.873,44.942],[-79.867,44.949],[-79.865,44.949]]],[[[-79.942,45.009],[-79.938,45.007],[-79.933,45],[-79.93,44.998],[-79.939,44.995],[-79.939,44.994],[-79.95,44.992],[-79.955,44.992],[-79.959,44.997],[-79.956,45.001],[-79.958,45.004],[-79.954,45.005],[-79.95,45.005],[-79.95,45.01],[-79.942,45.009]]],[[[-79.995,45.058],[-79.991,45.056],[-79.984,45.055],[-79.983,45.048],[-79.989,45.048],[-79.988,45.045],[-79.988,45.043],[-79.991,45.042],[-79.996,45.041],[-79.997,45.038],[-80,45.039],[-80.004,45.043],[-80.002,45.046],[-80.004,45.048],[-80.01,45.051],[-80.013,45.054],[-80.014,45.057],[-80.008,45.056],[-80.006,45.058],[-79.995,45.058]]],[[[-79.89,44.772],[-79.894,44.77],[-79.893,44.762],[-79.898,44.76],[-79.893,44.756],[-79.893,44.753],[-79.888,44.752],[-79.886,44.757],[-79.882,44.759],[-79.878,44.759],[-79.871,44.758],[-79.864,44.752],[-79.86,44.749],[-79.856,44.746],[-79.853,44.745],[-79.848,44.748],[-79.849,44.755],[-79.847,44.76],[-79.845,44.762],[-79.84,44.763],[-79.837,44.762],[-79.832,44.763],[-79.825,44.766],[-79.823,44.766],[-79.812,44.769],[-79.808,44.77],[-79.809,44.766],[-79.806,44.759],[-79.806,44.756],[-79.801,44.757],[-79.805,44.753],[-79.796,44.755],[-79.803,44.747],[-79.803,44.744],[-79.795,44.753],[-79.795,44.75],[-79.801,44.744],[-79.803,44.741],[-79.801,44.735],[-79.804,44.735],[-79.806,44.732],[-79.803,44.731],[-79.798,44.734],[-79.796,44.737],[-79.791,44.742],[-79.785,44.743],[-79.782,44.745],[-79.777,44.752],[-79.779,44.755],[-79.785,44.756],[-79.782,44.758],[-79.778,44.756],[-79.774,44.761],[-79.77,44.763],[-79.763,44.769],[-79.761,44.767],[-79.757,44.768],[-79.754,44.764],[-79.758,44.758],[-79.758,44.753],[-79.754,44.751],[-79.754,44.746],[-79.75,44.743],[-79.747,44.738],[-79.747,44.736],[-79.744,44.733],[-79.74,44.732],[-79.738,44.734],[-79.738,44.737],[-79.731,44.737],[-79.73,44.742],[-79.731,44.744],[-79.727,44.746],[-79.724,44.751],[-79.72,44.755],[-79.715,44.758],[-79.709,44.76],[-79.703,44.758],[-79.701,44.756],[-79.695,44.753],[-79.694,44.75],[-79.667,44.75],[-79.671,44.752],[-79.672,44.755],[-79.675,44.758],[-79.674,44.763],[-79.677,44.767],[-79.682,44.768],[-79.692,44.762],[-79.696,44.759],[-79.699,44.76],[-79.704,44.764],[-79.708,44.764],[-79.713,44.767],[-79.716,44.77],[-79.713,44.775],[-79.716,44.78],[-79.711,44.783],[-79.715,44.787],[-79.719,44.788],[-79.718,44.791],[-79.722,44.793],[-79.72,44.795],[-79.719,44.8],[-79.72,44.803],[-79.715,44.81],[-79.712,44.809],[-79.707,44.816],[-79.703,44.816],[-79.705,44.819],[-79.701,44.819],[-79.698,44.821],[-79.696,44.824],[-79.697,44.828],[-79.702,44.831],[-79.707,44.828],[-79.71,44.829],[-79.709,44.832],[-79.712,44.833],[-79.712,44.83],[-79.71,44.827],[-79.713,44.826],[-79.722,44.819],[-79.722,44.816],[-79.724,44.812],[-79.731,44.81],[-79.733,44.808],[-79.731,44.807],[-79.731,44.802],[-79.737,44.803],[-79.735,44.8],[-79.741,44.801],[-79.739,44.796],[-79.733,44.794],[-79.734,44.789],[-79.739,44.79],[-79.735,44.792],[-79.736,44.794],[-79.74,44.793],[-79.742,44.791],[-79.746,44.79],[-79.749,44.793],[-79.758,44.799],[-79.762,44.8],[-79.764,44.806],[-79.77,44.806],[-79.772,44.807],[-79.772,44.81],[-79.779,44.812],[-79.78,44.814],[-79.784,44.813],[-79.788,44.811],[-79.791,44.813],[-79.796,44.813],[-79.795,44.816],[-79.792,44.816],[-79.785,44.82],[-79.781,44.823],[-79.782,44.829],[-79.778,44.833],[-79.773,44.835],[-79.771,44.838],[-79.778,44.839],[-79.778,44.842],[-79.782,44.842],[-79.783,44.839],[-79.789,44.844],[-79.792,44.845],[-79.795,44.851],[-79.801,44.852],[-79.81,44.852],[-79.813,44.855],[-79.82,44.858],[-79.818,44.86],[-79.82,44.865],[-79.825,44.87],[-79.824,44.873],[-79.816,44.873],[-79.811,44.873],[-79.808,44.871],[-79.805,44.873],[-79.798,44.873],[-79.796,44.87],[-79.793,44.867],[-79.789,44.867],[-79.786,44.863],[-79.785,44.866],[-79.781,44.866],[-79.786,44.87],[-79.784,44.873],[-79.777,44.875],[-79.778,44.878],[-79.784,44.88],[-79.789,44.878],[-79.79,44.874],[-79.795,44.873],[-79.796,44.874],[-79.802,44.875],[-79.806,44.876],[-79.806,44.879],[-79.811,44.877],[-79.811,44.882],[-79.808,44.882],[-79.804,44.88],[-79.802,44.884],[-79.794,44.888],[-79.792,44.888],[-79.787,44.891],[-79.785,44.897],[-79.779,44.901],[-79.783,44.903],[-79.785,44.902],[-79.784,44.898],[-79.789,44.894],[-79.793,44.894],[-79.797,44.893],[-79.795,44.891],[-79.8,44.889],[-79.801,44.891],[-79.807,44.891],[-79.809,44.888],[-79.811,44.889],[-79.815,44.887],[-79.817,44.888],[-79.823,44.893],[-79.827,44.897],[-79.831,44.895],[-79.834,44.896],[-79.836,44.895],[-79.841,44.899],[-79.841,44.902],[-79.844,44.904],[-79.844,44.908],[-79.847,44.909],[-79.839,44.91],[-79.83,44.91],[-79.825,44.917],[-79.822,44.917],[-79.823,44.92],[-79.816,44.92],[-79.819,44.923],[-79.824,44.923],[-79.825,44.919],[-79.828,44.918],[-79.829,44.921],[-79.833,44.92],[-79.833,44.923],[-79.825,44.93],[-79.824,44.933],[-79.829,44.932],[-79.832,44.935],[-79.831,44.941],[-79.834,44.943],[-79.839,44.94],[-79.837,44.937],[-79.841,44.936],[-79.842,44.938],[-79.841,44.941],[-79.846,44.941],[-79.85,44.944],[-79.846,44.95],[-79.85,44.953],[-79.852,44.95],[-79.856,44.95],[-79.859,44.954],[-79.866,44.955],[-79.87,44.955],[-79.87,44.959],[-79.876,44.959],[-79.879,44.961],[-79.882,44.96],[-79.886,44.963],[-79.89,44.968],[-79.894,44.967],[-79.888,44.959],[-79.885,44.958],[-79.883,44.955],[-79.885,44.951],[-79.881,44.949],[-79.883,44.948],[-79.888,44.949],[-79.892,44.949],[-79.892,44.947],[-79.888,44.947],[-79.887,44.945],[-79.896,44.94],[-79.903,44.939],[-79.907,44.939],[-79.907,44.937],[-79.91,44.934],[-79.914,44.935],[-79.915,44.933],[-79.918,44.932],[-79.925,44.933],[-79.923,44.936],[-79.921,44.941],[-79.918,44.94],[-79.916,44.942],[-79.919,44.947],[-79.916,44.949],[-79.918,44.953],[-79.915,44.956],[-79.913,44.954],[-79.911,44.957],[-79.918,44.959],[-79.924,44.96],[-79.922,44.958],[-79.924,44.954],[-79.92,44.953],[-79.921,44.95],[-79.927,44.948],[-79.931,44.949],[-79.933,44.954],[-79.932,44.956],[-79.936,44.958],[-79.935,44.962],[-79.93,44.963],[-79.93,44.965],[-79.932,44.968],[-79.93,44.973],[-79.933,44.972],[-79.931,44.978],[-79.931,44.979],[-79.937,44.979],[-79.938,44.976],[-79.945,44.98],[-79.946,44.978],[-79.951,44.977],[-79.952,44.978],[-79.945,44.984],[-79.942,44.987],[-79.934,44.988],[-79.927,44.986],[-79.923,44.987],[-79.931,44.989],[-79.929,44.992],[-79.932,44.994],[-79.931,44.996],[-79.926,44.998],[-79.918,44.995],[-79.915,44.993],[-79.918,44.996],[-79.922,44.997],[-79.924,44.999],[-79.917,45.004],[-79.905,45.009],[-79.901,45.009],[-79.897,45.011],[-79.892,45.013],[-79.894,45.015],[-79.897,45.015],[-79.901,45.012],[-79.908,45.014],[-79.912,45.013],[-79.906,45.011],[-79.916,45.006],[-79.921,45.005],[-79.924,45.001],[-79.929,45.004],[-79.936,45.005],[-79.939,45.009],[-79.94,45.014],[-79.947,45.016],[-79.949,45.014],[-79.947,45.011],[-79.951,45.012],[-79.954,45.008],[-79.957,45.007],[-79.96,45.01],[-79.967,45.011],[-79.975,45.014],[-79.981,45.015],[-79.981,45.019],[-79.994,45.019],[-79.996,45.02],[-79.989,45.025],[-79.997,45.024],[-79.998,45.026],[-80.003,45.026],[-80.009,45.029],[-80.008,45.034],[-80.002,45.035],[-80.005,45.04],[-80.007,45.041],[-80.007,45.044],[-80.003,45.042],[-79.999,45.038],[-79.994,45.035],[-79.988,45.032],[-79.989,45.029],[-79.984,45.028],[-79.986,45.032],[-79.982,45.036],[-79.986,45.037],[-79.986,45.041],[-79.981,45.043],[-79.978,45.042],[-79.975,45.044],[-79.969,45.045],[-79.972,45.047],[-79.973,45.051],[-79.971,45.052],[-79.972,45.057],[-79.969,45.056],[-79.964,45.052],[-79.961,45.053],[-79.961,45.055],[-79.963,45.058],[-79.959,45.06],[-79.95,45.06],[-79.949,45.061],[-79.963,45.06],[-79.973,45.061],[-79.975,45.065],[-79.978,45.065],[-79.98,45.061],[-79.987,45.06],[-80.001,45.058],[-80.011,45.059],[-80.011,45.062],[-80.013,45.065],[-80.02,45.066],[-80.02,45.064],[-80.024,45.062],[-80.025,45.061],[-80.03,45.059],[-80.034,45.06],[-80.035,45.062],[-80.038,45.062],[-80.043,45.065],[-80.043,45.067],[-80.047,45.068],[-80.054,45.067],[-80.059,45.066],[-80.062,45.067],[-80.064,45.065],[-80.068,45.065],[-80.064,45.071],[-80.068,45.071],[-80.073,45.075],[-80.067,45.075],[-80.06,45.075],[-80.055,45.074],[-80.053,45.07],[-80.044,45.068],[-80.041,45.068],[-80.041,45.072],[-80.057,45.076],[-80.06,45.078],[-80.07,45.08],[-80.072,45.082],[-80.086,45.082],[-80.087,45.083],[-80.093,45.083],[-80.096,45.086],[-80.091,45.088],[-80.082,45.089],[-80.075,45.091],[-80.068,45.091],[-80.065,45.09],[-80.062,45.091],[-80.057,45.092],[-80.051,45.092],[-80.041,45.09],[-80.045,45.089],[-80.027,45.087],[-80.022,45.087],[-80.011,45.086],[-80.006,45.085],[-80.001,45.083],[-79.984,45.083],[-79.977,45.082],[-79.972,45.083],[-79.965,45.08],[-79.961,45.082],[-79.952,45.082],[-79.928,45.083],[-79.939,45.084],[-79.942,45.085],[-79.952,45.084],[-79.955,45.085],[-79.961,45.084],[-79.972,45.084],[-79.976,45.083],[-79.982,45.084],[-79.993,45.085],[-79.998,45.087],[-80.001,45.086],[-80.015,45.087],[-80.016,45.089],[-80.026,45.089],[-80.028,45.09],[-80.04,45.091],[-80.045,45.094],[-80.049,45.093],[-80.052,45.095],[-80.05,45.096],[-80,45.107],[-79.971,45.115],[-79.97,45.11],[-79.965,45.112],[-79.961,45.112],[-79.955,45.11],[-79.957,45.107],[-79.947,45.106],[-79.939,45.108],[-79.933,45.105],[-79.928,45.108],[-79.933,45.109],[-79.936,45.108],[-79.939,45.11],[-79.943,45.112],[-79.95,45.112],[-79.957,45.112],[-79.962,45.114],[-79.969,45.116],[-79.857,45.147],[-79.805,45.161],[-79.787,45.166],[-79.764,45.172],[-79.761,45.172],[-79.726,45.181],[-79.702,45.189],[-79.677,45.195],[-79.659,45.2],[-79.648,45.204],[-79.624,45.21],[-79.606,45.215],[-79.614,45.223],[-79.621,45.231],[-79.623,45.235],[-79.624,45.245],[-79.629,45.253],[-79.631,45.257],[-79.642,45.278],[-79.657,45.306],[-79.673,45.334],[-79.625,45.347],[-79.541,45.37],[-79.501,45.38],[-79.487,45.384],[-79.475,45.389],[-79.412,45.406],[-79.321,45.43],[-79.3,45.436],[-79.278,45.441],[-79.247,45.45],[-79.236,45.453],[-79.221,45.457],[-79.175,45.469],[-79.174,45.47],[-79.155,45.475],[-79.072,45.499],[-79.054,45.504],[-79.038,45.507],[-79.003,45.517],[-79.001,45.513],[-78.956,45.524],[-78.928,45.533],[-78.925,45.534],[-78.871,45.435],[-78.86,45.415],[-78.873,45.412],[-78.901,45.404],[-78.918,45.399],[-78.92,45.398],[-78.971,45.384],[-78.973,45.38],[-78.968,45.377],[-78.968,45.372],[-78.957,45.371],[-78.958,45.363],[-78.957,45.362],[-78.952,45.36],[-78.95,45.351],[-78.947,45.347],[-78.943,45.345],[-78.943,45.339],[-78.94,45.334],[-78.936,45.327],[-78.935,45.323],[-78.937,45.321],[-78.935,45.314],[-78.929,45.306],[-78.927,45.302],[-78.923,45.298],[-78.92,45.292],[-78.918,45.285],[-78.911,45.277],[-78.907,45.276],[-78.907,45.273],[-78.905,45.267],[-78.905,45.263],[-78.903,45.261],[-78.899,45.253],[-78.893,45.25],[-78.894,45.244],[-78.895,45.241],[-78.888,45.233],[-78.886,45.23],[-78.887,45.226],[-78.884,45.224],[-78.884,45.221],[-78.882,45.215],[-78.868,45.213],[-78.874,45.207],[-78.873,45.205],[-78.872,45.197],[-78.866,45.194],[-78.867,45.191],[-78.87,45.189],[-78.867,45.182],[-78.872,45.179],[-78.87,45.177],[-78.865,45.178],[-78.861,45.177],[-78.856,45.175],[-78.854,45.168],[-78.851,45.166],[-78.845,45.158],[-78.846,45.153],[-78.846,45.15],[-78.843,45.145],[-78.854,45.142],[-78.909,45.128],[-78.978,45.111],[-79.001,45.105],[-78.994,45.094],[-78.988,45.082],[-78.981,45.068],[-78.977,45.062],[-78.955,45.023],[-78.934,44.986],[-78.994,44.97],[-79.022,44.962],[-79.033,44.959],[-79.057,44.953],[-79.094,44.943],[-79.1,44.954],[-79.119,44.95],[-79.09,44.893],[-79.068,44.849],[-79.063,44.84],[-79.096,44.831],[-79.145,44.818],[-79.158,44.815],[-79.209,44.8],[-79.207,44.796],[-79.208,44.795],[-79.194,44.767],[-79.189,44.755],[-79.187,44.75],[-79.174,44.723],[-79.164,44.7],[-79.16,44.692],[-79.155,44.681],[-79.146,44.66],[-79.124,44.61],[-79.12,44.6],[-79.106,44.57],[-79.088,44.529],[-79.082,44.516],[-79.093,44.517],[-79.097,44.514],[-79.106,44.51],[-79.121,44.507],[-79.122,44.506],[-79.128,44.507],[-79.131,44.51],[-79.14,44.513],[-79.145,44.511],[-79.144,44.509],[-79.148,44.505],[-79.148,44.5],[-79.152,44.5],[-79.155,44.497],[-79.154,44.495],[-79.154,44.49],[-79.16,44.487],[-79.16,44.485],[-79.157,44.482],[-79.159,44.48],[-79.157,44.477],[-79.161,44.474],[-79.161,44.472],[-79.164,44.471],[-79.242,44.46],[-79.297,44.452],[-79.409,44.437],[-79.462,44.429],[-79.5,44.424],[-79.509,44.422],[-79.506,44.41],[-79.505,44.397],[-79.51,44.387],[-79.51,44.307],[-79.512,44.294],[-79.512,44.289],[-79.511,44.27],[-79.513,44.25],[-79.512,44.244],[-79.511,44.213],[-79.516,44.203],[-79.519,44.2],[-79.52,44.196],[-79.518,44.194],[-79.515,44.191],[-79.518,44.186],[-79.518,44.184],[-79.517,44.178],[-79.514,44.176],[-79.518,44.173],[-79.516,44.171],[-79.516,44.166],[-79.523,44.161],[-79.526,44.156],[-79.526,44.154],[-79.541,44.146],[-79.543,44.141],[-79.545,44.137],[-79.546,44.133],[-79.544,44.128],[-79.546,44.126],[-79.543,44.124],[-79.544,44.119],[-79.546,44.117],[-79.547,44.105],[-79.548,44.1],[-79.551,44.098],[-79.55,44.095],[-79.556,44.094],[-79.557,44.087],[-79.553,44.087],[-79.557,44.082],[-79.557,44.076],[-79.562,44.073],[-79.568,44.072],[-79.569,44.068],[-79.572,44.067],[-79.572,44.065],[-79.578,44.061],[-79.582,44.06],[-79.585,44.058],[-79.586,44.056],[-79.592,44.054],[-79.593,44.052],[-79.598,44.05],[-79.599,44.048],[-79.606,44.049],[-79.608,44.048],[-79.616,44.047],[-79.614,44.044],[-79.615,44.041],[-79.614,44.037],[-79.612,44.035],[-79.613,44.033],[-79.616,44.032],[-79.618,44.033],[-79.621,44.028],[-79.626,44.026],[-79.629,44.026],[-79.632,44.025],[-79.637,44.021],[-79.641,44.021],[-79.644,44.023],[-79.648,44.021],[-79.646,44.019],[-79.649,44.018],[-79.652,44.019],[-79.655,44.019],[-79.657,44.016],[-79.702,44.006],[-79.753,43.995],[-79.776,43.99],[-79.797,43.985],[-79.802,43.984],[-79.809,43.982],[-79.87,43.969],[-79.951,43.951],[-79.965,44.005],[-79.971,44.031],[-79.978,44.059],[-79.985,44.086],[-79.994,44.123],[-79.993,44.124],[-80.001,44.16],[-80.01,44.197],[-80.023,44.25],[-80.028,44.271],[-80.034,44.295],[-80.05,44.291],[-80.099,44.281],[-80.116,44.277],[-80.145,44.271],[-80.163,44.267],[-80.229,44.253],[-80.251,44.351],[-80.259,44.386],[-80.267,44.42],[-80.274,44.449],[-80.28,44.476],[-80.286,44.5],[-80.293,44.532],[-80.293,44.533],[-80.286,44.529],[-80.283,44.528],[-80.28,44.529],[-80.276,44.525],[-80.272,44.525],[-80.269,44.527],[-80.263,44.522],[-80.258,44.52],[-80.256,44.521],[-80.251,44.522],[-80.246,44.516],[-80.243,44.514],[-80.236,44.512],[-80.232,44.509],[-80.23,44.505],[-80.225,44.505],[-80.221,44.506],[-80.218,44.505],[-80.211,44.506],[-80.209,44.509],[-80.204,44.509],[-80.199,44.507],[-80.198,44.505],[-80.194,44.504],[-80.189,44.501],[-80.179,44.5],[-80.18,44.498],[-80.169,44.492],[-80.163,44.49],[-80.155,44.485],[-80.148,44.483],[-80.138,44.477],[-80.131,44.475],[-80.126,44.474],[-80.124,44.472],[-80.12,44.47],[-80.115,44.47],[-80.109,44.472],[-80.106,44.47],[-80.102,44.47],[-80.087,44.475],[-80.081,44.478],[-80.065,44.487],[-80.053,44.495],[-80.044,44.502],[-80.036,44.509],[-80.027,44.517],[-80.017,44.528],[-80.009,44.536],[-80.008,44.537],[-80.006,44.541],[-80.001,44.548],[-80,44.552],[-79.997,44.555],[-79.995,44.56],[-79.995,44.562],[-79.996,44.568],[-79.993,44.573],[-79.992,44.583],[-79.994,44.588],[-80,44.591],[-80.005,44.594],[-80.008,44.597],[-80.008,44.599],[-80.003,44.604],[-80.002,44.608],[-79.999,44.614],[-79.999,44.616],[-79.993,44.625],[-79.987,44.635],[-79.983,44.645],[-79.98,44.658],[-79.98,44.668],[-79.984,44.674],[-79.989,44.673],[-79.994,44.678],[-79.995,44.686],[-79.998,44.692],[-80.001,44.693],[-80.004,44.696],[-80.007,44.702],[-80.012,44.707],[-80.016,44.709],[-80.019,44.708],[-80.022,44.711],[-80.027,44.718],[-80.032,44.723],[-80.042,44.725],[-80.047,44.724],[-80.055,44.728],[-80.064,44.73],[-80.07,44.728],[-80.072,44.729],[-80.076,44.733],[-80.079,44.734],[-80.084,44.738],[-80.091,44.742],[-80.1,44.743],[-80.109,44.746],[-80.117,44.747],[-80.12,44.746],[-80.122,44.748],[-80.127,44.75],[-80.129,44.752],[-80.131,44.761],[-80.131,44.77],[-80.129,44.773],[-80.129,44.777],[-80.131,44.781],[-80.126,44.789],[-80.125,44.794],[-80.126,44.8],[-80.124,44.806],[-80.124,44.81],[-80.12,44.811],[-80.115,44.811],[-80.107,44.813],[-80.1,44.813],[-80.091,44.818],[-80.085,44.82],[-80.079,44.823],[-80.074,44.819],[-80.073,44.817],[-80.074,44.812],[-80.076,44.81],[-80.075,44.802],[-80.074,44.801],[-80.068,44.799],[-80.063,44.799],[-80.055,44.8],[-80.048,44.802],[-80.045,44.806],[-80.049,44.814],[-80.051,44.816],[-80.05,44.819],[-80.044,44.824],[-80.04,44.828],[-80.039,44.835],[-80.036,44.838],[-80.032,44.84],[-80.028,44.843],[-80.028,44.848],[-80.032,44.849],[-80.032,44.851],[-80.029,44.854],[-80.026,44.85],[-80.02,44.849],[-80.017,44.849],[-80.003,44.858],[-79.998,44.856],[-79.992,44.855],[-79.991,44.857],[-79.986,44.856],[-79.977,44.857],[-79.971,44.86],[-79.96,44.866],[-79.951,44.867],[-79.947,44.863],[-79.945,44.86],[-79.939,44.859],[-79.932,44.861],[-79.923,44.861],[-79.92,44.861],[-79.913,44.855],[-79.91,44.85],[-79.908,44.845],[-79.904,44.842],[-79.905,44.836],[-79.908,44.832],[-79.911,44.83],[-79.914,44.83],[-79.923,44.823],[-79.928,44.815],[-79.934,44.816],[-79.939,44.814],[-79.939,44.808],[-79.948,44.808],[-79.946,44.805],[-79.945,44.798],[-79.942,44.792],[-79.942,44.788],[-79.944,44.784],[-79.946,44.783],[-79.945,44.776],[-79.95,44.776],[-79.953,44.774],[-79.954,44.769],[-79.949,44.768],[-79.949,44.766],[-79.945,44.766],[-79.939,44.771],[-79.939,44.777],[-79.937,44.778],[-79.934,44.785],[-79.935,44.787],[-79.935,44.793],[-79.932,44.796],[-79.932,44.798],[-79.934,44.804],[-79.932,44.808],[-79.929,44.806],[-79.926,44.807],[-79.91,44.807],[-79.903,44.808],[-79.901,44.81],[-79.892,44.813],[-79.881,44.811],[-79.879,44.809],[-79.876,44.809],[-79.873,44.807],[-79.87,44.801],[-79.868,44.799],[-79.866,44.784],[-79.867,44.781],[-79.872,44.779],[-79.879,44.773],[-79.89,44.772]]]]}},{"type":"Feature","properties":{"HR_UID":"3575","ENGNAME":"Southwestern Public Health"},"geometry":{"type":"Polygon","coordinates":[[[-80.472,43.267],[-80.461,43.239],[-80.436,43.179],[-80.464,43.175],[-80.488,43.171],[-80.525,43.165],[-80.586,43.155],[-80.609,43.152],[-80.603,43.135],[-80.59,43.104],[-80.567,43.042],[-80.552,43.007],[-80.543,42.985],[-80.526,42.939],[-80.516,42.913],[-80.513,42.903],[-80.505,42.884],[-80.528,42.881],[-80.573,42.874],[-80.62,42.867],[-80.676,42.859],[-80.705,42.855],[-80.701,42.848],[-80.715,42.83],[-80.717,42.836],[-80.722,42.835],[-80.725,42.84],[-80.723,42.844],[-80.723,42.846],[-80.727,42.846],[-80.745,42.824],[-80.717,42.788],[-80.717,42.783],[-80.718,42.754],[-80.718,42.736],[-80.718,42.706],[-80.719,42.682],[-80.721,42.635],[-80.721,42.62],[-80.729,42.624],[-80.741,42.628],[-80.758,42.634],[-80.782,42.641],[-80.79,42.643],[-80.794,42.644],[-80.806,42.643],[-80.807,42.64],[-80.813,42.64],[-80.819,42.643],[-80.836,42.651],[-80.842,42.652],[-80.851,42.653],[-80.871,42.656],[-80.877,42.657],[-80.887,42.658],[-80.9,42.659],[-80.907,42.66],[-80.917,42.661],[-80.921,42.66],[-80.928,42.661],[-80.945,42.661],[-80.957,42.662],[-80.974,42.661],[-80.992,42.66],[-81.006,42.656],[-81.008,42.653],[-81.021,42.657],[-81.04,42.659],[-81.06,42.66],[-81.086,42.661],[-81.122,42.663],[-81.145,42.663],[-81.15,42.663],[-81.161,42.663],[-81.163,42.661],[-81.167,42.663],[-81.17,42.662],[-81.181,42.663],[-81.193,42.665],[-81.198,42.666],[-81.199,42.664],[-81.204,42.665],[-81.209,42.664],[-81.21,42.66],[-81.214,42.659],[-81.232,42.662],[-81.247,42.664],[-81.263,42.662],[-81.275,42.658],[-81.288,42.657],[-81.311,42.654],[-81.319,42.652],[-81.328,42.649],[-81.342,42.645],[-81.351,42.641],[-81.359,42.636],[-81.364,42.632],[-81.374,42.625],[-81.378,42.624],[-81.388,42.617],[-81.396,42.608],[-81.399,42.606],[-81.405,42.605],[-81.42,42.606],[-81.427,42.606],[-81.439,42.604],[-81.451,42.6],[-81.459,42.596],[-81.464,42.591],[-81.466,42.587],[-81.466,42.584],[-81.471,42.582],[-81.477,42.582],[-81.486,42.58],[-81.505,42.576],[-81.514,42.573],[-81.522,42.569],[-81.533,42.563],[-81.54,42.56],[-81.547,42.554],[-81.559,42.547],[-81.573,42.539],[-81.58,42.534],[-81.594,42.522],[-81.603,42.515],[-81.612,42.506],[-81.619,42.502],[-81.624,42.498],[-81.633,42.493],[-81.643,42.487],[-81.65,42.483],[-81.657,42.479],[-81.669,42.473],[-81.682,42.484],[-81.71,42.507],[-81.75,42.539],[-81.788,42.57],[-81.795,42.575],[-81.835,42.608],[-81.827,42.611],[-81.824,42.611],[-81.813,42.607],[-81.81,42.608],[-81.804,42.611],[-81.801,42.614],[-81.801,42.618],[-81.799,42.621],[-81.795,42.622],[-81.792,42.626],[-81.784,42.628],[-81.782,42.631],[-81.782,42.633],[-81.777,42.634],[-81.78,42.638],[-81.78,42.641],[-81.777,42.643],[-81.775,42.647],[-81.772,42.648],[-81.769,42.645],[-81.764,42.645],[-81.759,42.646],[-81.756,42.65],[-81.75,42.652],[-81.747,42.655],[-81.743,42.655],[-81.74,42.657],[-81.738,42.661],[-81.734,42.661],[-81.732,42.658],[-81.725,42.655],[-81.723,42.653],[-81.719,42.65],[-81.721,42.647],[-81.72,42.645],[-81.713,42.639],[-81.708,42.642],[-81.704,42.639],[-81.704,42.644],[-81.7,42.645],[-81.698,42.65],[-81.699,42.651],[-81.706,42.652],[-81.709,42.651],[-81.712,42.653],[-81.708,42.661],[-81.714,42.661],[-81.717,42.664],[-81.717,42.667],[-81.712,42.668],[-81.705,42.674],[-81.702,42.674],[-81.696,42.673],[-81.69,42.673],[-81.684,42.672],[-81.681,42.675],[-81.679,42.679],[-81.681,42.682],[-81.681,42.686],[-81.686,42.691],[-81.687,42.694],[-81.686,42.696],[-81.679,42.699],[-81.675,42.702],[-81.671,42.703],[-81.666,42.699],[-81.653,42.697],[-81.651,42.695],[-81.649,42.691],[-81.644,42.685],[-81.637,42.682],[-81.633,42.682],[-81.627,42.684],[-81.625,42.687],[-81.625,42.69],[-81.623,42.692],[-81.616,42.695],[-81.616,42.697],[-81.618,42.701],[-81.617,42.707],[-81.614,42.71],[-81.606,42.709],[-81.601,42.711],[-81.599,42.715],[-81.6,42.722],[-81.604,42.726],[-81.6,42.728],[-81.594,42.728],[-81.59,42.726],[-81.586,42.727],[-81.583,42.729],[-81.574,42.733],[-81.573,42.736],[-81.57,42.735],[-81.566,42.734],[-81.564,42.737],[-81.568,42.738],[-81.572,42.743],[-81.571,42.745],[-81.568,42.747],[-81.563,42.747],[-81.56,42.747],[-81.555,42.743],[-81.555,42.739],[-81.552,42.737],[-81.548,42.737],[-81.542,42.739],[-81.535,42.742],[-81.534,42.746],[-81.529,42.749],[-81.521,42.749],[-81.522,42.753],[-81.529,42.752],[-81.532,42.753],[-81.534,42.756],[-81.533,42.76],[-81.527,42.762],[-81.519,42.766],[-81.516,42.766],[-81.509,42.764],[-81.502,42.759],[-81.499,42.756],[-81.492,42.754],[-81.484,42.756],[-81.48,42.756],[-81.478,42.754],[-81.474,42.753],[-81.472,42.755],[-81.478,42.765],[-81.478,42.77],[-81.483,42.77],[-81.485,42.772],[-81.487,42.777],[-81.486,42.78],[-81.481,42.784],[-81.471,42.785],[-81.469,42.782],[-81.465,42.78],[-81.465,42.776],[-81.461,42.774],[-81.458,42.773],[-81.444,42.774],[-81.429,42.772],[-81.419,42.774],[-81.422,42.779],[-81.422,42.782],[-81.427,42.782],[-81.428,42.78],[-81.433,42.778],[-81.435,42.78],[-81.435,42.785],[-81.436,42.789],[-81.435,42.794],[-81.432,42.796],[-81.428,42.795],[-81.424,42.793],[-81.381,42.804],[-81.365,42.808],[-81.306,42.823],[-81.224,42.844],[-81.21,42.847],[-81.194,42.851],[-81.158,42.86],[-81.155,42.861],[-81.115,42.871],[-81.119,42.885],[-81.12,42.891],[-81.105,42.892],[-81.104,42.889],[-81.09,42.891],[-81.082,42.891],[-81.081,42.885],[-81,42.897],[-80.955,42.904],[-80.91,42.911],[-80.899,42.913],[-80.903,42.927],[-80.923,43.001],[-80.934,42.999],[-80.947,43.009],[-80.95,43.006],[-80.954,43.004],[-80.958,43],[-80.959,42.998],[-80.962,42.997],[-80.963,42.995],[-80.971,42.995],[-80.974,42.994],[-80.974,42.989],[-80.977,42.987],[-80.981,42.986],[-80.988,42.993],[-80.994,42.993],[-81,43.004],[-81.005,43.016],[-81.023,43.05],[-81.038,43.046],[-81.05,43.07],[-81.088,43.146],[-81.132,43.231],[-81.051,43.257],[-81.023,43.265],[-80.974,43.279],[-80.938,43.29],[-80.87,43.31],[-80.846,43.318],[-80.846,43.325],[-80.839,43.324],[-80.839,43.329],[-80.836,43.328],[-80.825,43.329],[-80.822,43.325],[-80.8,43.332],[-80.736,43.353],[-80.735,43.311],[-80.691,43.318],[-80.646,43.325],[-80.63,43.327],[-80.605,43.332],[-80.541,43.342],[-80.504,43.348],[-80.483,43.296],[-80.472,43.267]]]}},{"type":"Feature","properties":{"HR_UID":"3561","ENGNAME":"Sudbury and District Health"},"geometry":{"type":"MultiPolygon","coordinates":[[[[-81.702,45.531],[-81.704,45.529],[-81.703,45.524],[-81.711,45.514],[-81.712,45.509],[-81.718,45.501],[-81.72,45.497],[-81.723,45.493],[-81.723,45.489],[-81.731,45.48],[-81.734,45.474],[-81.738,45.474],[-81.745,45.473],[-81.751,45.468],[-81.758,45.463],[-81.77,45.457],[-81.777,45.452],[-81.788,45.445],[-81.798,45.441],[-81.801,45.443],[-81.795,45.447],[-81.795,45.448],[-81.804,45.445],[-81.807,45.449],[-81.807,45.451],[-81.821,45.445],[-81.822,45.447],[-81.826,45.448],[-81.827,45.451],[-81.825,45.455],[-81.826,45.456],[-81.824,45.458],[-81.819,45.461],[-81.822,45.462],[-81.827,45.462],[-81.83,45.464],[-81.826,45.469],[-81.827,45.471],[-81.819,45.476],[-81.823,45.477],[-81.832,45.473],[-81.833,45.476],[-81.824,45.478],[-81.818,45.481],[-81.811,45.487],[-81.812,45.49],[-81.819,45.488],[-81.822,45.493],[-81.824,45.495],[-81.823,45.497],[-81.814,45.503],[-81.805,45.506],[-81.802,45.508],[-81.794,45.511],[-81.789,45.513],[-81.787,45.516],[-81.777,45.519],[-81.769,45.518],[-81.764,45.519],[-81.755,45.519],[-81.748,45.52],[-81.736,45.525],[-81.726,45.527],[-81.716,45.527],[-81.709,45.528],[-81.707,45.535],[-81.701,45.537],[-81.699,45.536],[-81.702,45.531]]],[[[-82.953,45.69],[-82.95,45.687],[-82.939,45.687],[-82.936,45.685],[-82.938,45.678],[-82.937,45.671],[-82.933,45.668],[-82.936,45.665],[-82.937,45.662],[-82.935,45.655],[-82.939,45.651],[-82.936,45.645],[-82.94,45.637],[-82.944,45.634],[-82.948,45.635],[-82.949,45.638],[-82.953,45.637],[-82.958,45.639],[-82.96,45.641],[-82.963,45.642],[-82.972,45.659],[-82.975,45.664],[-82.976,45.668],[-82.971,45.666],[-82.968,45.668],[-82.967,45.671],[-82.969,45.674],[-82.976,45.676],[-82.976,45.679],[-82.972,45.683],[-82.972,45.691],[-82.968,45.692],[-82.964,45.69],[-82.96,45.69],[-82.956,45.692],[-82.953,45.69]]],[[[-81.586,45.576],[-81.584,45.576],[-81.583,45.572],[-81.586,45.568],[-81.591,45.568],[-81.598,45.567],[-81.599,45.565],[-81.596,45.563],[-81.591,45.563],[-81.592,45.555],[-81.595,45.55],[-81.598,45.551],[-81.6,45.555],[-81.603,45.558],[-81.602,45.562],[-81.604,45.565],[-81.604,45.567],[-81.606,45.57],[-81.596,45.575],[-81.588,45.576],[-81.586,45.576]]],[[[-81.463,45.575],[-81.46,45.572],[-81.454,45.567],[-81.453,45.561],[-81.454,45.556],[-81.457,45.55],[-81.463,45.549],[-81.466,45.551],[-81.473,45.552],[-81.483,45.557],[-81.486,45.561],[-81.482,45.566],[-81.475,45.572],[-81.473,45.575],[-81.465,45.576],[-81.463,45.575]]],[[[-82.98,45.765],[-82.978,45.762],[-82.981,45.758],[-82.983,45.752],[-82.982,45.75],[-82.984,45.741],[-82.988,45.742],[-82.991,45.742],[-82.998,45.742],[-83.004,45.744],[-83.005,45.748],[-83.004,45.751],[-83.009,45.75],[-83.01,45.753],[-83.007,45.758],[-83.001,45.764],[-82.997,45.765],[-82.994,45.764],[-82.983,45.765],[-82.98,45.765]]],[[[-83.114,45.845],[-83.11,45.842],[-83.108,45.845],[-83.104,45.845],[-83.101,45.843],[-83.1,45.84],[-83.107,45.84],[-83.108,45.835],[-83.109,45.833],[-83.114,45.833],[-83.115,45.834],[-83.123,45.831],[-83.126,45.831],[-83.132,45.833],[-83.135,45.838],[-83.133,45.841],[-83.127,45.843],[-83.119,45.842],[-83.118,45.845],[-83.114,45.845]]],[[[-83.355,45.993],[-83.354,45.991],[-83.347,45.99],[-83.346,45.991],[-83.34,45.988],[-83.341,45.978],[-83.339,45.974],[-83.336,45.972],[-83.333,45.967],[-83.326,45.96],[-83.317,45.959],[-83.317,45.957],[-83.311,45.957],[-83.31,45.96],[-83.312,45.961],[-83.306,45.966],[-83.3,45.965],[-83.296,45.963],[-83.292,45.959],[-83.288,45.953],[-83.282,45.953],[-83.275,45.96],[-83.269,45.96],[-83.266,45.958],[-83.263,45.953],[-83.263,45.945],[-83.266,45.942],[-83.266,45.94],[-83.268,45.931],[-83.268,45.924],[-83.266,45.918],[-83.263,45.915],[-83.263,45.909],[-83.265,45.905],[-83.267,45.904],[-83.274,45.903],[-83.279,45.9],[-83.281,45.898],[-83.284,45.898],[-83.291,45.893],[-83.292,45.889],[-83.295,45.886],[-83.3,45.879],[-83.303,45.872],[-83.312,45.868],[-83.315,45.868],[-83.323,45.865],[-83.329,45.861],[-83.33,45.863],[-83.336,45.864],[-83.342,45.862],[-83.343,45.858],[-83.348,45.857],[-83.349,45.855],[-83.347,45.852],[-83.347,45.851],[-83.353,45.853],[-83.357,45.85],[-83.363,45.851],[-83.366,45.853],[-83.377,45.857],[-83.387,45.864],[-83.392,45.864],[-83.397,45.868],[-83.404,45.87],[-83.41,45.876],[-83.415,45.876],[-83.421,45.879],[-83.425,45.882],[-83.429,45.883],[-83.432,45.883],[-83.437,45.88],[-83.441,45.888],[-83.449,45.893],[-83.452,45.896],[-83.457,45.894],[-83.463,45.897],[-83.47,45.896],[-83.476,45.893],[-83.477,45.888],[-83.475,45.881],[-83.474,45.879],[-83.474,45.876],[-83.478,45.875],[-83.48,45.879],[-83.482,45.884],[-83.486,45.889],[-83.493,45.895],[-83.491,45.897],[-83.491,45.901],[-83.488,45.904],[-83.481,45.902],[-83.48,45.904],[-83.483,45.905],[-83.48,45.911],[-83.48,45.917],[-83.478,45.919],[-83.478,45.922],[-83.474,45.924],[-83.474,45.931],[-83.47,45.936],[-83.463,45.938],[-83.461,45.94],[-83.455,45.941],[-83.446,45.943],[-83.44,45.948],[-83.439,45.952],[-83.434,45.954],[-83.437,45.961],[-83.435,45.968],[-83.429,45.973],[-83.426,45.975],[-83.418,45.977],[-83.416,45.979],[-83.412,45.985],[-83.41,45.986],[-83.404,45.985],[-83.39,45.986],[-83.386,45.988],[-83.382,45.986],[-83.381,45.988],[-83.376,45.989],[-83.372,45.992],[-83.367,45.993],[-83.362,45.994],[-83.356,45.996],[-83.355,45.993]]],[[[-82.979,45.972],[-82.974,45.968],[-82.971,45.964],[-82.976,45.963],[-82.976,45.961],[-82.979,45.958],[-82.983,45.958],[-82.988,45.96],[-82.997,45.96],[-82.999,45.96],[-83.008,45.96],[-83.011,45.961],[-83.015,45.963],[-83.012,45.966],[-83.008,45.965],[-82.998,45.964],[-82.995,45.964],[-82.989,45.967],[-82.986,45.966],[-82.983,45.97],[-82.979,45.972]]],[[[-81.746,45.937],[-81.743,45.936],[-81.743,45.933],[-81.745,45.93],[-81.74,45.929],[-81.737,45.926],[-81.74,45.923],[-81.752,45.924],[-81.759,45.923],[-81.762,45.926],[-81.773,45.923],[-81.776,45.926],[-81.781,45.926],[-81.787,45.925],[-81.788,45.927],[-81.79,45.93],[-81.787,45.932],[-81.779,45.933],[-81.778,45.938],[-81.774,45.939],[-81.77,45.937],[-81.773,45.936],[-81.772,45.932],[-81.769,45.931],[-81.766,45.934],[-81.76,45.934],[-81.754,45.934],[-81.748,45.938],[-81.746,45.937]]],[[[-81.646,45.942],[-81.636,45.939],[-81.64,45.935],[-81.645,45.934],[-81.657,45.931],[-81.661,45.928],[-81.671,45.928],[-81.676,45.928],[-81.677,45.93],[-81.676,45.934],[-81.668,45.936],[-81.654,45.939],[-81.65,45.943],[-81.646,45.942]]],[[[-81.854,45.973],[-81.851,45.97],[-81.848,45.968],[-81.846,45.963],[-81.851,45.955],[-81.849,45.949],[-81.845,45.948],[-81.849,45.946],[-81.845,45.945],[-81.842,45.943],[-81.841,45.938],[-81.836,45.94],[-81.832,45.936],[-81.835,45.933],[-81.836,45.929],[-81.839,45.93],[-81.846,45.928],[-81.853,45.928],[-81.859,45.925],[-81.86,45.922],[-81.863,45.92],[-81.865,45.918],[-81.863,45.914],[-81.866,45.912],[-81.868,45.912],[-81.874,45.906],[-81.877,45.907],[-81.882,45.904],[-81.883,45.907],[-81.878,45.91],[-81.875,45.914],[-81.874,45.917],[-81.877,45.92],[-81.873,45.93],[-81.873,45.934],[-81.87,45.936],[-81.868,45.94],[-81.872,45.945],[-81.873,45.947],[-81.871,45.953],[-81.864,45.957],[-81.862,45.957],[-81.86,45.961],[-81.855,45.963],[-81.854,45.965],[-81.855,45.968],[-81.86,45.971],[-81.857,45.973],[-81.854,45.973]]],[[[-81.935,45.987],[-81.933,45.987],[-81.925,45.981],[-81.92,45.98],[-81.914,45.98],[-81.908,45.978],[-81.903,45.976],[-81.902,45.973],[-81.906,45.968],[-81.903,45.961],[-81.902,45.957],[-81.898,45.955],[-81.889,45.962],[-81.89,45.958],[-81.894,45.952],[-81.894,45.95],[-81.891,45.948],[-81.884,45.946],[-81.886,45.939],[-81.888,45.937],[-81.893,45.935],[-81.894,45.931],[-81.894,45.923],[-81.895,45.918],[-81.9,45.909],[-81.9,45.907],[-81.897,45.905],[-81.909,45.901],[-81.91,45.897],[-81.915,45.896],[-81.919,45.892],[-81.917,45.889],[-81.914,45.885],[-81.911,45.884],[-81.906,45.884],[-81.896,45.885],[-81.889,45.885],[-81.884,45.886],[-81.88,45.886],[-81.873,45.888],[-81.869,45.888],[-81.861,45.886],[-81.851,45.883],[-81.845,45.878],[-81.84,45.875],[-81.834,45.876],[-81.833,45.873],[-81.829,45.872],[-81.82,45.872],[-81.815,45.867],[-81.814,45.864],[-81.817,45.856],[-81.817,45.851],[-81.821,45.846],[-81.821,45.843],[-81.823,45.834],[-81.83,45.829],[-81.832,45.827],[-81.835,45.817],[-81.838,45.812],[-81.84,45.806],[-81.844,45.799],[-81.843,45.791],[-81.838,45.787],[-81.837,45.786],[-81.838,45.781],[-81.836,45.777],[-81.837,45.766],[-81.835,45.761],[-81.83,45.757],[-81.824,45.755],[-81.812,45.751],[-81.809,45.749],[-81.804,45.743],[-81.805,45.742],[-81.807,45.736],[-81.805,45.731],[-81.801,45.729],[-81.8,45.724],[-81.798,45.723],[-81.79,45.723],[-81.788,45.724],[-81.784,45.73],[-81.776,45.736],[-81.781,45.745],[-81.79,45.754],[-81.791,45.762],[-81.79,45.765],[-81.783,45.775],[-81.788,45.778],[-81.787,45.783],[-81.781,45.787],[-81.772,45.796],[-81.768,45.798],[-81.766,45.802],[-81.762,45.805],[-81.761,45.81],[-81.755,45.816],[-81.751,45.821],[-81.746,45.827],[-81.738,45.838],[-81.735,45.84],[-81.734,45.847],[-81.732,45.849],[-81.731,45.853],[-81.734,45.856],[-81.731,45.858],[-81.728,45.859],[-81.721,45.866],[-81.712,45.871],[-81.712,45.875],[-81.708,45.874],[-81.706,45.879],[-81.7,45.884],[-81.697,45.887],[-81.694,45.887],[-81.691,45.892],[-81.693,45.893],[-81.69,45.895],[-81.686,45.898],[-81.684,45.902],[-81.679,45.904],[-81.675,45.903],[-81.67,45.906],[-81.666,45.902],[-81.663,45.902],[-81.66,45.9],[-81.657,45.902],[-81.654,45.903],[-81.651,45.901],[-81.649,45.897],[-81.649,45.894],[-81.652,45.888],[-81.655,45.889],[-81.658,45.886],[-81.656,45.883],[-81.657,45.881],[-81.655,45.878],[-81.65,45.877],[-81.654,45.872],[-81.653,45.869],[-81.648,45.868],[-81.648,45.865],[-81.651,45.862],[-81.648,45.86],[-81.652,45.857],[-81.655,45.857],[-81.655,45.86],[-81.652,45.861],[-81.654,45.864],[-81.658,45.862],[-81.658,45.86],[-81.659,45.856],[-81.656,45.854],[-81.658,45.851],[-81.66,45.848],[-81.661,45.843],[-81.66,45.84],[-81.661,45.835],[-81.663,45.831],[-81.666,45.83],[-81.679,45.819],[-81.685,45.816],[-81.692,45.814],[-81.701,45.81],[-81.714,45.804],[-81.715,45.8],[-81.715,45.798],[-81.711,45.791],[-81.705,45.787],[-81.696,45.79],[-81.69,45.788],[-81.675,45.79],[-81.67,45.789],[-81.666,45.789],[-81.663,45.792],[-81.659,45.79],[-81.654,45.79],[-81.647,45.792],[-81.644,45.791],[-81.64,45.79],[-81.636,45.792],[-81.634,45.79],[-81.628,45.79],[-81.625,45.792],[-81.613,45.795],[-81.609,45.799],[-81.603,45.802],[-81.596,45.807],[-81.588,45.804],[-81.58,45.805],[-81.579,45.802],[-81.581,45.8],[-81.58,45.797],[-81.581,45.791],[-81.578,45.788],[-81.578,45.784],[-81.58,45.784],[-81.581,45.779],[-81.585,45.771],[-81.589,45.768],[-81.589,45.765],[-81.588,45.763],[-81.592,45.757],[-81.592,45.756],[-81.596,45.75],[-81.603,45.743],[-81.609,45.739],[-81.61,45.735],[-81.614,45.731],[-81.629,45.722],[-81.645,45.715],[-81.651,45.716],[-81.655,45.714],[-81.659,45.711],[-81.659,45.708],[-81.663,45.708],[-81.668,45.707],[-81.67,45.702],[-81.669,45.698],[-81.666,45.696],[-81.662,45.697],[-81.654,45.696],[-81.649,45.694],[-81.648,45.69],[-81.648,45.687],[-81.651,45.682],[-81.661,45.673],[-81.676,45.663],[-81.686,45.656],[-81.69,45.654],[-81.698,45.646],[-81.702,45.645],[-81.704,45.643],[-81.705,45.634],[-81.709,45.629],[-81.708,45.626],[-81.714,45.619],[-81.714,45.616],[-81.721,45.616],[-81.726,45.613],[-81.72,45.612],[-81.714,45.613],[-81.715,45.609],[-81.723,45.604],[-81.729,45.605],[-81.733,45.605],[-81.737,45.601],[-81.744,45.597],[-81.755,45.588],[-81.759,45.585],[-81.763,45.579],[-81.766,45.573],[-81.769,45.57],[-81.78,45.557],[-81.782,45.553],[-81.784,45.55],[-81.788,45.542],[-81.798,45.533],[-81.811,45.526],[-81.82,45.524],[-81.822,45.522],[-81.832,45.519],[-81.836,45.517],[-81.842,45.516],[-81.845,45.515],[-81.861,45.519],[-81.864,45.521],[-81.868,45.52],[-81.868,45.524],[-81.874,45.526],[-81.88,45.525],[-81.882,45.528],[-81.891,45.526],[-81.894,45.529],[-81.899,45.529],[-81.905,45.531],[-81.902,45.536],[-81.907,45.537],[-81.91,45.535],[-81.911,45.539],[-81.917,45.542],[-81.926,45.543],[-81.928,45.546],[-81.927,45.548],[-81.92,45.55],[-81.918,45.554],[-81.921,45.554],[-81.926,45.56],[-81.923,45.564],[-81.926,45.567],[-81.93,45.564],[-81.931,45.562],[-81.937,45.559],[-81.943,45.555],[-81.944,45.555],[-81.933,45.563],[-81.93,45.567],[-81.931,45.569],[-81.936,45.571],[-81.941,45.57],[-81.944,45.569],[-81.945,45.565],[-81.943,45.56],[-81.947,45.555],[-81.947,45.552],[-81.95,45.546],[-81.949,45.543],[-81.954,45.544],[-81.956,45.541],[-81.955,45.54],[-81.961,45.538],[-81.964,45.544],[-81.968,45.544],[-81.971,45.545],[-81.973,45.548],[-81.979,45.545],[-81.983,45.552],[-81.991,45.554],[-81.996,45.551],[-82,45.551],[-82.002,45.55],[-82.009,45.551],[-82.013,45.554],[-82.001,45.562],[-81.996,45.562],[-81.991,45.564],[-81.987,45.565],[-81.986,45.57],[-81.978,45.572],[-81.972,45.574],[-81.973,45.576],[-81.969,45.579],[-81.965,45.58],[-81.964,45.583],[-81.957,45.584],[-81.952,45.587],[-81.951,45.589],[-81.947,45.59],[-81.941,45.594],[-81.929,45.595],[-81.924,45.595],[-81.919,45.595],[-81.912,45.599],[-81.908,45.6],[-81.9,45.601],[-81.898,45.599],[-81.902,45.59],[-81.904,45.589],[-81.908,45.584],[-81.905,45.581],[-81.905,45.579],[-81.909,45.577],[-81.91,45.574],[-81.908,45.572],[-81.902,45.57],[-81.897,45.571],[-81.894,45.57],[-81.889,45.569],[-81.887,45.57],[-81.89,45.573],[-81.887,45.576],[-81.889,45.579],[-81.886,45.581],[-81.883,45.59],[-81.883,45.597],[-81.88,45.604],[-81.874,45.608],[-81.86,45.619],[-81.849,45.625],[-81.844,45.627],[-81.837,45.632],[-81.828,45.634],[-81.817,45.636],[-81.814,45.637],[-81.806,45.642],[-81.804,45.647],[-81.797,45.653],[-81.797,45.655],[-81.792,45.66],[-81.785,45.663],[-81.77,45.668],[-81.76,45.669],[-81.757,45.671],[-81.75,45.673],[-81.749,45.676],[-81.746,45.68],[-81.75,45.682],[-81.749,45.684],[-81.752,45.686],[-81.756,45.685],[-81.754,45.692],[-81.755,45.695],[-81.757,45.697],[-81.762,45.699],[-81.765,45.698],[-81.771,45.698],[-81.773,45.696],[-81.784,45.694],[-81.789,45.69],[-81.798,45.685],[-81.802,45.683],[-81.805,45.684],[-81.806,45.688],[-81.812,45.689],[-81.816,45.687],[-81.823,45.683],[-81.827,45.684],[-81.828,45.686],[-81.834,45.685],[-81.834,45.686],[-81.839,45.687],[-81.844,45.686],[-81.848,45.684],[-81.849,45.682],[-81.849,45.676],[-81.848,45.675],[-81.849,45.669],[-81.854,45.67],[-81.854,45.672],[-81.86,45.671],[-81.863,45.672],[-81.876,45.663],[-81.881,45.66],[-81.884,45.662],[-81.891,45.658],[-81.895,45.652],[-81.895,45.646],[-81.9,45.64],[-81.907,45.638],[-81.91,45.634],[-81.914,45.632],[-81.918,45.632],[-81.922,45.628],[-81.927,45.623],[-81.932,45.617],[-81.931,45.613],[-81.933,45.61],[-81.94,45.608],[-81.943,45.605],[-81.946,45.605],[-81.948,45.602],[-81.954,45.601],[-81.954,45.609],[-81.958,45.61],[-81.962,45.607],[-81.963,45.603],[-81.972,45.599],[-81.977,45.599],[-81.978,45.6],[-81.987,45.598],[-81.989,45.595],[-81.993,45.596],[-81.995,45.594],[-82.001,45.592],[-82.003,45.588],[-82.007,45.585],[-82.012,45.584],[-82.013,45.581],[-82.011,45.58],[-82.007,45.575],[-82.011,45.575],[-82.013,45.572],[-82.011,45.57],[-82.007,45.568],[-82.009,45.565],[-82.009,45.559],[-82.02,45.559],[-82.024,45.558],[-82.027,45.556],[-82.035,45.56],[-82.04,45.559],[-82.045,45.556],[-82.049,45.555],[-82.051,45.553],[-82.054,45.554],[-82.054,45.556],[-82.06,45.555],[-82.063,45.552],[-82.065,45.554],[-82.069,45.554],[-82.069,45.557],[-82.071,45.559],[-82.074,45.557],[-82.074,45.554],[-82.077,45.554],[-82.078,45.559],[-82.077,45.56],[-82.077,45.564],[-82.073,45.568],[-82.072,45.57],[-82.076,45.572],[-82.074,45.577],[-82.081,45.575],[-82.084,45.571],[-82.087,45.571],[-82.09,45.575],[-82.095,45.575],[-82.099,45.579],[-82.106,45.576],[-82.112,45.576],[-82.117,45.577],[-82.117,45.58],[-82.114,45.582],[-82.109,45.583],[-82.106,45.58],[-82.102,45.581],[-82.098,45.583],[-82.093,45.585],[-82.093,45.592],[-82.096,45.596],[-82.102,45.6],[-82.109,45.598],[-82.114,45.599],[-82.121,45.596],[-82.124,45.597],[-82.127,45.594],[-82.133,45.593],[-82.139,45.596],[-82.138,45.601],[-82.14,45.603],[-82.146,45.606],[-82.151,45.607],[-82.159,45.605],[-82.164,45.604],[-82.165,45.605],[-82.172,45.606],[-82.177,45.611],[-82.182,45.612],[-82.185,45.614],[-82.189,45.61],[-82.19,45.612],[-82.197,45.611],[-82.199,45.612],[-82.197,45.615],[-82.197,45.62],[-82.196,45.622],[-82.198,45.626],[-82.205,45.626],[-82.208,45.628],[-82.215,45.627],[-82.219,45.631],[-82.217,45.633],[-82.217,45.638],[-82.219,45.639],[-82.227,45.64],[-82.233,45.639],[-82.244,45.641],[-82.249,45.643],[-82.25,45.644],[-82.258,45.645],[-82.264,45.647],[-82.266,45.646],[-82.271,45.649],[-82.276,45.651],[-82.272,45.655],[-82.265,45.659],[-82.264,45.662],[-82.265,45.664],[-82.271,45.668],[-82.276,45.67],[-82.283,45.67],[-82.287,45.668],[-82.289,45.666],[-82.286,45.662],[-82.293,45.661],[-82.299,45.662],[-82.307,45.666],[-82.305,45.668],[-82.314,45.668],[-82.319,45.67],[-82.316,45.676],[-82.316,45.682],[-82.318,45.684],[-82.323,45.688],[-82.329,45.688],[-82.331,45.685],[-82.333,45.69],[-82.337,45.692],[-82.344,45.688],[-82.354,45.687],[-82.357,45.69],[-82.357,45.694],[-82.359,45.697],[-82.363,45.697],[-82.368,45.693],[-82.374,45.695],[-82.374,45.699],[-82.38,45.701],[-82.386,45.699],[-82.39,45.696],[-82.396,45.699],[-82.397,45.701],[-82.408,45.704],[-82.411,45.706],[-82.422,45.706],[-82.425,45.703],[-82.428,45.695],[-82.432,45.694],[-82.436,45.698],[-82.443,45.696],[-82.446,45.697],[-82.448,45.699],[-82.454,45.698],[-82.46,45.702],[-82.471,45.702],[-82.48,45.705],[-82.484,45.708],[-82.484,45.713],[-82.481,45.716],[-82.48,45.72],[-82.485,45.725],[-82.489,45.725],[-82.494,45.727],[-82.496,45.725],[-82.5,45.724],[-82.506,45.728],[-82.512,45.73],[-82.509,45.74],[-82.511,45.742],[-82.516,45.745],[-82.517,45.748],[-82.52,45.749],[-82.53,45.751],[-82.532,45.753],[-82.536,45.753],[-82.543,45.75],[-82.549,45.747],[-82.551,45.748],[-82.553,45.753],[-82.557,45.754],[-82.563,45.755],[-82.574,45.752],[-82.579,45.753],[-82.583,45.754],[-82.588,45.755],[-82.594,45.754],[-82.598,45.755],[-82.603,45.761],[-82.609,45.762],[-82.614,45.763],[-82.617,45.761],[-82.622,45.761],[-82.623,45.757],[-82.627,45.756],[-82.628,45.758],[-82.634,45.756],[-82.636,45.76],[-82.639,45.76],[-82.64,45.761],[-82.644,45.762],[-82.648,45.761],[-82.653,45.765],[-82.654,45.768],[-82.658,45.771],[-82.668,45.774],[-82.669,45.78],[-82.671,45.782],[-82.675,45.784],[-82.683,45.785],[-82.684,45.783],[-82.682,45.777],[-82.688,45.778],[-82.689,45.781],[-82.687,45.783],[-82.687,45.786],[-82.692,45.791],[-82.696,45.792],[-82.699,45.789],[-82.698,45.786],[-82.692,45.785],[-82.692,45.782],[-82.698,45.777],[-82.702,45.779],[-82.706,45.776],[-82.711,45.775],[-82.72,45.777],[-82.726,45.779],[-82.732,45.783],[-82.735,45.784],[-82.735,45.787],[-82.737,45.794],[-82.739,45.796],[-82.742,45.797],[-82.746,45.797],[-82.749,45.794],[-82.744,45.788],[-82.743,45.783],[-82.745,45.781],[-82.75,45.782],[-82.753,45.781],[-82.755,45.776],[-82.769,45.781],[-82.773,45.784],[-82.775,45.787],[-82.786,45.794],[-82.786,45.795],[-82.791,45.8],[-82.796,45.799],[-82.8,45.793],[-82.805,45.791],[-82.813,45.792],[-82.816,45.79],[-82.82,45.797],[-82.823,45.798],[-82.827,45.802],[-82.828,45.805],[-82.836,45.804],[-82.833,45.811],[-82.835,45.814],[-82.839,45.811],[-82.84,45.808],[-82.844,45.808],[-82.846,45.805],[-82.848,45.801],[-82.852,45.798],[-82.853,45.796],[-82.862,45.795],[-82.862,45.793],[-82.866,45.784],[-82.871,45.786],[-82.866,45.79],[-82.867,45.793],[-82.872,45.793],[-82.873,45.796],[-82.879,45.792],[-82.878,45.79],[-82.881,45.789],[-82.882,45.791],[-82.879,45.793],[-82.876,45.799],[-82.878,45.8],[-82.881,45.797],[-82.885,45.797],[-82.889,45.798],[-82.897,45.799],[-82.9,45.801],[-82.904,45.8],[-82.907,45.802],[-82.913,45.797],[-82.916,45.797],[-82.915,45.803],[-82.916,45.806],[-82.92,45.809],[-82.924,45.808],[-82.925,45.812],[-82.924,45.815],[-82.926,45.818],[-82.93,45.818],[-82.932,45.821],[-82.936,45.821],[-82.941,45.81],[-82.949,45.805],[-82.954,45.806],[-82.954,45.813],[-82.954,45.818],[-82.952,45.821],[-82.945,45.821],[-82.942,45.822],[-82.938,45.822],[-82.937,45.824],[-82.944,45.832],[-82.95,45.835],[-82.957,45.837],[-82.96,45.834],[-82.96,45.83],[-82.963,45.826],[-82.971,45.824],[-82.974,45.825],[-82.977,45.827],[-82.982,45.833],[-82.99,45.827],[-82.99,45.825],[-83.002,45.826],[-83.005,45.828],[-83.011,45.83],[-83.002,45.834],[-82.996,45.834],[-82.995,45.836],[-82.995,45.84],[-82.998,45.839],[-82.999,45.837],[-83.004,45.838],[-83.006,45.841],[-83.01,45.843],[-83.015,45.839],[-83.023,45.841],[-83.024,45.843],[-83.029,45.846],[-83.035,45.847],[-83.037,45.85],[-83.04,45.849],[-83.042,45.847],[-83.043,45.843],[-83.041,45.84],[-83.048,45.835],[-83.053,45.834],[-83.054,45.836],[-83.057,45.838],[-83.063,45.837],[-83.066,45.84],[-83.066,45.842],[-83.07,45.848],[-83.073,45.847],[-83.079,45.851],[-83.084,45.855],[-83.085,45.859],[-83.086,45.864],[-83.095,45.867],[-83.101,45.868],[-83.106,45.87],[-83.114,45.869],[-83.123,45.87],[-83.124,45.867],[-83.128,45.866],[-83.131,45.866],[-83.136,45.865],[-83.142,45.866],[-83.144,45.864],[-83.146,45.867],[-83.149,45.868],[-83.157,45.864],[-83.16,45.864],[-83.161,45.866],[-83.165,45.867],[-83.168,45.865],[-83.174,45.87],[-83.178,45.869],[-83.179,45.873],[-83.186,45.871],[-83.188,45.868],[-83.195,45.868],[-83.2,45.869],[-83.208,45.872],[-83.21,45.873],[-83.217,45.874],[-83.22,45.876],[-83.224,45.882],[-83.223,45.888],[-83.225,45.889],[-83.226,45.892],[-83.223,45.893],[-83.223,45.896],[-83.226,45.905],[-83.226,45.908],[-83.224,45.913],[-83.221,45.916],[-83.22,45.919],[-83.216,45.925],[-83.215,45.928],[-83.209,45.933],[-83.207,45.936],[-83.198,45.942],[-83.195,45.946],[-83.195,45.948],[-83.188,45.955],[-83.184,45.958],[-83.179,45.96],[-83.174,45.961],[-83.16,45.961],[-83.154,45.957],[-83.151,45.957],[-83.137,45.961],[-83.135,45.959],[-83.131,45.958],[-83.124,45.955],[-83.119,45.951],[-83.113,45.942],[-83.111,45.934],[-83.112,45.929],[-83.115,45.924],[-83.115,45.922],[-83.112,45.919],[-83.113,45.917],[-83.108,45.915],[-83.105,45.915],[-83.099,45.918],[-83.092,45.916],[-83.085,45.913],[-83.081,45.914],[-83.079,45.92],[-83.079,45.925],[-83.073,45.928],[-83.072,45.934],[-83.068,45.941],[-83.066,45.946],[-83.057,45.958],[-83.054,45.957],[-83.049,45.957],[-83.042,45.957],[-83.033,45.953],[-83.021,45.951],[-83.015,45.948],[-83.007,45.945],[-83.004,45.943],[-83.001,45.938],[-83.001,45.929],[-83.002,45.928],[-82.999,45.924],[-82.994,45.924],[-82.991,45.921],[-82.985,45.927],[-82.979,45.93],[-82.972,45.931],[-82.964,45.935],[-82.956,45.936],[-82.95,45.94],[-82.945,45.94],[-82.942,45.945],[-82.944,45.948],[-82.951,45.952],[-82.944,45.954],[-82.945,45.956],[-82.941,45.958],[-82.934,45.961],[-82.925,45.962],[-82.914,45.964],[-82.91,45.965],[-82.907,45.963],[-82.904,45.963],[-82.899,45.961],[-82.893,45.962],[-82.888,45.961],[-82.883,45.961],[-82.877,45.96],[-82.874,45.962],[-82.876,45.966],[-82.874,45.97],[-82.865,45.966],[-82.857,45.965],[-82.856,45.968],[-82.858,45.969],[-82.855,45.973],[-82.852,45.979],[-82.842,45.986],[-82.838,45.988],[-82.832,45.984],[-82.825,45.984],[-82.82,45.988],[-82.815,45.992],[-82.81,45.998],[-82.801,45.991],[-82.799,45.987],[-82.799,45.982],[-82.8,45.978],[-82.804,45.97],[-82.807,45.963],[-82.813,45.954],[-82.817,45.949],[-82.822,45.946],[-82.824,45.94],[-82.828,45.939],[-82.828,45.935],[-82.833,45.934],[-82.832,45.93],[-82.834,45.926],[-82.834,45.921],[-82.838,45.918],[-82.841,45.914],[-82.841,45.909],[-82.837,45.905],[-82.83,45.905],[-82.825,45.903],[-82.82,45.899],[-82.819,45.896],[-82.815,45.893],[-82.812,45.89],[-82.806,45.889],[-82.801,45.887],[-82.801,45.884],[-82.805,45.881],[-82.806,45.878],[-82.793,45.883],[-82.786,45.88],[-82.785,45.878],[-82.779,45.878],[-82.777,45.876],[-82.772,45.877],[-82.768,45.878],[-82.767,45.872],[-82.768,45.868],[-82.765,45.859],[-82.761,45.854],[-82.76,45.845],[-82.757,45.841],[-82.758,45.834],[-82.755,45.832],[-82.751,45.831],[-82.745,45.832],[-82.737,45.836],[-82.732,45.836],[-82.73,45.838],[-82.728,45.844],[-82.725,45.846],[-82.717,45.849],[-82.713,45.849],[-82.71,45.851],[-82.706,45.851],[-82.707,45.854],[-82.702,45.854],[-82.698,45.856],[-82.694,45.856],[-82.693,45.86],[-82.688,45.858],[-82.683,45.86],[-82.678,45.86],[-82.672,45.865],[-82.667,45.865],[-82.666,45.861],[-82.662,45.859],[-82.654,45.86],[-82.651,45.858],[-82.65,45.847],[-82.649,45.836],[-82.647,45.83],[-82.644,45.827],[-82.637,45.823],[-82.634,45.823],[-82.625,45.824],[-82.616,45.831],[-82.617,45.834],[-82.613,45.84],[-82.604,45.848],[-82.601,45.846],[-82.596,45.849],[-82.591,45.849],[-82.586,45.844],[-82.586,45.837],[-82.585,45.827],[-82.585,45.818],[-82.581,45.815],[-82.576,45.816],[-82.57,45.816],[-82.565,45.817],[-82.557,45.821],[-82.553,45.822],[-82.55,45.819],[-82.548,45.814],[-82.547,45.805],[-82.549,45.8],[-82.545,45.794],[-82.544,45.783],[-82.542,45.78],[-82.538,45.78],[-82.534,45.782],[-82.53,45.786],[-82.52,45.8],[-82.512,45.807],[-82.512,45.809],[-82.509,45.812],[-82.51,45.814],[-82.508,45.818],[-82.504,45.825],[-82.504,45.827],[-82.502,45.832],[-82.498,45.833],[-82.497,45.837],[-82.5,45.841],[-82.5,45.846],[-82.502,45.847],[-82.502,45.85],[-82.504,45.852],[-82.512,45.855],[-82.519,45.856],[-82.525,45.856],[-82.532,45.855],[-82.534,45.856],[-82.539,45.854],[-82.542,45.852],[-82.541,45.849],[-82.543,45.846],[-82.546,45.846],[-82.549,45.842],[-82.549,45.838],[-82.556,45.837],[-82.556,45.839],[-82.549,45.85],[-82.545,45.853],[-82.543,45.857],[-82.544,45.86],[-82.545,45.862],[-82.554,45.865],[-82.558,45.866],[-82.564,45.862],[-82.567,45.865],[-82.571,45.866],[-82.574,45.871],[-82.585,45.876],[-82.588,45.876],[-82.596,45.882],[-82.591,45.887],[-82.583,45.891],[-82.585,45.895],[-82.587,45.898],[-82.586,45.899],[-82.591,45.901],[-82.596,45.901],[-82.606,45.898],[-82.61,45.901],[-82.616,45.902],[-82.621,45.901],[-82.622,45.896],[-82.628,45.892],[-82.631,45.892],[-82.634,45.89],[-82.642,45.891],[-82.646,45.888],[-82.652,45.888],[-82.662,45.89],[-82.665,45.891],[-82.669,45.89],[-82.679,45.893],[-82.686,45.893],[-82.692,45.896],[-82.698,45.898],[-82.705,45.898],[-82.703,45.901],[-82.702,45.906],[-82.707,45.909],[-82.711,45.909],[-82.713,45.913],[-82.719,45.913],[-82.725,45.911],[-82.728,45.908],[-82.73,45.911],[-82.731,45.914],[-82.735,45.914],[-82.738,45.916],[-82.738,45.92],[-82.735,45.926],[-82.735,45.928],[-82.726,45.934],[-82.721,45.931],[-82.719,45.928],[-82.717,45.923],[-82.712,45.921],[-82.708,45.924],[-82.704,45.924],[-82.703,45.927],[-82.706,45.928],[-82.707,45.933],[-82.71,45.939],[-82.711,45.943],[-82.71,45.946],[-82.702,45.951],[-82.697,45.957],[-82.691,45.958],[-82.688,45.96],[-82.68,45.957],[-82.676,45.958],[-82.667,45.961],[-82.658,45.958],[-82.648,45.959],[-82.644,45.96],[-82.64,45.962],[-82.635,45.96],[-82.633,45.96],[-82.628,45.963],[-82.625,45.964],[-82.621,45.968],[-82.617,45.97],[-82.613,45.965],[-82.609,45.962],[-82.603,45.96],[-82.592,45.957],[-82.578,45.961],[-82.573,45.958],[-82.571,45.954],[-82.571,45.944],[-82.571,45.938],[-82.572,45.936],[-82.572,45.929],[-82.575,45.921],[-82.574,45.919],[-82.568,45.916],[-82.577,45.914],[-82.581,45.911],[-82.589,45.907],[-82.591,45.904],[-82.59,45.901],[-82.581,45.899],[-82.573,45.902],[-82.571,45.905],[-82.563,45.908],[-82.56,45.91],[-82.553,45.91],[-82.548,45.912],[-82.543,45.909],[-82.537,45.908],[-82.534,45.909],[-82.532,45.907],[-82.526,45.91],[-82.523,45.909],[-82.519,45.906],[-82.514,45.906],[-82.512,45.911],[-82.515,45.917],[-82.514,45.921],[-82.5,45.939],[-82.493,45.945],[-82.487,45.947],[-82.482,45.947],[-82.475,45.943],[-82.473,45.94],[-82.462,45.923],[-82.463,45.92],[-82.462,45.915],[-82.46,45.914],[-82.456,45.917],[-82.453,45.923],[-82.45,45.93],[-82.448,45.935],[-82.448,45.944],[-82.444,45.949],[-82.437,45.957],[-82.421,45.961],[-82.414,45.961],[-82.41,45.96],[-82.398,45.961],[-82.393,45.963],[-82.387,45.968],[-82.376,45.974],[-82.369,45.976],[-82.362,45.976],[-82.361,45.974],[-82.355,45.977],[-82.351,45.978],[-82.349,45.976],[-82.345,45.974],[-82.341,45.976],[-82.339,45.975],[-82.333,45.977],[-82.32,45.978],[-82.317,45.979],[-82.313,45.983],[-82.307,45.987],[-82.304,45.986],[-82.293,45.991],[-82.29,45.991],[-82.283,45.987],[-82.285,45.978],[-82.287,45.975],[-82.285,45.972],[-82.288,45.967],[-82.287,45.963],[-82.282,45.963],[-82.283,45.96],[-82.287,45.956],[-82.289,45.947],[-82.288,45.945],[-82.289,45.943],[-82.288,45.938],[-82.286,45.937],[-82.29,45.932],[-82.289,45.929],[-82.286,45.926],[-82.283,45.924],[-82.283,45.921],[-82.271,45.913],[-82.263,45.911],[-82.259,45.91],[-82.256,45.91],[-82.254,45.916],[-82.252,45.919],[-82.251,45.922],[-82.247,45.927],[-82.236,45.935],[-82.237,45.937],[-82.232,45.943],[-82.231,45.941],[-82.227,45.942],[-82.224,45.94],[-82.214,45.938],[-82.219,45.932],[-82.217,45.929],[-82.222,45.924],[-82.22,45.922],[-82.223,45.919],[-82.22,45.917],[-82.217,45.919],[-82.214,45.919],[-82.209,45.917],[-82.204,45.912],[-82.2,45.903],[-82.197,45.898],[-82.191,45.893],[-82.186,45.891],[-82.183,45.888],[-82.18,45.883],[-82.171,45.871],[-82.17,45.867],[-82.172,45.865],[-82.173,45.859],[-82.176,45.852],[-82.176,45.847],[-82.168,45.845],[-82.164,45.842],[-82.161,45.838],[-82.16,45.832],[-82.161,45.829],[-82.157,45.827],[-82.152,45.829],[-82.15,45.834],[-82.144,45.839],[-82.134,45.856],[-82.133,45.862],[-82.129,45.869],[-82.124,45.878],[-82.12,45.883],[-82.114,45.887],[-82.114,45.89],[-82.112,45.892],[-82.113,45.896],[-82.118,45.899],[-82.125,45.898],[-82.125,45.902],[-82.124,45.91],[-82.121,45.915],[-82.115,45.916],[-82.104,45.921],[-82.098,45.924],[-82.086,45.932],[-82.08,45.938],[-82.074,45.943],[-82.07,45.943],[-82.062,45.947],[-82.055,45.95],[-82.052,45.952],[-82.057,45.958],[-82.045,45.962],[-82.041,45.961],[-82.036,45.963],[-82.029,45.962],[-82.018,45.966],[-82.014,45.967],[-82.009,45.969],[-82.004,45.971],[-82.001,45.97],[-81.997,45.97],[-81.99,45.978],[-81.986,45.981],[-81.98,45.987],[-81.975,45.987],[-81.969,45.985],[-81.973,45.982],[-81.966,45.982],[-81.961,45.986],[-81.958,45.987],[-81.953,45.982],[-81.947,45.982],[-81.94,45.983],[-81.939,45.986],[-81.935,45.987]]],[[[-81.57,45.965],[-81.57,45.961],[-81.575,45.954],[-81.585,45.948],[-81.593,45.94],[-81.595,45.934],[-81.599,45.932],[-81.602,45.928],[-81.611,45.926],[-81.613,45.93],[-81.621,45.926],[-81.623,45.929],[-81.616,45.938],[-81.617,45.94],[-81.623,45.941],[-81.622,45.944],[-81.617,45.948],[-81.613,45.95],[-81.601,45.953],[-81.597,45.954],[-81.596,45.957],[-81.594,45.957],[-81.587,45.965],[-81.583,45.965],[-81.581,45.964],[-81.578,45.964],[-81.57,45.965]]],[[[-81.532,45.974],[-81.519,45.971],[-81.51,45.968],[-81.501,45.967],[-81.5,45.966],[-81.499,45.963],[-81.507,45.957],[-81.51,45.955],[-81.514,45.954],[-81.518,45.951],[-81.525,45.95],[-81.533,45.953],[-81.531,45.962],[-81.533,45.963],[-81.535,45.968],[-81.532,45.974]]],[[[-82.226,46.055],[-82.225,46.052],[-82.213,46.05],[-82.207,46.05],[-82.203,46.045],[-82.204,46.043],[-82.201,46.04],[-82.204,46.037],[-82.2,46.036],[-82.194,46.037],[-82.195,46.034],[-82.198,46.034],[-82.206,46.037],[-82.211,46.038],[-82.213,46.035],[-82.211,46.033],[-82.208,46.029],[-82.206,46.028],[-82.203,46.029],[-82.2,46.029],[-82.203,46.025],[-82.211,46.023],[-82.21,46.018],[-82.206,46.018],[-82.202,46.013],[-82.198,46.013],[-82.196,46.009],[-82.198,46.004],[-82.196,45.999],[-82.199,45.995],[-82.198,45.991],[-82.201,45.989],[-82.202,45.985],[-82.208,45.987],[-82.208,45.99],[-82.212,45.99],[-82.216,45.994],[-82.221,45.995],[-82.228,45.991],[-82.23,45.993],[-82.226,45.995],[-82.224,45.995],[-82.221,45.997],[-82.225,45.999],[-82.223,46.004],[-82.225,46.008],[-82.23,46.012],[-82.233,46.013],[-82.24,46.011],[-82.251,46.006],[-82.254,46.002],[-82.256,46.004],[-82.257,46.008],[-82.256,46.012],[-82.262,46.013],[-82.263,46.014],[-82.261,46.017],[-82.267,46.022],[-82.272,46.022],[-82.271,46.025],[-82.266,46.027],[-82.265,46.025],[-82.259,46.024],[-82.257,46.026],[-82.252,46.024],[-82.245,46.031],[-82.253,46.032],[-82.257,46.032],[-82.257,46.034],[-82.253,46.038],[-82.246,46.042],[-82.25,46.046],[-82.242,46.051],[-82.238,46.055],[-82.229,46.056],[-82.226,46.055]]],[[[-82.027,46.042],[-82.025,46.04],[-82.025,46.038],[-82.02,46.036],[-82.024,46.032],[-82.027,46.031],[-82.027,46.028],[-82.03,46.027],[-82.032,46.022],[-82.031,46.021],[-82.026,46.024],[-82.024,46.025],[-82.022,46.021],[-82.026,46.018],[-82.028,46.015],[-82.037,46.015],[-82.045,46.016],[-82.049,46.013],[-82.049,46.01],[-82.053,46.008],[-82.067,46.006],[-82.072,46.006],[-82.072,46.01],[-82.065,46.011],[-82.059,46.011],[-82.057,46.015],[-82.059,46.017],[-82.063,46.016],[-82.069,46.018],[-82.071,46.023],[-82.066,46.027],[-82.063,46.028],[-82.059,46.032],[-82.058,46.036],[-82.056,46.036],[-82.053,46.039],[-82.047,46.041],[-82.034,46.043],[-82.027,46.042]]],[[[-81.981,46.039],[-81.979,46.037],[-81.978,46.033],[-81.979,46.028],[-81.986,46.016],[-81.991,46.016],[-81.995,46.011],[-81.998,46.012],[-81.997,46.014],[-82,46.015],[-82,46.019],[-82.003,46.021],[-82.004,46.012],[-82.006,46.012],[-82.01,46.008],[-82.015,46.006],[-82.022,46.007],[-82.024,46.006],[-82.028,46.009],[-82.021,46.012],[-82.019,46.017],[-82.016,46.018],[-82.015,46.023],[-82.016,46.025],[-82.012,46.028],[-82.009,46.025],[-82.005,46.026],[-82.004,46.03],[-81.995,46.036],[-81.987,46.039],[-81.981,46.039]]],[[[-81.006,45.946],[-80.998,45.945],[-80.998,45.942],[-80.987,45.941],[-80.979,45.938],[-80.98,45.934],[-80.984,45.926],[-80.988,45.925],[-80.993,45.928],[-81.004,45.924],[-81.007,45.926],[-81.013,45.925],[-81.01,45.929],[-81.017,45.928],[-81.018,45.93],[-81.015,45.932],[-81.01,45.932],[-81.012,45.934],[-81.024,45.931],[-81.028,45.931],[-81.032,45.932],[-81.031,45.934],[-81.025,45.938],[-81.021,45.94],[-81.018,45.943],[-81.015,45.946],[-81.006,45.946]]],[[[-81.032,45.95],[-81.029,45.947],[-81.037,45.938],[-81.042,45.934],[-81.054,45.929],[-81.06,45.933],[-81.05,45.939],[-81.05,45.946],[-81.049,45.948],[-81.042,45.95],[-81.037,45.95],[-81.032,45.95]]],[[[-81.818,46.063],[-81.813,46.061],[-81.824,46.058],[-81.823,46.056],[-81.824,46.053],[-81.823,46.051],[-81.818,46.049],[-81.814,46.052],[-81.807,46.051],[-81.805,46.049],[-81.799,46.051],[-81.792,46.052],[-81.788,46.044],[-81.788,46.04],[-81.789,46.036],[-81.8,46.031],[-81.805,46.028],[-81.81,46.022],[-81.808,46.021],[-81.804,46.023],[-81.798,46.023],[-81.796,46.022],[-81.796,46.018],[-81.794,46.017],[-81.788,46.02],[-81.784,46.019],[-81.782,46.019],[-81.78,46.016],[-81.783,46.015],[-81.782,46.012],[-81.784,46.007],[-81.783,46.004],[-81.787,46.004],[-81.785,45.999],[-81.778,45.998],[-81.775,45.996],[-81.767,45.994],[-81.764,45.997],[-81.757,45.998],[-81.755,46.004],[-81.753,46.007],[-81.748,46.009],[-81.747,46.014],[-81.742,46.015],[-81.737,46.012],[-81.736,46.007],[-81.731,46.003],[-81.739,46.005],[-81.74,46.008],[-81.742,46.01],[-81.746,46.008],[-81.745,46.005],[-81.739,46.003],[-81.741,45.998],[-81.737,45.995],[-81.737,45.99],[-81.734,45.988],[-81.736,45.986],[-81.733,45.98],[-81.735,45.978],[-81.736,45.973],[-81.738,45.973],[-81.741,45.976],[-81.749,45.98],[-81.752,45.979],[-81.755,45.981],[-81.757,45.979],[-81.765,45.981],[-81.772,45.986],[-81.771,45.989],[-81.777,45.99],[-81.782,45.988],[-81.782,45.986],[-81.787,45.985],[-81.794,45.987],[-81.798,45.988],[-81.8,45.986],[-81.801,45.983],[-81.799,45.978],[-81.797,45.978],[-81.796,45.974],[-81.803,45.974],[-81.806,45.972],[-81.811,45.972],[-81.812,45.976],[-81.811,45.978],[-81.813,45.984],[-81.815,45.985],[-81.819,45.983],[-81.82,45.984],[-81.825,45.986],[-81.821,45.99],[-81.821,45.992],[-81.823,45.994],[-81.826,45.994],[-81.832,45.996],[-81.845,45.996],[-81.848,45.998],[-81.854,46],[-81.857,46.002],[-81.859,46],[-81.857,45.998],[-81.868,45.996],[-81.868,45.995],[-81.876,45.995],[-81.886,45.996],[-81.891,45.993],[-81.892,45.991],[-81.889,45.989],[-81.9,45.988],[-81.898,45.984],[-81.898,45.982],[-81.905,45.98],[-81.923,45.982],[-81.923,45.985],[-81.92,45.985],[-81.916,45.988],[-81.904,45.984],[-81.905,45.987],[-81.912,45.99],[-81.917,45.989],[-81.918,45.991],[-81.924,45.992],[-81.924,45.994],[-81.928,45.996],[-81.93,45.999],[-81.928,46.003],[-81.93,46.005],[-81.935,46.004],[-81.938,46],[-81.944,45.999],[-81.952,46],[-81.951,46.006],[-81.953,46.009],[-81.956,46.009],[-81.961,46.008],[-81.963,46.01],[-81.959,46.016],[-81.957,46.017],[-81.957,46.02],[-81.956,46.023],[-81.958,46.024],[-81.958,46.028],[-81.955,46.033],[-81.955,46.038],[-81.951,46.041],[-81.952,46.044],[-81.959,46.042],[-81.958,46.047],[-81.95,46.047],[-81.948,46.049],[-81.938,46.051],[-81.937,46.048],[-81.933,46.049],[-81.925,46.046],[-81.921,46.047],[-81.915,46.049],[-81.906,46.048],[-81.907,46.053],[-81.901,46.052],[-81.894,46.055],[-81.89,46.054],[-81.886,46.055],[-81.882,46.054],[-81.874,46.057],[-81.868,46.058],[-81.866,46.059],[-81.862,46.057],[-81.862,46.055],[-81.863,46.048],[-81.863,46.044],[-81.858,46.043],[-81.854,46.053],[-81.856,46.056],[-81.854,46.059],[-81.857,46.06],[-81.852,46.062],[-81.846,46.061],[-81.844,46.063],[-81.837,46.064],[-81.834,46.062],[-81.825,46.062],[-81.818,46.063]]],[[[-81.157,46],[-81.159,45.995],[-81.165,45.99],[-81.177,45.985],[-81.168,45.983],[-81.175,45.98],[-81.178,45.979],[-81.183,45.98],[-81.189,45.98],[-81.193,45.978],[-81.196,45.98],[-81.201,45.979],[-81.199,45.978],[-81.201,45.974],[-81.199,45.958],[-81.2,45.955],[-81.203,45.953],[-81.213,45.95],[-81.219,45.959],[-81.221,45.961],[-81.229,45.961],[-81.237,45.961],[-81.238,45.964],[-81.242,45.96],[-81.251,45.956],[-81.253,45.956],[-81.255,45.955],[-81.258,45.955],[-81.259,45.954],[-81.263,45.956],[-81.264,45.959],[-81.268,45.956],[-81.272,45.956],[-81.277,45.952],[-81.283,45.952],[-81.283,45.956],[-81.285,45.96],[-81.289,45.96],[-81.289,45.963],[-81.296,45.964],[-81.293,45.97],[-81.301,45.97],[-81.307,45.967],[-81.306,45.971],[-81.307,45.974],[-81.311,45.971],[-81.317,45.969],[-81.322,45.97],[-81.321,45.976],[-81.326,45.976],[-81.329,45.974],[-81.337,45.968],[-81.34,45.969],[-81.342,45.966],[-81.348,45.968],[-81.354,45.97],[-81.357,45.973],[-81.354,45.974],[-81.355,45.977],[-81.362,45.977],[-81.367,45.976],[-81.371,45.978],[-81.38,45.978],[-81.383,45.979],[-81.389,45.977],[-81.396,45.98],[-81.391,45.984],[-81.393,45.986],[-81.384,45.988],[-81.382,45.987],[-81.375,45.989],[-81.373,45.99],[-81.369,45.992],[-81.365,45.987],[-81.361,45.992],[-81.357,45.991],[-81.344,45.993],[-81.336,45.992],[-81.32,45.994],[-81.317,45.993],[-81.309,45.993],[-81.302,45.995],[-81.297,45.995],[-81.287,45.993],[-81.284,45.994],[-81.277,45.993],[-81.272,45.994],[-81.266,45.994],[-81.259,45.995],[-81.247,45.995],[-81.242,45.995],[-81.235,45.992],[-81.239,45.987],[-81.242,45.986],[-81.246,45.981],[-81.247,45.978],[-81.25,45.976],[-81.255,45.97],[-81.252,45.968],[-81.243,45.972],[-81.234,45.978],[-81.23,45.984],[-81.229,45.987],[-81.224,45.993],[-81.214,45.997],[-81.209,45.995],[-81.203,45.998],[-81.186,45.999],[-81.185,46],[-81.178,46.001],[-81.169,46.001],[-81.164,45.999],[-81.157,46]]],[[[-81.608,46.07],[-81.605,46.069],[-81.604,46.066],[-81.602,46.064],[-81.599,46.059],[-81.605,46.056],[-81.606,46.051],[-81.609,46.051],[-81.617,46.051],[-81.622,46.052],[-81.625,46.051],[-81.629,46.052],[-81.628,46.056],[-81.626,46.056],[-81.618,46.06],[-81.621,46.062],[-81.626,46.061],[-81.633,46.065],[-81.638,46.064],[-81.641,46.065],[-81.635,46.07],[-81.632,46.071],[-81.629,46.07],[-81.624,46.072],[-81.615,46.07],[-81.608,46.07]]],[[[-81.571,46.069],[-81.568,46.064],[-81.567,46.062],[-81.569,46.06],[-81.574,46.06],[-81.578,46.059],[-81.582,46.059],[-81.587,46.057],[-81.59,46.055],[-81.594,46.06],[-81.597,46.059],[-81.603,46.066],[-81.6,46.067],[-81.596,46.068],[-81.59,46.067],[-81.583,46.069],[-81.571,46.069]]],[[[-81.604,46.099],[-81.598,46.097],[-81.599,46.096],[-81.594,46.093],[-81.595,46.091],[-81.582,46.087],[-81.575,46.088],[-81.573,46.087],[-81.564,46.087],[-81.557,46.088],[-81.551,46.086],[-81.55,46.084],[-81.545,46.085],[-81.546,46.082],[-81.549,46.083],[-81.55,46.08],[-81.553,46.076],[-81.558,46.076],[-81.559,46.074],[-81.573,46.071],[-81.581,46.071],[-81.587,46.069],[-81.595,46.068],[-81.597,46.07],[-81.604,46.069],[-81.606,46.071],[-81.61,46.071],[-81.613,46.074],[-81.607,46.077],[-81.607,46.079],[-81.614,46.078],[-81.613,46.08],[-81.624,46.082],[-81.628,46.085],[-81.628,46.087],[-81.631,46.091],[-81.627,46.093],[-81.624,46.091],[-81.616,46.093],[-81.611,46.096],[-81.617,46.097],[-81.622,46.096],[-81.625,46.094],[-81.631,46.093],[-81.631,46.095],[-81.624,46.096],[-81.619,46.098],[-81.61,46.098],[-81.604,46.099]]],[[[-81.632,46.105],[-81.631,46.098],[-81.635,46.096],[-81.637,46.092],[-81.642,46.089],[-81.641,46.086],[-81.643,46.083],[-81.648,46.084],[-81.65,46.082],[-81.653,46.084],[-81.652,46.086],[-81.653,46.09],[-81.662,46.091],[-81.662,46.095],[-81.656,46.096],[-81.654,46.101],[-81.648,46.101],[-81.646,46.099],[-81.643,46.099],[-81.637,46.103],[-81.632,46.105]]],[[[-81.074,48.103],[-81.074,48.084],[-81.073,48.028],[-81.074,48.026],[-81.073,48.02],[-81.073,47.989],[-81.073,47.928],[-81.074,47.842],[-81.074,47.766],[-81.073,47.708],[-81.073,47.684],[-81.074,47.659],[-81.074,47.642],[-81.074,47.568],[-81.074,47.535],[-81.074,47.513],[-81.074,47.49],[-81.074,47.396],[-81.073,47.322],[-81.03,47.322],[-80.941,47.322],[-80.898,47.322],[-80.761,47.322],[-80.715,47.322],[-80.624,47.322],[-80.533,47.321],[-80.471,47.321],[-80.466,47.32],[-80.398,47.32],[-80.317,47.32],[-80.272,47.32],[-80.272,47.308],[-80.27,47.256],[-80.27,47.235],[-80.272,47.157],[-80.274,47.056],[-80.289,47.056],[-80.291,46.994],[-80.291,46.972],[-80.292,46.953],[-80.288,46.939],[-80.292,46.908],[-80.291,46.897],[-80.292,46.892],[-80.291,46.862],[-80.292,46.831],[-80.292,46.82],[-80.292,46.787],[-80.292,46.786],[-80.292,46.751],[-80.292,46.722],[-80.292,46.711],[-80.325,46.711],[-80.333,46.711],[-80.344,46.712],[-80.355,46.711],[-80.355,46.686],[-80.358,46.643],[-80.359,46.625],[-80.334,46.626],[-80.318,46.626],[-80.316,46.627],[-80.311,46.625],[-80.304,46.625],[-80.292,46.625],[-80.291,46.612],[-80.292,46.566],[-80.292,46.552],[-80.292,46.537],[-80.293,46.507],[-80.292,46.501],[-80.293,46.494],[-80.292,46.487],[-80.292,46.483],[-80.292,46.47],[-80.292,46.433],[-80.292,46.422],[-80.291,46.392],[-80.291,46.363],[-80.307,46.363],[-80.306,46.29],[-80.305,46.272],[-80.306,46.25],[-80.307,46.24],[-80.306,46.226],[-80.306,46.211],[-80.307,46.206],[-80.307,46.19],[-80.306,46.139],[-80.306,46.126],[-80.306,46.105],[-80.294,46.105],[-80.284,46.105],[-80.264,46.105],[-80.219,46.105],[-80.176,46.105],[-80.178,46.102],[-80.165,46.102],[-80.164,46.1],[-80.166,46.098],[-80.152,46.092],[-80.148,46.091],[-80.143,46.092],[-80.14,46.09],[-80.144,46.088],[-80.143,46.082],[-80.144,46.08],[-80.148,46.078],[-80.145,46.076],[-80.149,46.073],[-80.159,46.076],[-80.167,46.077],[-80.178,46.078],[-80.184,46.08],[-80.189,46.079],[-80.181,46.074],[-80.174,46.067],[-80.175,46.066],[-80.179,46.063],[-80.186,46.06],[-80.191,46.063],[-80.201,46.065],[-80.208,46.064],[-80.215,46.062],[-80.216,46.059],[-80.208,46.055],[-80.212,46.054],[-80.226,46.052],[-80.24,46.05],[-80.242,46.049],[-80.249,46.049],[-80.256,46.047],[-80.262,46.044],[-80.266,46.045],[-80.268,46.043],[-80.297,46.036],[-80.298,46.037],[-80.322,46.039],[-80.336,46.036],[-80.356,46.033],[-80.362,46.032],[-80.384,46.034],[-80.388,46.033],[-80.396,46.035],[-80.414,46.037],[-80.419,46.036],[-80.427,46.037],[-80.462,46.036],[-80.475,46.037],[-80.486,46.034],[-80.497,46.033],[-80.515,46.034],[-80.52,46.033],[-80.521,46.032],[-80.519,46.028],[-80.521,46.025],[-80.54,46.02],[-80.548,46.02],[-80.553,46.022],[-80.559,46.021],[-80.562,46.019],[-80.569,46.018],[-80.572,46.019],[-80.583,46.018],[-80.578,45.996],[-80.574,45.976],[-80.572,45.974],[-80.569,45.955],[-80.565,45.934],[-80.563,45.928],[-80.56,45.913],[-80.562,45.913],[-80.563,45.908],[-80.556,45.892],[-80.56,45.892],[-80.564,45.893],[-80.566,45.892],[-80.575,45.891],[-80.585,45.891],[-80.596,45.891],[-80.602,45.889],[-80.607,45.891],[-80.61,45.89],[-80.625,45.888],[-80.635,45.888],[-80.639,45.889],[-80.647,45.889],[-80.652,45.888],[-80.667,45.89],[-80.675,45.888],[-80.673,45.885],[-80.688,45.886],[-80.695,45.885],[-80.694,45.872],[-80.736,45.872],[-80.738,45.875],[-80.738,45.886],[-80.734,45.886],[-80.733,45.89],[-80.737,45.892],[-80.736,45.893],[-80.743,45.894],[-80.742,45.902],[-80.738,45.904],[-80.739,45.911],[-80.737,45.912],[-80.739,45.916],[-80.743,45.92],[-80.747,45.92],[-80.742,45.923],[-80.742,45.926],[-80.749,45.921],[-80.754,45.923],[-80.75,45.929],[-80.744,45.931],[-80.74,45.933],[-80.746,45.936],[-80.741,45.94],[-80.741,45.942],[-80.738,45.946],[-80.735,45.947],[-80.736,45.951],[-80.743,45.945],[-80.743,45.94],[-80.754,45.931],[-80.757,45.928],[-80.76,45.925],[-80.765,45.928],[-80.772,45.926],[-80.775,45.927],[-80.774,45.931],[-80.77,45.936],[-80.767,45.938],[-80.765,45.943],[-80.762,45.943],[-80.761,45.95],[-80.752,45.95],[-80.754,45.952],[-80.754,45.958],[-80.753,45.96],[-80.754,45.961],[-80.754,45.964],[-80.757,45.963],[-80.76,45.965],[-80.763,45.96],[-80.764,45.956],[-80.764,45.947],[-80.765,45.944],[-80.768,45.94],[-80.776,45.932],[-80.777,45.926],[-80.779,45.92],[-80.784,45.918],[-80.786,45.908],[-80.79,45.902],[-80.795,45.903],[-80.796,45.906],[-80.8,45.903],[-80.801,45.895],[-80.803,45.897],[-80.802,45.904],[-80.804,45.906],[-80.803,45.908],[-80.806,45.911],[-80.802,45.92],[-80.798,45.925],[-80.797,45.929],[-80.794,45.934],[-80.8,45.938],[-80.803,45.941],[-80.802,45.948],[-80.802,45.955],[-80.807,45.955],[-80.81,45.953],[-80.809,45.952],[-80.812,45.944],[-80.819,45.936],[-80.821,45.932],[-80.823,45.929],[-80.826,45.932],[-80.827,45.938],[-80.83,45.939],[-80.831,45.93],[-80.829,45.93],[-80.829,45.926],[-80.833,45.92],[-80.836,45.921],[-80.838,45.919],[-80.841,45.921],[-80.841,45.923],[-80.848,45.919],[-80.852,45.92],[-80.856,45.924],[-80.864,45.923],[-80.872,45.927],[-80.869,45.93],[-80.873,45.933],[-80.879,45.933],[-80.878,45.937],[-80.882,45.938],[-80.88,45.941],[-80.883,45.942],[-80.887,45.939],[-80.893,45.943],[-80.899,45.94],[-80.9,45.941],[-80.906,45.94],[-80.912,45.93],[-80.917,45.928],[-80.912,45.936],[-80.913,45.937],[-80.92,45.931],[-80.922,45.927],[-80.927,45.928],[-80.926,45.931],[-80.928,45.932],[-80.932,45.926],[-80.941,45.928],[-80.946,45.929],[-80.955,45.925],[-80.959,45.925],[-80.965,45.923],[-80.966,45.921],[-80.97,45.922],[-80.977,45.922],[-80.977,45.924],[-80.976,45.93],[-80.973,45.931],[-80.972,45.934],[-80.969,45.934],[-80.97,45.939],[-80.973,45.94],[-80.973,45.945],[-80.971,45.946],[-80.969,45.949],[-80.966,45.952],[-80.971,45.955],[-80.972,45.957],[-80.97,45.961],[-80.967,45.96],[-80.966,45.965],[-80.974,45.967],[-80.976,45.966],[-80.977,45.965],[-80.978,45.964],[-80.982,45.962],[-80.987,45.961],[-80.988,45.962],[-80.993,45.962],[-81.003,45.957],[-81.006,45.953],[-81.01,45.952],[-81.015,45.948],[-81.024,45.95],[-81.026,45.952],[-81.031,45.95],[-81.038,45.951],[-81.042,45.953],[-81.05,45.952],[-81.054,45.952],[-81.057,45.951],[-81.074,45.941],[-81.082,45.939],[-81.087,45.941],[-81.095,45.938],[-81.1,45.943],[-81.103,45.942],[-81.111,45.944],[-81.116,45.945],[-81.116,45.942],[-81.123,45.943],[-81.124,45.945],[-81.13,45.945],[-81.13,45.944],[-81.134,45.942],[-81.137,45.938],[-81.138,45.934],[-81.142,45.933],[-81.144,45.93],[-81.144,45.927],[-81.14,45.922],[-81.142,45.92],[-81.147,45.922],[-81.15,45.921],[-81.155,45.922],[-81.157,45.926],[-81.163,45.927],[-81.168,45.927],[-81.169,45.93],[-81.178,45.932],[-81.186,45.93],[-81.192,45.932],[-81.196,45.93],[-81.197,45.932],[-81.189,45.934],[-81.186,45.936],[-81.18,45.937],[-81.169,45.939],[-81.17,45.942],[-81.176,45.943],[-81.182,45.942],[-81.185,45.943],[-81.186,45.946],[-81.183,45.947],[-81.18,45.953],[-81.174,45.958],[-81.175,45.961],[-81.168,45.965],[-81.163,45.963],[-81.163,45.966],[-81.156,45.97],[-81.151,45.979],[-81.145,45.985],[-81.144,45.986],[-81.148,45.987],[-81.151,45.99],[-81.149,45.998],[-81.153,46.001],[-81.156,46.002],[-81.16,46.001],[-81.172,46.002],[-81.183,46.001],[-81.192,46],[-81.195,46],[-81.205,46],[-81.21,46.003],[-81.214,46.005],[-81.218,46.004],[-81.22,46.007],[-81.224,46.003],[-81.23,45.996],[-81.233,45.995],[-81.234,45.993],[-81.239,45.994],[-81.243,45.996],[-81.25,45.997],[-81.253,45.995],[-81.258,45.996],[-81.267,45.994],[-81.273,45.995],[-81.278,45.995],[-81.285,45.995],[-81.291,45.997],[-81.295,45.996],[-81.3,45.997],[-81.313,45.994],[-81.321,45.996],[-81.328,45.995],[-81.336,45.995],[-81.339,45.994],[-81.344,45.995],[-81.356,45.995],[-81.364,45.997],[-81.369,45.997],[-81.376,45.995],[-81.383,45.992],[-81.383,45.989],[-81.386,45.989],[-81.394,45.991],[-81.396,45.992],[-81.402,45.992],[-81.407,45.989],[-81.411,45.991],[-81.414,45.989],[-81.417,45.993],[-81.421,45.996],[-81.422,45.993],[-81.431,45.991],[-81.436,45.991],[-81.439,45.988],[-81.445,45.99],[-81.451,45.987],[-81.462,45.988],[-81.466,45.99],[-81.47,45.988],[-81.468,45.986],[-81.461,45.987],[-81.46,45.983],[-81.464,45.982],[-81.463,45.979],[-81.465,45.976],[-81.474,45.975],[-81.478,45.972],[-81.483,45.972],[-81.484,45.97],[-81.492,45.97],[-81.494,45.968],[-81.497,45.969],[-81.5,45.968],[-81.504,45.97],[-81.506,45.969],[-81.513,45.97],[-81.517,45.972],[-81.521,45.972],[-81.517,45.975],[-81.515,45.98],[-81.518,45.982],[-81.516,45.988],[-81.502,45.989],[-81.501,45.991],[-81.497,45.994],[-81.499,45.997],[-81.503,45.997],[-81.506,46],[-81.5,46.003],[-81.494,46.005],[-81.492,46.008],[-81.486,46.006],[-81.481,46.008],[-81.487,46.011],[-81.491,46.011],[-81.494,46.009],[-81.505,46.01],[-81.513,46.01],[-81.533,46.004],[-81.532,46.001],[-81.538,46.002],[-81.541,45.999],[-81.538,45.998],[-81.534,45.994],[-81.537,45.993],[-81.541,45.993],[-81.544,45.99],[-81.544,45.988],[-81.547,45.986],[-81.551,45.984],[-81.561,45.985],[-81.568,45.984],[-81.571,45.979],[-81.576,45.979],[-81.579,45.977],[-81.586,45.976],[-81.584,45.974],[-81.585,45.972],[-81.59,45.97],[-81.598,45.965],[-81.605,45.964],[-81.61,45.961],[-81.616,45.959],[-81.618,45.957],[-81.626,45.958],[-81.631,45.957],[-81.641,45.952],[-81.646,45.951],[-81.652,45.948],[-81.656,45.948],[-81.66,45.943],[-81.665,45.941],[-81.674,45.94],[-81.679,45.943],[-81.684,45.943],[-81.687,45.942],[-81.689,45.944],[-81.689,45.949],[-81.678,45.952],[-81.673,45.95],[-81.671,45.953],[-81.667,45.952],[-81.667,45.949],[-81.664,45.949],[-81.662,45.954],[-81.655,45.957],[-81.655,45.959],[-81.649,45.961],[-81.645,45.96],[-81.642,45.961],[-81.639,45.964],[-81.638,45.966],[-81.635,45.969],[-81.633,45.967],[-81.627,45.969],[-81.625,45.971],[-81.62,45.971],[-81.614,45.975],[-81.609,45.976],[-81.604,45.978],[-81.607,45.98],[-81.594,45.986],[-81.585,45.988],[-81.577,45.987],[-81.574,45.989],[-81.566,45.993],[-81.563,45.996],[-81.557,45.997],[-81.559,45.999],[-81.567,46.001],[-81.569,46.003],[-81.576,46.005],[-81.581,46.004],[-81.584,46.003],[-81.595,46.004],[-81.614,46.002],[-81.619,46.003],[-81.622,46.002],[-81.627,46.003],[-81.628,46.002],[-81.637,46.003],[-81.644,46.003],[-81.648,46.002],[-81.65,46.003],[-81.657,46.003],[-81.662,46.004],[-81.67,46.007],[-81.671,46.009],[-81.665,46.01],[-81.661,46.011],[-81.644,46.009],[-81.642,46.01],[-81.636,46.016],[-81.633,46.012],[-81.629,46.014],[-81.62,46.019],[-81.614,46.018],[-81.612,46.02],[-81.607,46.021],[-81.603,46.02],[-81.596,46.022],[-81.583,46.021],[-81.578,46.022],[-81.571,46.022],[-81.561,46.021],[-81.551,46.021],[-81.537,46.024],[-81.534,46.026],[-81.528,46.026],[-81.517,46.029],[-81.51,46.031],[-81.506,46.031],[-81.505,46.036],[-81.507,46.038],[-81.513,46.041],[-81.504,46.044],[-81.49,46.046],[-81.482,46.048],[-81.477,46.043],[-81.477,46.05],[-81.479,46.051],[-81.487,46.048],[-81.493,46.048],[-81.5,46.046],[-81.505,46.046],[-81.514,46.043],[-81.514,46.041],[-81.527,46.037],[-81.529,46.038],[-81.539,46.036],[-81.552,46.035],[-81.561,46.035],[-81.579,46.032],[-81.585,46.03],[-81.592,46.03],[-81.596,46.028],[-81.61,46.025],[-81.619,46.024],[-81.621,46.025],[-81.623,46.022],[-81.628,46.022],[-81.634,46.022],[-81.641,46.021],[-81.646,46.018],[-81.651,46.017],[-81.652,46.016],[-81.657,46.014],[-81.662,46.014],[-81.667,46.014],[-81.67,46.011],[-81.679,46.009],[-81.69,46.009],[-81.698,46.007],[-81.71,46.007],[-81.717,46.008],[-81.72,46.01],[-81.715,46.014],[-81.711,46.015],[-81.704,46.016],[-81.701,46.02],[-81.695,46.021],[-81.687,46.021],[-81.685,46.024],[-81.681,46.027],[-81.677,46.027],[-81.671,46.026],[-81.663,46.031],[-81.657,46.03],[-81.652,46.028],[-81.644,46.028],[-81.644,46.031],[-81.638,46.027],[-81.635,46.026],[-81.631,46.028],[-81.626,46.028],[-81.619,46.031],[-81.616,46.032],[-81.61,46.033],[-81.609,46.034],[-81.602,46.036],[-81.594,46.037],[-81.57,46.044],[-81.551,46.049],[-81.552,46.051],[-81.546,46.052],[-81.545,46.051],[-81.539,46.052],[-81.542,46.054],[-81.556,46.052],[-81.557,46.054],[-81.552,46.058],[-81.547,46.058],[-81.543,46.059],[-81.542,46.057],[-81.539,46.058],[-81.535,46.058],[-81.533,46.06],[-81.536,46.061],[-81.539,46.06],[-81.543,46.061],[-81.551,46.059],[-81.557,46.06],[-81.56,46.059],[-81.566,46.06],[-81.567,46.065],[-81.566,46.066],[-81.555,46.067],[-81.556,46.069],[-81.561,46.068],[-81.567,46.066],[-81.569,46.068],[-81.564,46.071],[-81.561,46.07],[-81.558,46.072],[-81.557,46.074],[-81.553,46.074],[-81.551,46.076],[-81.544,46.077],[-81.543,46.084],[-81.539,46.087],[-81.542,46.088],[-81.547,46.086],[-81.552,46.088],[-81.55,46.089],[-81.553,46.093],[-81.559,46.093],[-81.562,46.09],[-81.569,46.089],[-81.57,46.092],[-81.58,46.093],[-81.588,46.094],[-81.588,46.098],[-81.597,46.099],[-81.598,46.101],[-81.603,46.1],[-81.605,46.101],[-81.609,46.101],[-81.615,46.101],[-81.62,46.1],[-81.623,46.102],[-81.628,46.102],[-81.629,46.105],[-81.62,46.105],[-81.615,46.105],[-81.611,46.106],[-81.61,46.109],[-81.614,46.111],[-81.615,46.114],[-81.625,46.112],[-81.634,46.111],[-81.633,46.113],[-81.628,46.114],[-81.631,46.116],[-81.633,46.114],[-81.64,46.114],[-81.643,46.113],[-81.648,46.113],[-81.652,46.115],[-81.654,46.114],[-81.661,46.115],[-81.664,46.112],[-81.667,46.111],[-81.667,46.104],[-81.664,46.106],[-81.656,46.102],[-81.656,46.1],[-81.657,46.097],[-81.661,46.099],[-81.666,46.098],[-81.669,46.096],[-81.667,46.093],[-81.671,46.093],[-81.67,46.09],[-81.668,46.09],[-81.661,46.089],[-81.658,46.087],[-81.658,46.082],[-81.653,46.081],[-81.653,46.08],[-81.664,46.079],[-81.666,46.075],[-81.672,46.075],[-81.676,46.076],[-81.678,46.075],[-81.674,46.073],[-81.67,46.072],[-81.668,46.073],[-81.661,46.073],[-81.658,46.072],[-81.65,46.072],[-81.643,46.07],[-81.641,46.069],[-81.647,46.064],[-81.651,46.064],[-81.654,46.066],[-81.657,46.066],[-81.666,46.066],[-81.673,46.066],[-81.675,46.067],[-81.679,46.065],[-81.677,46.062],[-81.683,46.061],[-81.683,46.063],[-81.689,46.063],[-81.696,46.063],[-81.697,46.061],[-81.703,46.063],[-81.713,46.063],[-81.72,46.063],[-81.725,46.063],[-81.733,46.061],[-81.737,46.062],[-81.739,46.065],[-81.739,46.068],[-81.744,46.068],[-81.745,46.067],[-81.742,46.064],[-81.748,46.064],[-81.75,46.065],[-81.755,46.067],[-81.762,46.068],[-81.768,46.067],[-81.771,46.066],[-81.768,46.064],[-81.756,46.065],[-81.755,46.06],[-81.753,46.059],[-81.748,46.059],[-81.745,46.056],[-81.741,46.055],[-81.734,46.052],[-81.731,46.049],[-81.731,46.047],[-81.734,46.042],[-81.736,46.037],[-81.737,46.035],[-81.744,46.033],[-81.75,46.029],[-81.751,46.025],[-81.744,46.022],[-81.747,46.017],[-81.75,46.016],[-81.755,46.008],[-81.76,46.006],[-81.764,46.002],[-81.774,46.002],[-81.779,46.006],[-81.78,46.01],[-81.777,46.011],[-81.773,46.009],[-81.77,46.011],[-81.775,46.014],[-81.777,46.018],[-81.771,46.029],[-81.773,46.034],[-81.778,46.039],[-81.779,46.047],[-81.788,46.056],[-81.791,46.06],[-81.793,46.061],[-81.792,46.065],[-81.784,46.066],[-81.78,46.067],[-81.778,46.073],[-81.772,46.072],[-81.767,46.075],[-81.758,46.075],[-81.755,46.078],[-81.762,46.077],[-81.764,46.081],[-81.757,46.083],[-81.741,46.082],[-81.74,46.083],[-81.735,46.087],[-81.725,46.086],[-81.728,46.091],[-81.72,46.093],[-81.719,46.095],[-81.73,46.094],[-81.735,46.092],[-81.738,46.094],[-81.742,46.093],[-81.746,46.095],[-81.742,46.096],[-81.722,46.096],[-81.717,46.098],[-81.719,46.101],[-81.719,46.104],[-81.727,46.107],[-81.732,46.105],[-81.733,46.108],[-81.737,46.107],[-81.746,46.108],[-81.753,46.105],[-81.756,46.106],[-81.758,46.106],[-81.766,46.106],[-81.768,46.108],[-81.772,46.106],[-81.783,46.105],[-81.785,46.103],[-81.78,46.101],[-81.787,46.1],[-81.788,46.099],[-81.792,46.099],[-81.808,46.099],[-81.808,46.101],[-81.812,46.102],[-81.818,46.101],[-81.82,46.099],[-81.823,46.099],[-81.827,46.098],[-81.831,46.1],[-81.829,46.102],[-81.837,46.103],[-81.842,46.101],[-81.847,46.103],[-81.854,46.103],[-81.858,46.1],[-81.864,46.102],[-81.867,46.101],[-81.873,46.101],[-81.879,46.099],[-81.884,46.097],[-81.883,46.094],[-81.885,46.093],[-81.889,46.094],[-81.893,46.098],[-81.898,46.097],[-81.915,46.095],[-81.926,46.096],[-81.931,46.095],[-81.947,46.094],[-81.965,46.092],[-81.969,46.092],[-81.973,46.091],[-81.986,46.092],[-81.993,46.094],[-82.004,46.094],[-82.008,46.096],[-82.013,46.096],[-82.018,46.099],[-82.026,46.1],[-82.035,46.103],[-82.044,46.104],[-82.045,46.1],[-82.052,46.1],[-82.056,46.101],[-82.056,46.124],[-82.056,46.152],[-82.057,46.164],[-82.057,46.177],[-82.097,46.184],[-82.097,46.171],[-82.107,46.171],[-82.114,46.174],[-82.119,46.173],[-82.122,46.172],[-82.126,46.172],[-82.151,46.174],[-82.163,46.177],[-82.173,46.177],[-82.191,46.179],[-82.194,46.179],[-82.199,46.177],[-82.206,46.176],[-82.216,46.178],[-82.236,46.186],[-82.256,46.189],[-82.263,46.188],[-82.275,46.188],[-82.296,46.185],[-82.303,46.184],[-82.313,46.186],[-82.311,46.202],[-82.313,46.229],[-82.312,46.24],[-82.313,46.252],[-82.313,46.278],[-82.254,46.278],[-82.235,46.277],[-82.192,46.278],[-82.193,46.325],[-82.193,46.346],[-82.192,46.359],[-82.193,46.367],[-82.173,46.367],[-82.068,46.367],[-82.068,46.449],[-82.068,46.541],[-82.069,46.61],[-82.069,46.625],[-81.945,46.625],[-81.946,46.662],[-81.947,46.702],[-81.947,46.71],[-81.947,46.724],[-81.948,46.765],[-81.949,46.823],[-81.949,46.889],[-81.95,46.976],[-81.981,46.976],[-82.088,46.977],[-82.163,46.977],[-82.227,46.977],[-82.243,46.979],[-82.318,46.978],[-82.43,46.977],[-82.579,46.977],[-82.578,47.015],[-82.579,47.119],[-82.578,47.181],[-82.577,47.236],[-82.635,47.236],[-82.761,47.236],[-82.852,47.236],[-82.93,47.236],[-83.034,47.236],[-83.117,47.236],[-83.211,47.236],[-83.275,47.236],[-83.432,47.236],[-83.576,47.236],[-83.665,47.236],[-83.787,47.235],[-83.84,47.235],[-83.975,47.236],[-83.975,47.261],[-83.974,47.369],[-83.974,47.459],[-83.974,47.478],[-83.974,47.496],[-83.974,47.56],[-83.974,47.653],[-83.974,47.745],[-83.973,47.78],[-83.974,47.842],[-83.973,47.881],[-83.974,47.898],[-83.974,47.934],[-84.016,47.934],[-84.014,47.992],[-84.015,48.062],[-84.015,48.122],[-84.015,48.144],[-84.016,48.192],[-84.015,48.257],[-84.015,48.305],[-84.015,48.341],[-84.016,48.343],[-84.015,48.357],[-84.015,48.45],[-83.909,48.45],[-83.76,48.45],[-83.715,48.449],[-83.59,48.449],[-83.476,48.449],[-83.386,48.45],[-83.29,48.45],[-83.147,48.45],[-83.071,48.45],[-82.961,48.45],[-82.929,48.45],[-82.855,48.45],[-82.855,48.451],[-82.737,48.45],[-82.641,48.451],[-82.516,48.45],[-82.442,48.451],[-82.347,48.451],[-82.191,48.451],[-82.047,48.45],[-82.04,48.451],[-81.996,48.45],[-81.857,48.45],[-81.855,48.416],[-81.855,48.364],[-81.856,48.277],[-81.856,48.262],[-81.856,48.222],[-81.856,48.183],[-81.856,48.146],[-81.857,48.104],[-81.825,48.104],[-81.779,48.103],[-81.675,48.104],[-81.619,48.104],[-81.591,48.104],[-81.543,48.103],[-81.456,48.103],[-81.371,48.103],[-81.289,48.103],[-81.245,48.101],[-81.231,48.103],[-81.216,48.102],[-81.088,48.103],[-81.074,48.103]]]]}},{"type":"Feature","properties":{"HR_UID":"3562","ENGNAME":"Thunder Bay District Health Unit"},"geometry":{"type":"MultiPolygon","coordinates":[[[[-85.793,47.353],[-85.795,47.348],[-85.803,47.34],[-85.808,47.341],[-85.815,47.348],[-85.816,47.351],[-85.82,47.353],[-85.826,47.355],[-85.824,47.357],[-85.825,47.36],[-85.824,47.367],[-85.82,47.372],[-85.817,47.373],[-85.812,47.377],[-85.811,47.382],[-85.807,47.381],[-85.804,47.378],[-85.803,47.374],[-85.8,47.372],[-85.8,47.37],[-85.793,47.356],[-85.793,47.353]]],[[[-85.743,47.798],[-85.735,47.797],[-85.728,47.793],[-85.726,47.79],[-85.721,47.785],[-85.715,47.783],[-85.705,47.782],[-85.703,47.78],[-85.694,47.774],[-85.682,47.774],[-85.669,47.77],[-85.662,47.77],[-85.657,47.769],[-85.637,47.77],[-85.629,47.768],[-85.626,47.766],[-85.617,47.761],[-85.609,47.758],[-85.6,47.757],[-85.596,47.753],[-85.597,47.751],[-85.598,47.746],[-85.596,47.745],[-85.599,47.741],[-85.607,47.737],[-85.606,47.735],[-85.608,47.732],[-85.613,47.732],[-85.618,47.73],[-85.619,47.731],[-85.629,47.73],[-85.631,47.728],[-85.643,47.727],[-85.65,47.726],[-85.66,47.726],[-85.666,47.724],[-85.673,47.724],[-85.677,47.72],[-85.675,47.717],[-85.682,47.716],[-85.687,47.714],[-85.687,47.713],[-85.691,47.71],[-85.693,47.71],[-85.702,47.708],[-85.704,47.709],[-85.709,47.707],[-85.713,47.708],[-85.717,47.707],[-85.72,47.705],[-85.723,47.705],[-85.728,47.704],[-85.73,47.706],[-85.735,47.708],[-85.745,47.706],[-85.75,47.707],[-85.753,47.706],[-85.759,47.708],[-85.759,47.711],[-85.763,47.712],[-85.771,47.711],[-85.772,47.707],[-85.781,47.707],[-85.783,47.707],[-85.795,47.709],[-85.795,47.712],[-85.789,47.714],[-85.785,47.715],[-85.77,47.713],[-85.766,47.716],[-85.766,47.719],[-85.77,47.721],[-85.778,47.719],[-85.78,47.718],[-85.786,47.72],[-85.792,47.718],[-85.797,47.716],[-85.805,47.716],[-85.809,47.712],[-85.814,47.713],[-85.819,47.712],[-85.82,47.708],[-85.814,47.707],[-85.812,47.705],[-85.818,47.704],[-85.827,47.704],[-85.83,47.703],[-85.84,47.702],[-85.848,47.703],[-85.851,47.705],[-85.848,47.706],[-85.85,47.709],[-85.856,47.712],[-85.862,47.712],[-85.867,47.711],[-85.873,47.711],[-85.876,47.709],[-85.884,47.712],[-85.893,47.712],[-85.909,47.713],[-85.911,47.712],[-85.918,47.715],[-85.923,47.716],[-85.935,47.715],[-85.95,47.717],[-85.955,47.721],[-85.951,47.724],[-85.955,47.726],[-85.957,47.73],[-85.959,47.731],[-85.956,47.736],[-85.948,47.738],[-85.951,47.742],[-85.95,47.746],[-85.937,47.747],[-85.93,47.751],[-85.927,47.754],[-85.923,47.757],[-85.918,47.762],[-85.907,47.769],[-85.902,47.769],[-85.898,47.771],[-85.873,47.782],[-85.873,47.784],[-85.865,47.787],[-85.852,47.791],[-85.835,47.792],[-85.817,47.792],[-85.802,47.79],[-85.796,47.79],[-85.791,47.791],[-85.785,47.791],[-85.776,47.789],[-85.766,47.795],[-85.763,47.796],[-85.75,47.797],[-85.743,47.798]]],[[[-89.243,48.122],[-89.25,48.118],[-89.252,48.116],[-89.266,48.11],[-89.268,48.106],[-89.272,48.105],[-89.276,48.105],[-89.28,48.103],[-89.285,48.105],[-89.277,48.109],[-89.279,48.111],[-89.274,48.114],[-89.266,48.118],[-89.264,48.12],[-89.256,48.123],[-89.251,48.12],[-89.243,48.122]]],[[[-89.231,48.225],[-89.227,48.226],[-89.222,48.224],[-89.221,48.22],[-89.223,48.214],[-89.222,48.21],[-89.232,48.208],[-89.235,48.208],[-89.24,48.205],[-89.243,48.206],[-89.244,48.209],[-89.249,48.21],[-89.249,48.213],[-89.246,48.217],[-89.243,48.219],[-89.241,48.222],[-89.236,48.227],[-89.231,48.225]]],[[[-89.07,48.273],[-89.067,48.27],[-89.062,48.268],[-89.056,48.266],[-89.052,48.267],[-89.05,48.266],[-89.05,48.262],[-89.052,48.258],[-89.047,48.251],[-89.043,48.249],[-89.037,48.249],[-89.03,48.25],[-89.027,48.247],[-89.037,48.243],[-89.038,48.239],[-89.044,48.235],[-89.056,48.229],[-89.071,48.224],[-89.072,48.224],[-89.084,48.219],[-89.086,48.219],[-89.103,48.213],[-89.108,48.212],[-89.117,48.208],[-89.121,48.207],[-89.122,48.211],[-89.118,48.218],[-89.116,48.221],[-89.118,48.222],[-89.122,48.221],[-89.128,48.222],[-89.135,48.22],[-89.135,48.222],[-89.141,48.225],[-89.146,48.223],[-89.152,48.22],[-89.158,48.214],[-89.161,48.212],[-89.164,48.213],[-89.166,48.218],[-89.169,48.221],[-89.174,48.223],[-89.172,48.225],[-89.173,48.228],[-89.174,48.234],[-89.167,48.242],[-89.162,48.246],[-89.153,48.252],[-89.143,48.258],[-89.139,48.259],[-89.132,48.261],[-89.12,48.268],[-89.117,48.269],[-89.115,48.268],[-89.11,48.267],[-89.104,48.266],[-89.091,48.269],[-89.082,48.272],[-89.075,48.273],[-89.07,48.273]]],[[[-89.211,48.376],[-89.212,48.373],[-89.214,48.371],[-89.216,48.364],[-89.213,48.361],[-89.215,48.359],[-89.219,48.357],[-89.224,48.358],[-89.23,48.362],[-89.232,48.367],[-89.238,48.37],[-89.248,48.37],[-89.247,48.373],[-89.243,48.377],[-89.224,48.376],[-89.211,48.376]]],[[[-89.215,48.391],[-89.212,48.383],[-89.209,48.38],[-89.21,48.378],[-89.223,48.377],[-89.237,48.378],[-89.242,48.378],[-89.24,48.382],[-89.235,48.385],[-89.226,48.389],[-89.216,48.391],[-89.215,48.391]]],[[[-88.587,48.422],[-88.591,48.417],[-88.59,48.414],[-88.593,48.411],[-88.591,48.408],[-88.594,48.406],[-88.595,48.403],[-88.6,48.399],[-88.605,48.398],[-88.602,48.394],[-88.604,48.392],[-88.604,48.388],[-88.605,48.382],[-88.609,48.379],[-88.617,48.374],[-88.621,48.373],[-88.624,48.37],[-88.63,48.367],[-88.635,48.364],[-88.64,48.357],[-88.646,48.356],[-88.651,48.359],[-88.652,48.361],[-88.651,48.363],[-88.644,48.362],[-88.64,48.371],[-88.638,48.374],[-88.64,48.375],[-88.647,48.373],[-88.648,48.371],[-88.655,48.368],[-88.653,48.373],[-88.653,48.375],[-88.65,48.38],[-88.646,48.382],[-88.644,48.386],[-88.64,48.39],[-88.646,48.389],[-88.654,48.391],[-88.653,48.396],[-88.651,48.399],[-88.646,48.404],[-88.643,48.404],[-88.638,48.406],[-88.631,48.409],[-88.626,48.408],[-88.622,48.41],[-88.612,48.409],[-88.609,48.412],[-88.603,48.415],[-88.596,48.415],[-88.592,48.417],[-88.591,48.42],[-88.587,48.422]]],[[[-88.329,48.546],[-88.327,48.545],[-88.327,48.54],[-88.331,48.535],[-88.33,48.534],[-88.333,48.53],[-88.337,48.528],[-88.34,48.529],[-88.345,48.526],[-88.351,48.529],[-88.356,48.529],[-88.362,48.527],[-88.363,48.528],[-88.354,48.536],[-88.345,48.541],[-88.341,48.542],[-88.334,48.546],[-88.329,48.546]]],[[[-88.295,48.558],[-88.289,48.553],[-88.286,48.554],[-88.282,48.552],[-88.286,48.548],[-88.283,48.546],[-88.286,48.543],[-88.287,48.539],[-88.292,48.532],[-88.3,48.526],[-88.307,48.527],[-88.307,48.532],[-88.304,48.541],[-88.305,48.543],[-88.302,48.545],[-88.303,48.548],[-88.3,48.557],[-88.295,48.558]]],[[[-88.179,48.619],[-88.173,48.619],[-88.162,48.616],[-88.157,48.616],[-88.155,48.612],[-88.158,48.607],[-88.162,48.605],[-88.175,48.608],[-88.179,48.61],[-88.179,48.614],[-88.179,48.619]]],[[[-88.082,48.698],[-88.075,48.697],[-88.074,48.695],[-88.069,48.694],[-88.065,48.691],[-88.059,48.688],[-88.059,48.682],[-88.057,48.678],[-88.061,48.675],[-88.069,48.676],[-88.069,48.673],[-88.074,48.672],[-88.077,48.671],[-88.08,48.671],[-88.08,48.67],[-88.083,48.667],[-88.081,48.662],[-88.083,48.658],[-88.088,48.655],[-88.098,48.653],[-88.095,48.65],[-88.097,48.647],[-88.1,48.641],[-88.105,48.643],[-88.107,48.642],[-88.111,48.635],[-88.114,48.634],[-88.119,48.636],[-88.121,48.639],[-88.12,48.644],[-88.124,48.647],[-88.124,48.649],[-88.116,48.662],[-88.109,48.665],[-88.103,48.667],[-88.102,48.669],[-88.099,48.671],[-88.095,48.676],[-88.089,48.674],[-88.087,48.676],[-88.092,48.68],[-88.097,48.681],[-88.1,48.684],[-88.097,48.688],[-88.099,48.689],[-88.095,48.692],[-88.097,48.694],[-88.096,48.696],[-88.091,48.7],[-88.086,48.702],[-88.082,48.698]]],[[[-86.995,48.677],[-86.991,48.674],[-86.984,48.673],[-86.975,48.672],[-86.971,48.668],[-86.967,48.666],[-86.962,48.666],[-86.958,48.66],[-86.959,48.654],[-86.956,48.653],[-86.955,48.649],[-86.956,48.646],[-86.959,48.643],[-86.958,48.639],[-86.956,48.637],[-86.959,48.632],[-86.968,48.632],[-86.972,48.626],[-86.975,48.625],[-86.982,48.625],[-86.983,48.622],[-86.986,48.62],[-86.994,48.621],[-87.004,48.62],[-87.003,48.622],[-86.999,48.622],[-86.995,48.624],[-86.997,48.626],[-86.99,48.628],[-86.989,48.633],[-86.998,48.63],[-87.002,48.626],[-87.011,48.629],[-87.016,48.628],[-87.02,48.625],[-87.024,48.624],[-87.029,48.627],[-87.029,48.63],[-87.034,48.63],[-87.035,48.634],[-87.037,48.636],[-87.04,48.634],[-87.038,48.631],[-87.045,48.63],[-87.048,48.631],[-87.051,48.634],[-87.057,48.641],[-87.059,48.651],[-87.055,48.653],[-87.054,48.655],[-87.05,48.655],[-87.044,48.656],[-87.041,48.657],[-87.037,48.657],[-87.022,48.665],[-87.02,48.664],[-87.025,48.658],[-87.032,48.654],[-87.033,48.652],[-87.028,48.65],[-87.024,48.652],[-87.021,48.658],[-87.017,48.662],[-87.011,48.665],[-87.007,48.662],[-87.007,48.661],[-87.015,48.657],[-87.014,48.656],[-87.007,48.659],[-86.998,48.664],[-86.988,48.668],[-86.991,48.671],[-86.994,48.671],[-86.996,48.673],[-86.995,48.677]]],[[[-87,48.692],[-86.994,48.689],[-86.995,48.686],[-86.987,48.681],[-86.987,48.678],[-86.992,48.679],[-86.997,48.679],[-87.006,48.68],[-87.015,48.679],[-87.019,48.68],[-87.026,48.683],[-87.026,48.686],[-87.032,48.684],[-87.029,48.68],[-87.029,48.679],[-87.033,48.675],[-87.051,48.669],[-87.056,48.667],[-87.059,48.668],[-87.066,48.667],[-87.066,48.666],[-87.074,48.665],[-87.076,48.669],[-87.074,48.672],[-87.07,48.673],[-87.068,48.676],[-87.068,48.681],[-87.064,48.682],[-87.059,48.682],[-87.056,48.684],[-87.048,48.683],[-87.043,48.681],[-87.035,48.682],[-87.032,48.688],[-87.021,48.691],[-87.019,48.689],[-87.014,48.691],[-87.002,48.69],[-87,48.692]]],[[[-86.635,48.723],[-86.632,48.722],[-86.627,48.718],[-86.617,48.721],[-86.611,48.719],[-86.609,48.714],[-86.604,48.713],[-86.598,48.71],[-86.6,48.708],[-86.592,48.7],[-86.594,48.696],[-86.591,48.693],[-86.591,48.69],[-86.595,48.688],[-86.596,48.691],[-86.599,48.693],[-86.603,48.692],[-86.607,48.694],[-86.61,48.694],[-86.615,48.698],[-86.617,48.705],[-86.624,48.7],[-86.629,48.694],[-86.635,48.693],[-86.635,48.691],[-86.639,48.69],[-86.645,48.692],[-86.654,48.697],[-86.655,48.701],[-86.654,48.707],[-86.656,48.71],[-86.655,48.713],[-86.647,48.709],[-86.645,48.705],[-86.641,48.706],[-86.641,48.709],[-86.637,48.71],[-86.635,48.713],[-86.639,48.717],[-86.639,48.719],[-86.635,48.723]]],[[[-87.402,48.78],[-87.398,48.78],[-87.391,48.778],[-87.386,48.775],[-87.377,48.771],[-87.374,48.765],[-87.371,48.767],[-87.363,48.765],[-87.362,48.763],[-87.353,48.759],[-87.351,48.757],[-87.356,48.755],[-87.367,48.755],[-87.371,48.756],[-87.373,48.759],[-87.382,48.758],[-87.385,48.756],[-87.388,48.756],[-87.394,48.754],[-87.399,48.756],[-87.399,48.759],[-87.4,48.762],[-87.411,48.763],[-87.417,48.764],[-87.422,48.765],[-87.425,48.767],[-87.439,48.771],[-87.441,48.772],[-87.434,48.776],[-87.434,48.778],[-87.427,48.778],[-87.422,48.78],[-87.417,48.78],[-87.402,48.78]]],[[[-87.516,48.798],[-87.507,48.798],[-87.511,48.794],[-87.505,48.793],[-87.498,48.793],[-87.501,48.796],[-87.505,48.798],[-87.487,48.797],[-87.485,48.796],[-87.461,48.791],[-87.451,48.787],[-87.449,48.784],[-87.45,48.782],[-87.446,48.78],[-87.447,48.777],[-87.444,48.775],[-87.448,48.769],[-87.449,48.762],[-87.452,48.76],[-87.46,48.758],[-87.456,48.755],[-87.461,48.753],[-87.464,48.755],[-87.461,48.757],[-87.469,48.758],[-87.471,48.755],[-87.475,48.755],[-87.493,48.757],[-87.496,48.759],[-87.49,48.762],[-87.486,48.763],[-87.487,48.765],[-87.491,48.763],[-87.496,48.763],[-87.503,48.763],[-87.504,48.768],[-87.509,48.773],[-87.512,48.779],[-87.512,48.781],[-87.52,48.785],[-87.521,48.787],[-87.518,48.79],[-87.518,48.791],[-87.523,48.791],[-87.525,48.795],[-87.525,48.797],[-87.521,48.799],[-87.516,48.798]]],[[[-87.585,48.807],[-87.581,48.808],[-87.578,48.806],[-87.576,48.802],[-87.573,48.799],[-87.569,48.797],[-87.569,48.802],[-87.566,48.804],[-87.555,48.8],[-87.548,48.796],[-87.55,48.794],[-87.547,48.792],[-87.545,48.79],[-87.541,48.788],[-87.54,48.785],[-87.536,48.78],[-87.539,48.778],[-87.545,48.777],[-87.552,48.779],[-87.555,48.785],[-87.56,48.788],[-87.563,48.786],[-87.559,48.78],[-87.562,48.778],[-87.558,48.774],[-87.562,48.773],[-87.567,48.774],[-87.57,48.773],[-87.576,48.774],[-87.58,48.773],[-87.584,48.775],[-87.585,48.777],[-87.581,48.778],[-87.581,48.78],[-87.589,48.781],[-87.594,48.783],[-87.594,48.785],[-87.588,48.788],[-87.592,48.789],[-87.593,48.791],[-87.598,48.793],[-87.595,48.795],[-87.599,48.797],[-87.597,48.799],[-87.598,48.804],[-87.593,48.807],[-87.59,48.806],[-87.585,48.807]]],[[[-87.49,48.813],[-87.481,48.809],[-87.478,48.806],[-87.475,48.803],[-87.47,48.802],[-87.467,48.797],[-87.47,48.797],[-87.478,48.799],[-87.496,48.801],[-87.503,48.802],[-87.508,48.802],[-87.509,48.804],[-87.502,48.808],[-87.502,48.809],[-87.497,48.811],[-87.49,48.813]]],[[[-87.7,48.843],[-87.694,48.842],[-87.685,48.838],[-87.683,48.834],[-87.678,48.83],[-87.678,48.827],[-87.675,48.824],[-87.667,48.819],[-87.665,48.817],[-87.662,48.816],[-87.663,48.807],[-87.664,48.805],[-87.662,48.801],[-87.655,48.796],[-87.656,48.793],[-87.653,48.788],[-87.648,48.789],[-87.646,48.788],[-87.641,48.788],[-87.635,48.787],[-87.633,48.783],[-87.629,48.78],[-87.628,48.776],[-87.622,48.772],[-87.619,48.767],[-87.618,48.764],[-87.613,48.761],[-87.607,48.759],[-87.602,48.755],[-87.596,48.752],[-87.595,48.748],[-87.608,48.747],[-87.614,48.751],[-87.62,48.752],[-87.623,48.755],[-87.628,48.754],[-87.624,48.752],[-87.618,48.75],[-87.619,48.747],[-87.624,48.745],[-87.63,48.745],[-87.639,48.746],[-87.648,48.745],[-87.653,48.741],[-87.658,48.742],[-87.664,48.742],[-87.669,48.739],[-87.673,48.74],[-87.683,48.741],[-87.686,48.738],[-87.693,48.738],[-87.695,48.737],[-87.701,48.738],[-87.705,48.74],[-87.704,48.742],[-87.708,48.744],[-87.713,48.745],[-87.713,48.748],[-87.722,48.75],[-87.723,48.752],[-87.727,48.752],[-87.727,48.75],[-87.725,48.747],[-87.73,48.746],[-87.733,48.749],[-87.741,48.751],[-87.743,48.753],[-87.747,48.756],[-87.744,48.759],[-87.74,48.761],[-87.733,48.761],[-87.732,48.764],[-87.727,48.765],[-87.722,48.768],[-87.723,48.772],[-87.717,48.773],[-87.712,48.775],[-87.716,48.777],[-87.724,48.778],[-87.729,48.782],[-87.73,48.785],[-87.727,48.788],[-87.732,48.789],[-87.738,48.793],[-87.738,48.799],[-87.742,48.8],[-87.744,48.804],[-87.742,48.805],[-87.747,48.808],[-87.748,48.81],[-87.746,48.816],[-87.747,48.818],[-87.745,48.823],[-87.747,48.829],[-87.746,48.834],[-87.729,48.84],[-87.721,48.841],[-87.717,48.842],[-87.706,48.844],[-87.7,48.843]]],[[[-87.925,48.858],[-87.921,48.857],[-87.905,48.855],[-87.897,48.854],[-87.888,48.852],[-87.877,48.852],[-87.874,48.853],[-87.86,48.852],[-87.847,48.852],[-87.825,48.851],[-87.817,48.849],[-87.806,48.848],[-87.8,48.847],[-87.796,48.845],[-87.791,48.845],[-87.778,48.841],[-87.771,48.837],[-87.763,48.838],[-87.758,48.837],[-87.754,48.834],[-87.754,48.828],[-87.752,48.825],[-87.76,48.824],[-87.758,48.822],[-87.759,48.819],[-87.764,48.819],[-87.764,48.816],[-87.759,48.812],[-87.759,48.81],[-87.762,48.81],[-87.762,48.807],[-87.762,48.799],[-87.755,48.793],[-87.756,48.791],[-87.754,48.789],[-87.756,48.787],[-87.754,48.783],[-87.759,48.781],[-87.759,48.775],[-87.762,48.775],[-87.769,48.774],[-87.773,48.774],[-87.782,48.774],[-87.786,48.777],[-87.791,48.782],[-87.798,48.786],[-87.8,48.789],[-87.803,48.792],[-87.807,48.79],[-87.807,48.786],[-87.801,48.784],[-87.802,48.781],[-87.799,48.777],[-87.8,48.775],[-87.797,48.774],[-87.797,48.771],[-87.799,48.77],[-87.807,48.77],[-87.805,48.768],[-87.8,48.768],[-87.801,48.766],[-87.798,48.764],[-87.791,48.758],[-87.793,48.756],[-87.801,48.748],[-87.804,48.75],[-87.805,48.745],[-87.81,48.744],[-87.818,48.746],[-87.821,48.743],[-87.816,48.742],[-87.819,48.739],[-87.822,48.74],[-87.827,48.74],[-87.835,48.743],[-87.839,48.742],[-87.84,48.745],[-87.845,48.745],[-87.848,48.746],[-87.849,48.748],[-87.853,48.748],[-87.854,48.755],[-87.859,48.755],[-87.864,48.757],[-87.868,48.757],[-87.872,48.758],[-87.877,48.759],[-87.884,48.761],[-87.896,48.761],[-87.9,48.763],[-87.906,48.761],[-87.91,48.76],[-87.915,48.758],[-87.916,48.757],[-87.923,48.758],[-87.935,48.757],[-87.941,48.753],[-87.953,48.749],[-87.959,48.747],[-87.962,48.751],[-87.965,48.754],[-87.971,48.751],[-87.976,48.75],[-87.975,48.748],[-87.978,48.746],[-87.977,48.743],[-87.98,48.739],[-87.978,48.737],[-87.987,48.737],[-87.99,48.738],[-88,48.737],[-88.005,48.734],[-88.006,48.731],[-88.009,48.73],[-88.006,48.727],[-88.009,48.724],[-88.013,48.723],[-88.02,48.722],[-88.02,48.719],[-88.016,48.715],[-88.008,48.71],[-88.008,48.704],[-88.01,48.702],[-88.011,48.698],[-88.008,48.697],[-88.011,48.694],[-88.011,48.689],[-88.016,48.688],[-88.02,48.69],[-88.021,48.692],[-88.025,48.692],[-88.029,48.69],[-88.034,48.689],[-88.038,48.69],[-88.043,48.688],[-88.047,48.692],[-88.054,48.694],[-88.059,48.695],[-88.07,48.703],[-88.064,48.707],[-88.066,48.711],[-88.069,48.713],[-88.068,48.715],[-88.069,48.718],[-88.073,48.721],[-88.071,48.723],[-88.072,48.725],[-88.079,48.729],[-88.081,48.733],[-88.085,48.735],[-88.084,48.737],[-88.085,48.741],[-88.081,48.745],[-88.082,48.746],[-88.082,48.751],[-88.081,48.754],[-88.082,48.757],[-88.079,48.762],[-88.079,48.765],[-88.076,48.77],[-88.073,48.773],[-88.075,48.777],[-88.077,48.779],[-88.077,48.785],[-88.079,48.785],[-88.083,48.792],[-88.086,48.795],[-88.09,48.8],[-88.089,48.806],[-88.084,48.809],[-88.082,48.813],[-88.076,48.816],[-88.071,48.819],[-88.069,48.822],[-88.066,48.822],[-88.062,48.823],[-88.061,48.825],[-88.052,48.828],[-88.051,48.826],[-88.047,48.826],[-88.043,48.828],[-88.04,48.831],[-88.037,48.831],[-88.03,48.832],[-88.023,48.836],[-88.011,48.84],[-88.004,48.845],[-87.998,48.847],[-87.985,48.855],[-87.981,48.856],[-87.972,48.855],[-87.957,48.857],[-87.946,48.858],[-87.932,48.859],[-87.929,48.861],[-87.925,48.858]]],[[[-88.127,48.934],[-88.124,48.933],[-88.123,48.928],[-88.12,48.927],[-88.118,48.922],[-88.114,48.922],[-88.116,48.919],[-88.122,48.919],[-88.12,48.914],[-88.123,48.912],[-88.129,48.912],[-88.135,48.913],[-88.138,48.917],[-88.142,48.917],[-88.152,48.919],[-88.162,48.928],[-88.159,48.933],[-88.153,48.935],[-88.143,48.935],[-88.127,48.934]]],[[[-88.056,48.948],[-88.036,48.943],[-88.03,48.939],[-88.026,48.935],[-88.024,48.929],[-88.027,48.928],[-88.025,48.926],[-88.024,48.922],[-88.022,48.919],[-88.022,48.915],[-88.016,48.91],[-88.018,48.906],[-88.013,48.9],[-88.018,48.9],[-88.018,48.892],[-88.023,48.895],[-88.032,48.897],[-88.03,48.901],[-88.033,48.903],[-88.042,48.902],[-88.052,48.908],[-88.055,48.913],[-88.061,48.918],[-88.067,48.919],[-88.071,48.92],[-88.072,48.923],[-88.077,48.923],[-88.08,48.92],[-88.096,48.925],[-88.1,48.933],[-88.094,48.936],[-88.091,48.939],[-88.085,48.938],[-88.08,48.94],[-88.079,48.946],[-88.068,48.948],[-88.056,48.948]]],[[[-86.998,55.918],[-86.998,55.719],[-86.998,55.709],[-86.996,54.992],[-86.549,54.999],[-86.55,54.893],[-86.55,54.827],[-86.55,54.717],[-86.551,54.5],[-86.551,54.402],[-86.552,54.332],[-86.552,54.25],[-86.552,54.076],[-86.552,54.019],[-86.553,53.934],[-86.553,53.75],[-86.553,53.5],[-86.553,53.348],[-86.553,53.25],[-86.553,53.179],[-86.553,53.09],[-86.552,53.011],[-86.552,52.993],[-86.556,52.75],[-86.56,52.5],[-86.56,52.496],[-86.558,52.338],[-86.557,52.25],[-86.555,52.146],[-86.554,52],[-86.551,51.75],[-86.549,51.623],[-86.548,51.52],[-86.548,51.414],[-86.548,51.377],[-86.548,51.284],[-86.548,51.25],[-86.548,51.152],[-86.548,51.047],[-86.548,50.946],[-86.548,50.888],[-86.548,50.808],[-86.548,50.752],[-86.548,50.661],[-86.548,50.619],[-86.548,50.522],[-86.548,50.453],[-86.548,50.434],[-86.548,50.432],[-86.548,50.395],[-86.549,50.312],[-86.549,50.249],[-86.549,50.241],[-86.549,50.233],[-86.549,50.169],[-86.548,50.133],[-86.549,50.1],[-86.549,50.071],[-86.549,50.063],[-86.549,50.033],[-86.549,49.97],[-86.515,49.97],[-86.421,49.97],[-86.324,49.971],[-86.272,49.97],[-86.157,49.969],[-86.054,49.969],[-85.926,49.97],[-85.772,49.971],[-85.635,49.971],[-85.492,49.97],[-85.333,49.97],[-85.333,49.907],[-85.332,49.81],[-85.332,49.761],[-85.332,49.71],[-85.333,49.693],[-85.333,49.681],[-85.333,49.572],[-85.333,49.534],[-85.331,49.489],[-85.331,49.483],[-85.332,49.459],[-85.332,49.398],[-85.332,49.345],[-85.332,49.263],[-85.332,49.226],[-85.332,49.17],[-85.332,49.103],[-85.333,49.055],[-85.333,49.025],[-85.333,48.946],[-85.333,48.887],[-85.333,48.879],[-85.332,48.822],[-85.331,48.764],[-85.332,48.702],[-85.332,48.641],[-85.333,48.579],[-85.334,48.539],[-85.334,48.499],[-85.333,48.427],[-85.333,48.388],[-85.332,48.309],[-85.332,48.228],[-85.334,48.189],[-85.332,48.115],[-85.331,48.036],[-85.33,47.996],[-85.33,47.949],[-85.335,47.947],[-85.341,47.944],[-85.345,47.943],[-85.354,47.939],[-85.361,47.938],[-85.367,47.935],[-85.376,47.931],[-85.375,47.929],[-85.378,47.926],[-85.381,47.926],[-85.382,47.923],[-85.394,47.922],[-85.399,47.923],[-85.406,47.925],[-85.413,47.926],[-85.416,47.924],[-85.42,47.925],[-85.425,47.924],[-85.428,47.925],[-85.43,47.922],[-85.434,47.925],[-85.44,47.925],[-85.446,47.922],[-85.449,47.922],[-85.452,47.92],[-85.46,47.919],[-85.461,47.918],[-85.47,47.92],[-85.474,47.917],[-85.478,47.919],[-85.485,47.918],[-85.492,47.92],[-85.496,47.919],[-85.498,47.92],[-85.507,47.92],[-85.517,47.918],[-85.523,47.919],[-85.53,47.917],[-85.536,47.921],[-85.542,47.921],[-85.546,47.918],[-85.548,47.919],[-85.56,47.918],[-85.569,47.918],[-85.572,47.919],[-85.591,47.921],[-85.594,47.92],[-85.605,47.923],[-85.61,47.921],[-85.62,47.924],[-85.622,47.922],[-85.631,47.923],[-85.636,47.92],[-85.644,47.924],[-85.648,47.924],[-85.651,47.922],[-85.656,47.925],[-85.661,47.923],[-85.664,47.923],[-85.672,47.928],[-85.675,47.928],[-85.678,47.926],[-85.683,47.926],[-85.693,47.928],[-85.699,47.931],[-85.703,47.929],[-85.707,47.932],[-85.712,47.931],[-85.717,47.933],[-85.715,47.934],[-85.721,47.936],[-85.727,47.935],[-85.734,47.94],[-85.736,47.939],[-85.733,47.936],[-85.737,47.935],[-85.741,47.937],[-85.748,47.939],[-85.75,47.941],[-85.756,47.942],[-85.761,47.94],[-85.773,47.945],[-85.777,47.944],[-85.778,47.945],[-85.787,47.947],[-85.795,47.949],[-85.797,47.951],[-85.801,47.951],[-85.809,47.956],[-85.812,47.955],[-85.813,47.958],[-85.819,47.96],[-85.823,47.961],[-85.83,47.964],[-85.834,47.965],[-85.837,47.968],[-85.843,47.969],[-85.847,47.974],[-85.85,47.975],[-85.855,47.975],[-85.855,47.979],[-85.859,47.979],[-85.871,47.982],[-85.878,47.987],[-85.883,47.988],[-85.884,47.994],[-85.892,47.995],[-85.894,47.998],[-85.892,47.999],[-85.894,48.006],[-85.899,48.009],[-85.907,48.009],[-85.909,48.011],[-85.905,48.012],[-85.904,48.015],[-85.906,48.017],[-85.905,48.02],[-85.909,48.022],[-85.91,48.025],[-85.914,48.027],[-85.917,48.028],[-85.919,48.025],[-85.923,48.025],[-85.929,48.024],[-85.926,48.021],[-85.935,48.022],[-85.938,48.021],[-85.944,48.023],[-85.944,48.027],[-85.938,48.028],[-85.938,48.029],[-85.943,48.033],[-85.946,48.039],[-85.94,48.04],[-85.931,48.036],[-85.929,48.038],[-85.93,48.043],[-85.934,48.042],[-85.94,48.042],[-85.949,48.045],[-85.95,48.047],[-85.958,48.05],[-85.96,48.052],[-85.963,48.06],[-85.967,48.061],[-85.971,48.059],[-85.979,48.066],[-85.993,48.071],[-86.001,48.071],[-86.006,48.074],[-86.012,48.075],[-86.015,48.076],[-86.02,48.077],[-86.026,48.081],[-86.025,48.083],[-86.02,48.079],[-86.017,48.079],[-86.02,48.083],[-86.023,48.084],[-86.025,48.086],[-86.03,48.088],[-86.03,48.09],[-86.016,48.09],[-86.007,48.089],[-85.994,48.084],[-85.989,48.083],[-85.987,48.081],[-85.984,48.082],[-85.991,48.086],[-86.003,48.09],[-86.011,48.093],[-86.013,48.094],[-86.017,48.096],[-86.021,48.1],[-86.029,48.103],[-86.035,48.109],[-86.035,48.111],[-86.039,48.113],[-86.036,48.115],[-86.043,48.122],[-86.045,48.126],[-86.044,48.129],[-86.048,48.134],[-86.052,48.133],[-86.058,48.137],[-86.059,48.14],[-86.063,48.142],[-86.067,48.145],[-86.065,48.147],[-86.068,48.149],[-86.07,48.152],[-86.076,48.154],[-86.084,48.161],[-86.083,48.164],[-86.076,48.16],[-86.076,48.162],[-86.084,48.167],[-86.085,48.171],[-86.084,48.175],[-86.089,48.176],[-86.092,48.178],[-86.091,48.18],[-86.096,48.183],[-86.101,48.183],[-86.102,48.185],[-86.1,48.189],[-86.102,48.192],[-86.107,48.194],[-86.108,48.196],[-86.112,48.199],[-86.112,48.201],[-86.105,48.203],[-86.103,48.202],[-86.098,48.203],[-86.1,48.206],[-86.103,48.206],[-86.107,48.209],[-86.107,48.211],[-86.112,48.209],[-86.117,48.213],[-86.112,48.217],[-86.117,48.218],[-86.116,48.22],[-86.12,48.221],[-86.126,48.227],[-86.132,48.231],[-86.125,48.231],[-86.125,48.234],[-86.132,48.236],[-86.13,48.239],[-86.135,48.24],[-86.14,48.241],[-86.145,48.245],[-86.145,48.248],[-86.139,48.25],[-86.137,48.252],[-86.136,48.254],[-86.14,48.255],[-86.14,48.262],[-86.137,48.263],[-86.13,48.259],[-86.131,48.263],[-86.134,48.265],[-86.14,48.271],[-86.145,48.271],[-86.15,48.273],[-86.152,48.278],[-86.146,48.28],[-86.153,48.287],[-86.151,48.288],[-86.152,48.293],[-86.155,48.294],[-86.159,48.298],[-86.157,48.3],[-86.162,48.307],[-86.166,48.308],[-86.171,48.311],[-86.169,48.315],[-86.173,48.316],[-86.175,48.322],[-86.177,48.323],[-86.179,48.327],[-86.177,48.33],[-86.179,48.332],[-86.183,48.333],[-86.185,48.339],[-86.189,48.343],[-86.187,48.344],[-86.189,48.347],[-86.19,48.351],[-86.189,48.354],[-86.19,48.357],[-86.188,48.359],[-86.181,48.357],[-86.178,48.36],[-86.188,48.362],[-86.19,48.364],[-86.195,48.369],[-86.196,48.373],[-86.194,48.376],[-86.201,48.377],[-86.204,48.378],[-86.192,48.382],[-86.191,48.385],[-86.186,48.387],[-86.186,48.391],[-86.182,48.392],[-86.182,48.394],[-86.185,48.397],[-86.198,48.4],[-86.203,48.402],[-86.207,48.401],[-86.209,48.397],[-86.215,48.402],[-86.211,48.402],[-86.213,48.405],[-86.219,48.407],[-86.222,48.41],[-86.226,48.41],[-86.229,48.412],[-86.227,48.413],[-86.229,48.418],[-86.226,48.42],[-86.233,48.421],[-86.235,48.427],[-86.229,48.426],[-86.222,48.426],[-86.22,48.43],[-86.222,48.432],[-86.228,48.432],[-86.229,48.434],[-86.225,48.438],[-86.232,48.441],[-86.233,48.443],[-86.233,48.448],[-86.234,48.45],[-86.231,48.455],[-86.231,48.459],[-86.237,48.464],[-86.233,48.465],[-86.233,48.469],[-86.24,48.472],[-86.241,48.475],[-86.243,48.478],[-86.243,48.481],[-86.248,48.481],[-86.247,48.485],[-86.244,48.486],[-86.25,48.488],[-86.25,48.491],[-86.249,48.494],[-86.253,48.498],[-86.251,48.5],[-86.244,48.499],[-86.248,48.504],[-86.248,48.505],[-86.251,48.509],[-86.25,48.511],[-86.258,48.515],[-86.256,48.517],[-86.259,48.519],[-86.262,48.524],[-86.261,48.528],[-86.262,48.532],[-86.261,48.536],[-86.269,48.539],[-86.267,48.539],[-86.269,48.547],[-86.272,48.549],[-86.275,48.556],[-86.275,48.558],[-86.272,48.561],[-86.269,48.56],[-86.267,48.563],[-86.269,48.566],[-86.272,48.566],[-86.272,48.571],[-86.282,48.57],[-86.282,48.572],[-86.279,48.576],[-86.273,48.576],[-86.269,48.578],[-86.253,48.577],[-86.252,48.579],[-86.262,48.579],[-86.272,48.581],[-86.278,48.58],[-86.289,48.581],[-86.297,48.579],[-86.298,48.581],[-86.292,48.582],[-86.291,48.584],[-86.283,48.585],[-86.285,48.589],[-86.281,48.59],[-86.276,48.589],[-86.273,48.592],[-86.278,48.593],[-86.281,48.592],[-86.287,48.592],[-86.295,48.587],[-86.3,48.592],[-86.302,48.596],[-86.302,48.601],[-86.305,48.602],[-86.316,48.609],[-86.319,48.609],[-86.324,48.609],[-86.329,48.61],[-86.338,48.612],[-86.34,48.614],[-86.331,48.615],[-86.331,48.619],[-86.339,48.618],[-86.341,48.621],[-86.337,48.623],[-86.333,48.622],[-86.33,48.624],[-86.316,48.625],[-86.318,48.628],[-86.322,48.629],[-86.327,48.632],[-86.332,48.632],[-86.326,48.639],[-86.321,48.641],[-86.308,48.643],[-86.309,48.646],[-86.31,48.647],[-86.306,48.652],[-86.315,48.65],[-86.318,48.652],[-86.324,48.649],[-86.333,48.648],[-86.334,48.647],[-86.346,48.645],[-86.35,48.648],[-86.354,48.651],[-86.342,48.653],[-86.345,48.655],[-86.352,48.655],[-86.353,48.657],[-86.359,48.662],[-86.358,48.664],[-86.361,48.664],[-86.362,48.67],[-86.36,48.671],[-86.363,48.674],[-86.366,48.679],[-86.373,48.683],[-86.373,48.685],[-86.377,48.687],[-86.375,48.688],[-86.38,48.692],[-86.381,48.696],[-86.38,48.7],[-86.384,48.704],[-86.393,48.711],[-86.396,48.713],[-86.403,48.713],[-86.408,48.713],[-86.409,48.715],[-86.408,48.72],[-86.405,48.722],[-86.4,48.723],[-86.392,48.719],[-86.388,48.721],[-86.385,48.725],[-86.388,48.73],[-86.387,48.736],[-86.389,48.736],[-86.391,48.74],[-86.394,48.741],[-86.397,48.747],[-86.404,48.752],[-86.409,48.747],[-86.411,48.752],[-86.418,48.749],[-86.423,48.746],[-86.423,48.741],[-86.426,48.738],[-86.429,48.738],[-86.433,48.735],[-86.435,48.737],[-86.439,48.738],[-86.443,48.735],[-86.447,48.736],[-86.447,48.738],[-86.442,48.742],[-86.436,48.744],[-86.429,48.745],[-86.426,48.748],[-86.429,48.753],[-86.423,48.755],[-86.419,48.755],[-86.419,48.759],[-86.426,48.759],[-86.428,48.767],[-86.428,48.774],[-86.435,48.775],[-86.437,48.773],[-86.433,48.766],[-86.437,48.764],[-86.442,48.768],[-86.447,48.771],[-86.45,48.768],[-86.455,48.767],[-86.457,48.764],[-86.46,48.764],[-86.463,48.766],[-86.468,48.767],[-86.469,48.763],[-86.475,48.759],[-86.48,48.758],[-86.484,48.76],[-86.485,48.764],[-86.483,48.77],[-86.486,48.772],[-86.49,48.771],[-86.495,48.766],[-86.503,48.761],[-86.505,48.76],[-86.508,48.761],[-86.51,48.759],[-86.511,48.756],[-86.514,48.754],[-86.52,48.751],[-86.521,48.749],[-86.529,48.749],[-86.53,48.752],[-86.533,48.755],[-86.533,48.758],[-86.538,48.759],[-86.537,48.757],[-86.535,48.755],[-86.534,48.751],[-86.537,48.749],[-86.539,48.749],[-86.542,48.746],[-86.543,48.741],[-86.538,48.739],[-86.538,48.736],[-86.543,48.734],[-86.538,48.731],[-86.539,48.727],[-86.542,48.725],[-86.546,48.726],[-86.544,48.728],[-86.55,48.731],[-86.557,48.728],[-86.573,48.73],[-86.584,48.728],[-86.588,48.733],[-86.592,48.733],[-86.598,48.732],[-86.604,48.732],[-86.606,48.733],[-86.612,48.733],[-86.622,48.731],[-86.626,48.732],[-86.636,48.73],[-86.638,48.735],[-86.638,48.742],[-86.633,48.744],[-86.632,48.75],[-86.629,48.753],[-86.627,48.752],[-86.618,48.754],[-86.616,48.757],[-86.619,48.762],[-86.617,48.767],[-86.619,48.769],[-86.619,48.774],[-86.616,48.775],[-86.615,48.78],[-86.617,48.782],[-86.623,48.784],[-86.631,48.79],[-86.636,48.791],[-86.642,48.789],[-86.647,48.788],[-86.649,48.786],[-86.66,48.789],[-86.67,48.791],[-86.677,48.79],[-86.683,48.79],[-86.69,48.791],[-86.692,48.792],[-86.69,48.796],[-86.688,48.8],[-86.696,48.802],[-86.7,48.805],[-86.698,48.808],[-86.705,48.811],[-86.706,48.808],[-86.705,48.804],[-86.707,48.803],[-86.715,48.802],[-86.719,48.801],[-86.726,48.801],[-86.729,48.796],[-86.725,48.796],[-86.723,48.794],[-86.727,48.791],[-86.733,48.788],[-86.738,48.79],[-86.74,48.792],[-86.743,48.786],[-86.75,48.781],[-86.758,48.78],[-86.762,48.776],[-86.765,48.776],[-86.766,48.779],[-86.773,48.778],[-86.775,48.782],[-86.781,48.783],[-86.785,48.78],[-86.793,48.78],[-86.795,48.781],[-86.798,48.778],[-86.796,48.776],[-86.798,48.772],[-86.802,48.771],[-86.804,48.767],[-86.807,48.766],[-86.815,48.763],[-86.816,48.761],[-86.82,48.759],[-86.823,48.756],[-86.827,48.754],[-86.829,48.754],[-86.84,48.753],[-86.848,48.749],[-86.853,48.748],[-86.852,48.751],[-86.858,48.75],[-86.863,48.745],[-86.866,48.748],[-86.873,48.748],[-86.882,48.752],[-86.892,48.758],[-86.893,48.76],[-86.89,48.765],[-86.891,48.768],[-86.898,48.773],[-86.904,48.772],[-86.914,48.773],[-86.918,48.773],[-86.922,48.774],[-86.927,48.773],[-86.941,48.772],[-86.94,48.775],[-86.943,48.777],[-86.948,48.777],[-86.953,48.778],[-86.959,48.786],[-86.965,48.788],[-86.971,48.793],[-86.971,48.796],[-86.974,48.798],[-86.971,48.803],[-86.963,48.804],[-86.962,48.806],[-86.957,48.809],[-86.955,48.811],[-86.958,48.815],[-86.955,48.817],[-86.958,48.819],[-86.963,48.814],[-86.969,48.811],[-86.971,48.809],[-86.978,48.805],[-86.983,48.807],[-86.99,48.805],[-86.995,48.808],[-86.997,48.811],[-87.002,48.812],[-87.003,48.81],[-87.004,48.805],[-87.002,48.8],[-87.004,48.794],[-86.999,48.787],[-86.998,48.784],[-86.999,48.777],[-87.001,48.774],[-87.007,48.772],[-87.01,48.774],[-87.016,48.774],[-87.019,48.776],[-87.021,48.78],[-87.017,48.784],[-87.018,48.787],[-87.022,48.787],[-87.025,48.789],[-87.025,48.792],[-87.028,48.794],[-87.037,48.79],[-87.035,48.787],[-87.043,48.788],[-87.049,48.784],[-87.053,48.781],[-87.061,48.781],[-87.065,48.78],[-87.065,48.777],[-87.07,48.774],[-87.074,48.773],[-87.076,48.775],[-87.08,48.774],[-87.083,48.776],[-87.091,48.775],[-87.09,48.771],[-87.093,48.77],[-87.095,48.773],[-87.103,48.774],[-87.105,48.772],[-87.108,48.773],[-87.112,48.769],[-87.116,48.771],[-87.117,48.773],[-87.121,48.771],[-87.12,48.766],[-87.124,48.766],[-87.127,48.77],[-87.136,48.771],[-87.137,48.766],[-87.141,48.766],[-87.141,48.77],[-87.144,48.771],[-87.146,48.769],[-87.152,48.768],[-87.153,48.772],[-87.151,48.774],[-87.158,48.778],[-87.156,48.782],[-87.156,48.785],[-87.159,48.786],[-87.164,48.785],[-87.167,48.787],[-87.174,48.786],[-87.181,48.783],[-87.179,48.779],[-87.176,48.776],[-87.177,48.772],[-87.181,48.771],[-87.18,48.769],[-87.181,48.765],[-87.184,48.764],[-87.191,48.767],[-87.19,48.763],[-87.195,48.761],[-87.203,48.761],[-87.202,48.759],[-87.203,48.757],[-87.213,48.756],[-87.215,48.757],[-87.22,48.758],[-87.221,48.757],[-87.229,48.756],[-87.235,48.759],[-87.24,48.76],[-87.249,48.764],[-87.256,48.766],[-87.261,48.769],[-87.263,48.768],[-87.263,48.761],[-87.265,48.759],[-87.27,48.759],[-87.277,48.761],[-87.282,48.762],[-87.285,48.763],[-87.295,48.766],[-87.303,48.769],[-87.303,48.773],[-87.297,48.78],[-87.294,48.784],[-87.289,48.79],[-87.289,48.792],[-87.292,48.794],[-87.303,48.796],[-87.311,48.797],[-87.316,48.798],[-87.326,48.798],[-87.331,48.796],[-87.338,48.796],[-87.343,48.796],[-87.353,48.8],[-87.36,48.8],[-87.373,48.803],[-87.379,48.805],[-87.385,48.805],[-87.39,48.806],[-87.394,48.809],[-87.396,48.811],[-87.395,48.814],[-87.396,48.817],[-87.401,48.823],[-87.401,48.829],[-87.407,48.833],[-87.423,48.838],[-87.426,48.837],[-87.44,48.839],[-87.445,48.837],[-87.449,48.839],[-87.454,48.84],[-87.459,48.84],[-87.473,48.841],[-87.481,48.84],[-87.491,48.837],[-87.497,48.837],[-87.524,48.833],[-87.522,48.83],[-87.523,48.829],[-87.529,48.828],[-87.531,48.828],[-87.536,48.825],[-87.548,48.825],[-87.549,48.828],[-87.553,48.836],[-87.552,48.841],[-87.548,48.846],[-87.546,48.851],[-87.546,48.852],[-87.543,48.859],[-87.543,48.861],[-87.539,48.867],[-87.542,48.869],[-87.541,48.875],[-87.544,48.878],[-87.551,48.878],[-87.554,48.876],[-87.559,48.879],[-87.563,48.878],[-87.567,48.878],[-87.571,48.877],[-87.576,48.878],[-87.577,48.876],[-87.584,48.876],[-87.588,48.874],[-87.594,48.869],[-87.594,48.865],[-87.599,48.862],[-87.606,48.862],[-87.618,48.859],[-87.622,48.858],[-87.634,48.856],[-87.646,48.856],[-87.649,48.858],[-87.654,48.867],[-87.655,48.872],[-87.654,48.876],[-87.657,48.879],[-87.659,48.884],[-87.659,48.888],[-87.672,48.898],[-87.677,48.898],[-87.689,48.9],[-87.694,48.901],[-87.703,48.901],[-87.71,48.903],[-87.718,48.907],[-87.728,48.909],[-87.735,48.909],[-87.742,48.906],[-87.747,48.904],[-87.767,48.893],[-87.772,48.897],[-87.777,48.897],[-87.779,48.902],[-87.776,48.904],[-87.771,48.91],[-87.768,48.91],[-87.767,48.913],[-87.775,48.918],[-87.776,48.921],[-87.781,48.925],[-87.787,48.927],[-87.791,48.927],[-87.8,48.926],[-87.803,48.924],[-87.802,48.921],[-87.81,48.922],[-87.817,48.919],[-87.816,48.917],[-87.819,48.914],[-87.828,48.912],[-87.83,48.91],[-87.835,48.909],[-87.84,48.919],[-87.842,48.923],[-87.846,48.925],[-87.851,48.925],[-87.852,48.924],[-87.857,48.925],[-87.862,48.928],[-87.868,48.927],[-87.872,48.93],[-87.873,48.934],[-87.878,48.937],[-87.883,48.94],[-87.89,48.941],[-87.895,48.938],[-87.903,48.937],[-87.906,48.935],[-87.916,48.931],[-87.916,48.929],[-87.926,48.931],[-87.929,48.929],[-87.933,48.93],[-87.938,48.932],[-87.938,48.936],[-87.945,48.939],[-87.945,48.941],[-87.951,48.941],[-87.954,48.945],[-87.961,48.945],[-87.968,48.948],[-87.97,48.95],[-87.971,48.954],[-87.974,48.954],[-87.981,48.958],[-87.981,48.96],[-87.986,48.964],[-87.992,48.967],[-87.999,48.964],[-88.002,48.965],[-88.006,48.965],[-88.011,48.969],[-88.013,48.973],[-88.012,48.975],[-88.013,48.981],[-88.017,48.983],[-88.022,48.984],[-88.027,48.983],[-88.032,48.98],[-88.038,48.982],[-88.029,48.983],[-88.023,48.986],[-88.024,48.991],[-88.024,48.999],[-88.021,49.007],[-88.026,49.01],[-88.028,49.014],[-88.032,49.016],[-88.037,49.015],[-88.045,49.015],[-88.055,49.01],[-88.062,49],[-88.066,48.993],[-88.069,48.989],[-88.071,48.984],[-88.077,48.987],[-88.077,48.989],[-88.082,48.992],[-88.087,48.993],[-88.1,48.997],[-88.104,49],[-88.113,48.999],[-88.122,48.995],[-88.125,48.992],[-88.132,48.991],[-88.134,48.986],[-88.138,48.981],[-88.143,48.982],[-88.147,48.981],[-88.154,48.978],[-88.16,48.971],[-88.161,48.968],[-88.166,48.965],[-88.167,48.961],[-88.163,48.958],[-88.168,48.955],[-88.174,48.955],[-88.178,48.959],[-88.184,48.963],[-88.188,48.964],[-88.19,48.967],[-88.195,48.968],[-88.203,48.967],[-88.214,48.965],[-88.225,48.96],[-88.235,48.96],[-88.241,48.962],[-88.242,48.964],[-88.259,48.962],[-88.261,48.955],[-88.262,48.952],[-88.26,48.949],[-88.255,48.945],[-88.254,48.943],[-88.242,48.94],[-88.239,48.936],[-88.24,48.934],[-88.238,48.93],[-88.226,48.926],[-88.228,48.924],[-88.229,48.919],[-88.227,48.917],[-88.226,48.912],[-88.225,48.911],[-88.229,48.905],[-88.237,48.899],[-88.243,48.887],[-88.245,48.882],[-88.246,48.876],[-88.242,48.873],[-88.241,48.868],[-88.241,48.863],[-88.238,48.855],[-88.234,48.853],[-88.232,48.847],[-88.227,48.84],[-88.221,48.837],[-88.206,48.832],[-88.194,48.831],[-88.191,48.831],[-88.187,48.828],[-88.18,48.827],[-88.173,48.828],[-88.173,48.824],[-88.167,48.822],[-88.164,48.822],[-88.159,48.816],[-88.155,48.815],[-88.151,48.812],[-88.145,48.81],[-88.142,48.807],[-88.138,48.805],[-88.138,48.803],[-88.13,48.799],[-88.117,48.799],[-88.113,48.8],[-88.107,48.798],[-88.103,48.795],[-88.096,48.788],[-88.092,48.776],[-88.097,48.771],[-88.099,48.768],[-88.1,48.763],[-88.103,48.759],[-88.103,48.751],[-88.107,48.747],[-88.106,48.743],[-88.106,48.735],[-88.102,48.729],[-88.103,48.726],[-88.099,48.724],[-88.101,48.722],[-88.098,48.72],[-88.1,48.717],[-88.095,48.713],[-88.102,48.707],[-88.098,48.701],[-88.102,48.699],[-88.105,48.692],[-88.107,48.691],[-88.112,48.691],[-88.115,48.69],[-88.116,48.682],[-88.12,48.678],[-88.123,48.677],[-88.126,48.672],[-88.13,48.671],[-88.137,48.662],[-88.141,48.659],[-88.147,48.651],[-88.152,48.647],[-88.158,48.645],[-88.162,48.639],[-88.163,48.635],[-88.162,48.633],[-88.167,48.632],[-88.171,48.628],[-88.177,48.627],[-88.182,48.625],[-88.178,48.623],[-88.182,48.622],[-88.185,48.623],[-88.19,48.621],[-88.195,48.616],[-88.19,48.615],[-88.199,48.61],[-88.198,48.608],[-88.2,48.605],[-88.196,48.602],[-88.195,48.598],[-88.192,48.597],[-88.195,48.59],[-88.201,48.591],[-88.201,48.594],[-88.196,48.595],[-88.196,48.597],[-88.206,48.599],[-88.209,48.601],[-88.218,48.594],[-88.224,48.59],[-88.224,48.589],[-88.234,48.583],[-88.237,48.579],[-88.241,48.577],[-88.241,48.581],[-88.248,48.582],[-88.25,48.585],[-88.252,48.58],[-88.257,48.577],[-88.259,48.58],[-88.26,48.583],[-88.255,48.588],[-88.249,48.591],[-88.249,48.596],[-88.246,48.601],[-88.249,48.602],[-88.248,48.608],[-88.244,48.614],[-88.239,48.617],[-88.24,48.62],[-88.236,48.62],[-88.233,48.618],[-88.227,48.616],[-88.224,48.619],[-88.232,48.621],[-88.241,48.622],[-88.243,48.622],[-88.252,48.615],[-88.255,48.615],[-88.256,48.612],[-88.263,48.605],[-88.27,48.602],[-88.272,48.595],[-88.269,48.594],[-88.27,48.591],[-88.275,48.595],[-88.282,48.59],[-88.285,48.591],[-88.287,48.594],[-88.285,48.599],[-88.282,48.602],[-88.286,48.605],[-88.288,48.6],[-88.293,48.596],[-88.296,48.599],[-88.297,48.601],[-88.294,48.61],[-88.296,48.62],[-88.301,48.622],[-88.306,48.625],[-88.309,48.63],[-88.312,48.632],[-88.314,48.637],[-88.322,48.641],[-88.321,48.643],[-88.322,48.647],[-88.325,48.648],[-88.332,48.648],[-88.337,48.647],[-88.341,48.645],[-88.339,48.639],[-88.338,48.634],[-88.337,48.629],[-88.336,48.624],[-88.332,48.62],[-88.337,48.617],[-88.332,48.61],[-88.33,48.605],[-88.331,48.6],[-88.331,48.592],[-88.332,48.59],[-88.324,48.586],[-88.318,48.585],[-88.315,48.589],[-88.31,48.588],[-88.306,48.585],[-88.302,48.583],[-88.301,48.581],[-88.3,48.576],[-88.301,48.572],[-88.303,48.57],[-88.304,48.567],[-88.307,48.565],[-88.312,48.565],[-88.316,48.567],[-88.314,48.568],[-88.315,48.573],[-88.318,48.574],[-88.318,48.563],[-88.32,48.555],[-88.322,48.552],[-88.327,48.553],[-88.33,48.562],[-88.33,48.565],[-88.332,48.566],[-88.33,48.57],[-88.334,48.573],[-88.337,48.573],[-88.341,48.572],[-88.35,48.566],[-88.356,48.56],[-88.362,48.557],[-88.364,48.555],[-88.366,48.549],[-88.372,48.543],[-88.377,48.539],[-88.385,48.531],[-88.385,48.528],[-88.39,48.526],[-88.392,48.528],[-88.391,48.531],[-88.385,48.537],[-88.38,48.539],[-88.382,48.542],[-88.386,48.543],[-88.39,48.539],[-88.39,48.537],[-88.393,48.531],[-88.397,48.528],[-88.401,48.526],[-88.402,48.53],[-88.401,48.535],[-88.399,48.537],[-88.396,48.543],[-88.402,48.544],[-88.41,48.54],[-88.413,48.537],[-88.418,48.537],[-88.417,48.545],[-88.421,48.545],[-88.422,48.549],[-88.417,48.557],[-88.419,48.56],[-88.416,48.567],[-88.42,48.568],[-88.426,48.569],[-88.43,48.564],[-88.435,48.561],[-88.436,48.558],[-88.444,48.547],[-88.45,48.541],[-88.455,48.535],[-88.453,48.532],[-88.456,48.526],[-88.461,48.52],[-88.466,48.512],[-88.473,48.509],[-88.476,48.514],[-88.477,48.521],[-88.483,48.522],[-88.485,48.518],[-88.492,48.512],[-88.493,48.508],[-88.497,48.502],[-88.498,48.498],[-88.499,48.493],[-88.497,48.491],[-88.499,48.485],[-88.497,48.482],[-88.494,48.479],[-88.489,48.481],[-88.486,48.478],[-88.487,48.473],[-88.486,48.469],[-88.486,48.467],[-88.483,48.465],[-88.484,48.463],[-88.493,48.463],[-88.498,48.464],[-88.501,48.468],[-88.511,48.467],[-88.513,48.463],[-88.516,48.464],[-88.521,48.456],[-88.518,48.452],[-88.521,48.447],[-88.526,48.442],[-88.53,48.439],[-88.524,48.436],[-88.522,48.437],[-88.52,48.433],[-88.526,48.426],[-88.534,48.421],[-88.535,48.425],[-88.538,48.426],[-88.545,48.416],[-88.55,48.415],[-88.553,48.413],[-88.56,48.412],[-88.562,48.414],[-88.558,48.417],[-88.558,48.421],[-88.553,48.424],[-88.553,48.426],[-88.551,48.429],[-88.553,48.432],[-88.553,48.435],[-88.557,48.435],[-88.56,48.433],[-88.563,48.434],[-88.566,48.436],[-88.569,48.437],[-88.566,48.442],[-88.568,48.443],[-88.567,48.447],[-88.57,48.448],[-88.57,48.451],[-88.566,48.456],[-88.569,48.457],[-88.576,48.452],[-88.578,48.455],[-88.573,48.459],[-88.57,48.461],[-88.571,48.463],[-88.568,48.466],[-88.565,48.468],[-88.564,48.471],[-88.567,48.479],[-88.566,48.482],[-88.566,48.486],[-88.571,48.487],[-88.578,48.48],[-88.583,48.478],[-88.586,48.48],[-88.591,48.479],[-88.596,48.479],[-88.59,48.486],[-88.583,48.49],[-88.582,48.492],[-88.574,48.497],[-88.569,48.5],[-88.563,48.505],[-88.563,48.511],[-88.567,48.513],[-88.562,48.519],[-88.558,48.523],[-88.56,48.526],[-88.557,48.529],[-88.555,48.534],[-88.55,48.541],[-88.549,48.537],[-88.543,48.535],[-88.54,48.535],[-88.538,48.538],[-88.53,48.543],[-88.526,48.544],[-88.52,48.551],[-88.512,48.558],[-88.506,48.561],[-88.504,48.564],[-88.493,48.572],[-88.486,48.577],[-88.48,48.578],[-88.479,48.581],[-88.476,48.584],[-88.468,48.588],[-88.465,48.59],[-88.461,48.594],[-88.459,48.596],[-88.455,48.601],[-88.445,48.608],[-88.439,48.615],[-88.422,48.627],[-88.416,48.63],[-88.412,48.632],[-88.407,48.638],[-88.399,48.642],[-88.393,48.644],[-88.389,48.647],[-88.38,48.65],[-88.377,48.654],[-88.371,48.659],[-88.357,48.664],[-88.345,48.669],[-88.339,48.673],[-88.337,48.678],[-88.337,48.681],[-88.334,48.685],[-88.334,48.688],[-88.331,48.695],[-88.329,48.704],[-88.327,48.707],[-88.324,48.708],[-88.322,48.711],[-88.321,48.715],[-88.319,48.716],[-88.314,48.724],[-88.311,48.732],[-88.311,48.735],[-88.308,48.741],[-88.307,48.745],[-88.301,48.757],[-88.302,48.76],[-88.306,48.765],[-88.316,48.773],[-88.323,48.777],[-88.33,48.78],[-88.336,48.782],[-88.343,48.783],[-88.341,48.785],[-88.336,48.785],[-88.332,48.789],[-88.327,48.794],[-88.326,48.797],[-88.326,48.804],[-88.327,48.808],[-88.333,48.812],[-88.334,48.815],[-88.342,48.82],[-88.354,48.825],[-88.359,48.825],[-88.36,48.828],[-88.366,48.829],[-88.376,48.832],[-88.388,48.833],[-88.39,48.833],[-88.402,48.834],[-88.404,48.836],[-88.41,48.836],[-88.411,48.838],[-88.417,48.842],[-88.422,48.843],[-88.425,48.845],[-88.441,48.848],[-88.449,48.849],[-88.461,48.849],[-88.474,48.847],[-88.482,48.844],[-88.485,48.842],[-88.494,48.839],[-88.498,48.836],[-88.499,48.833],[-88.494,48.83],[-88.489,48.832],[-88.487,48.831],[-88.487,48.825],[-88.486,48.817],[-88.491,48.814],[-88.506,48.806],[-88.507,48.805],[-88.523,48.796],[-88.528,48.793],[-88.529,48.79],[-88.525,48.787],[-88.527,48.786],[-88.532,48.782],[-88.539,48.778],[-88.542,48.775],[-88.541,48.771],[-88.546,48.766],[-88.545,48.76],[-88.546,48.757],[-88.544,48.754],[-88.545,48.752],[-88.551,48.742],[-88.551,48.738],[-88.548,48.735],[-88.544,48.732],[-88.541,48.732],[-88.539,48.728],[-88.539,48.722],[-88.531,48.719],[-88.528,48.72],[-88.524,48.718],[-88.516,48.713],[-88.516,48.71],[-88.52,48.707],[-88.517,48.703],[-88.513,48.703],[-88.512,48.7],[-88.526,48.7],[-88.535,48.698],[-88.541,48.695],[-88.546,48.692],[-88.552,48.686],[-88.554,48.683],[-88.555,48.679],[-88.553,48.675],[-88.549,48.672],[-88.544,48.672],[-88.542,48.668],[-88.552,48.662],[-88.553,48.659],[-88.551,48.656],[-88.551,48.654],[-88.548,48.65],[-88.544,48.647],[-88.538,48.646],[-88.537,48.644],[-88.542,48.642],[-88.544,48.638],[-88.546,48.634],[-88.546,48.631],[-88.549,48.631],[-88.559,48.632],[-88.563,48.632],[-88.565,48.626],[-88.568,48.625],[-88.573,48.627],[-88.576,48.626],[-88.579,48.621],[-88.582,48.622],[-88.587,48.618],[-88.592,48.62],[-88.595,48.623],[-88.601,48.619],[-88.604,48.622],[-88.616,48.622],[-88.618,48.618],[-88.622,48.615],[-88.629,48.607],[-88.631,48.599],[-88.63,48.594],[-88.625,48.591],[-88.622,48.588],[-88.622,48.585],[-88.624,48.58],[-88.63,48.574],[-88.635,48.571],[-88.636,48.567],[-88.635,48.565],[-88.639,48.561],[-88.637,48.56],[-88.638,48.557],[-88.638,48.553],[-88.635,48.551],[-88.641,48.547],[-88.64,48.545],[-88.636,48.544],[-88.634,48.542],[-88.636,48.535],[-88.641,48.532],[-88.643,48.528],[-88.646,48.525],[-88.65,48.52],[-88.646,48.518],[-88.642,48.52],[-88.637,48.521],[-88.637,48.518],[-88.642,48.511],[-88.639,48.509],[-88.643,48.504],[-88.646,48.504],[-88.656,48.498],[-88.658,48.497],[-88.658,48.494],[-88.662,48.488],[-88.666,48.489],[-88.673,48.487],[-88.671,48.49],[-88.675,48.491],[-88.672,48.494],[-88.673,48.496],[-88.677,48.497],[-88.684,48.497],[-88.689,48.496],[-88.696,48.492],[-88.696,48.489],[-88.699,48.487],[-88.702,48.481],[-88.702,48.479],[-88.698,48.475],[-88.693,48.473],[-88.685,48.474],[-88.69,48.469],[-88.687,48.466],[-88.683,48.465],[-88.685,48.462],[-88.692,48.457],[-88.693,48.451],[-88.696,48.447],[-88.692,48.442],[-88.698,48.434],[-88.696,48.43],[-88.7,48.426],[-88.7,48.423],[-88.704,48.421],[-88.705,48.416],[-88.709,48.413],[-88.715,48.406],[-88.718,48.404],[-88.716,48.401],[-88.715,48.398],[-88.717,48.394],[-88.723,48.388],[-88.721,48.384],[-88.717,48.383],[-88.718,48.381],[-88.728,48.378],[-88.73,48.375],[-88.738,48.371],[-88.743,48.365],[-88.744,48.363],[-88.741,48.359],[-88.734,48.359],[-88.735,48.357],[-88.741,48.354],[-88.744,48.359],[-88.75,48.357],[-88.752,48.353],[-88.749,48.353],[-88.747,48.35],[-88.755,48.345],[-88.76,48.345],[-88.762,48.348],[-88.765,48.349],[-88.769,48.348],[-88.774,48.345],[-88.77,48.342],[-88.77,48.34],[-88.78,48.337],[-88.784,48.334],[-88.79,48.333],[-88.788,48.337],[-88.791,48.338],[-88.793,48.334],[-88.798,48.335],[-88.798,48.336],[-88.803,48.338],[-88.806,48.338],[-88.823,48.33],[-88.824,48.332],[-88.829,48.333],[-88.832,48.336],[-88.839,48.333],[-88.845,48.33],[-88.846,48.328],[-88.853,48.324],[-88.855,48.325],[-88.862,48.324],[-88.863,48.325],[-88.871,48.323],[-88.882,48.321],[-88.888,48.317],[-88.895,48.318],[-88.9,48.32],[-88.903,48.324],[-88.905,48.324],[-88.91,48.323],[-88.917,48.318],[-88.923,48.312],[-88.925,48.311],[-88.934,48.303],[-88.939,48.303],[-88.936,48.309],[-88.931,48.316],[-88.929,48.318],[-88.923,48.325],[-88.923,48.333],[-88.919,48.337],[-88.913,48.344],[-88.911,48.35],[-88.904,48.36],[-88.9,48.364],[-88.888,48.368],[-88.883,48.367],[-88.878,48.365],[-88.874,48.36],[-88.867,48.361],[-88.863,48.364],[-88.864,48.368],[-88.867,48.368],[-88.869,48.373],[-88.873,48.375],[-88.867,48.383],[-88.86,48.389],[-88.849,48.4],[-88.852,48.404],[-88.858,48.404],[-88.862,48.405],[-88.859,48.413],[-88.856,48.417],[-88.856,48.419],[-88.851,48.423],[-88.837,48.441],[-88.832,48.446],[-88.828,48.452],[-88.83,48.457],[-88.837,48.458],[-88.837,48.46],[-88.836,48.464],[-88.829,48.473],[-88.817,48.483],[-88.811,48.49],[-88.804,48.496],[-88.797,48.501],[-88.793,48.507],[-88.788,48.512],[-88.783,48.515],[-88.778,48.522],[-88.773,48.527],[-88.768,48.535],[-88.767,48.537],[-88.763,48.543],[-88.761,48.549],[-88.753,48.556],[-88.753,48.559],[-88.756,48.561],[-88.759,48.565],[-88.758,48.567],[-88.766,48.572],[-88.772,48.575],[-88.777,48.576],[-88.786,48.572],[-88.786,48.574],[-88.792,48.574],[-88.792,48.572],[-88.805,48.569],[-88.809,48.568],[-88.813,48.568],[-88.817,48.567],[-88.819,48.564],[-88.818,48.561],[-88.822,48.56],[-88.825,48.558],[-88.828,48.559],[-88.833,48.561],[-88.837,48.559],[-88.842,48.56],[-88.847,48.559],[-88.863,48.55],[-88.867,48.549],[-88.871,48.545],[-88.869,48.541],[-88.876,48.539],[-88.878,48.54],[-88.875,48.542],[-88.877,48.545],[-88.881,48.544],[-88.885,48.544],[-88.892,48.542],[-88.898,48.542],[-88.905,48.543],[-88.908,48.543],[-88.914,48.539],[-88.922,48.535],[-88.927,48.529],[-88.925,48.526],[-88.922,48.524],[-88.923,48.522],[-88.93,48.519],[-88.931,48.525],[-88.943,48.526],[-88.946,48.523],[-88.948,48.524],[-88.957,48.521],[-88.959,48.518],[-88.954,48.515],[-88.96,48.512],[-88.969,48.51],[-88.975,48.509],[-88.982,48.51],[-88.984,48.508],[-88.989,48.512],[-88.994,48.514],[-88.998,48.513],[-89.006,48.509],[-89.011,48.507],[-89.018,48.504],[-89.022,48.504],[-89.028,48.501],[-89.045,48.498],[-89.058,48.495],[-89.059,48.491],[-89.072,48.49],[-89.077,48.489],[-89.08,48.489],[-89.091,48.486],[-89.099,48.485],[-89.103,48.488],[-89.116,48.487],[-89.128,48.485],[-89.133,48.482],[-89.142,48.481],[-89.143,48.479],[-89.15,48.477],[-89.154,48.473],[-89.161,48.471],[-89.167,48.467],[-89.169,48.461],[-89.167,48.457],[-89.168,48.455],[-89.173,48.454],[-89.176,48.455],[-89.178,48.453],[-89.186,48.451],[-89.182,48.447],[-89.186,48.445],[-89.189,48.447],[-89.195,48.446],[-89.2,48.443],[-89.203,48.44],[-89.208,48.44],[-89.213,48.437],[-89.221,48.429],[-89.218,48.426],[-89.223,48.426],[-89.223,48.423],[-89.218,48.421],[-89.222,48.419],[-89.221,48.416],[-89.218,48.415],[-89.221,48.409],[-89.216,48.409],[-89.215,48.405],[-89.217,48.404],[-89.218,48.4],[-89.216,48.394],[-89.217,48.393],[-89.225,48.391],[-89.234,48.388],[-89.242,48.383],[-89.244,48.378],[-89.252,48.37],[-89.254,48.365],[-89.245,48.369],[-89.239,48.369],[-89.234,48.367],[-89.232,48.361],[-89.23,48.36],[-89.231,48.357],[-89.228,48.354],[-89.222,48.352],[-89.218,48.354],[-89.214,48.353],[-89.214,48.349],[-89.212,48.348],[-89.213,48.345],[-89.212,48.339],[-89.208,48.338],[-89.207,48.336],[-89.21,48.335],[-89.209,48.332],[-89.202,48.331],[-89.206,48.326],[-89.206,48.324],[-89.209,48.32],[-89.205,48.317],[-89.202,48.315],[-89.198,48.311],[-89.2,48.307],[-89.204,48.307],[-89.209,48.31],[-89.212,48.308],[-89.209,48.306],[-89.209,48.301],[-89.211,48.299],[-89.214,48.299],[-89.219,48.301],[-89.221,48.304],[-89.226,48.306],[-89.227,48.304],[-89.235,48.306],[-89.239,48.304],[-89.238,48.294],[-89.236,48.287],[-89.241,48.277],[-89.247,48.271],[-89.258,48.266],[-89.259,48.265],[-89.258,48.258],[-89.261,48.249],[-89.265,48.244],[-89.271,48.24],[-89.273,48.237],[-89.271,48.232],[-89.266,48.23],[-89.269,48.227],[-89.27,48.217],[-89.272,48.211],[-89.274,48.209],[-89.274,48.206],[-89.276,48.203],[-89.271,48.202],[-89.269,48.2],[-89.267,48.195],[-89.274,48.191],[-89.279,48.19],[-89.289,48.185],[-89.295,48.184],[-89.3,48.185],[-89.304,48.186],[-89.3,48.19],[-89.294,48.195],[-89.292,48.198],[-89.292,48.203],[-89.296,48.204],[-89.301,48.204],[-89.307,48.201],[-89.311,48.195],[-89.311,48.191],[-89.313,48.187],[-89.312,48.184],[-89.308,48.182],[-89.3,48.182],[-89.291,48.179],[-89.284,48.175],[-89.288,48.172],[-89.295,48.168],[-89.297,48.166],[-89.312,48.162],[-89.31,48.158],[-89.315,48.153],[-89.321,48.151],[-89.319,48.146],[-89.317,48.145],[-89.314,48.142],[-89.31,48.139],[-89.303,48.138],[-89.312,48.133],[-89.313,48.129],[-89.323,48.124],[-89.324,48.126],[-89.327,48.128],[-89.341,48.126],[-89.342,48.123],[-89.346,48.121],[-89.347,48.118],[-89.349,48.116],[-89.354,48.117],[-89.356,48.115],[-89.354,48.108],[-89.349,48.108],[-89.338,48.11],[-89.332,48.11],[-89.335,48.106],[-89.343,48.104],[-89.341,48.101],[-89.344,48.097],[-89.345,48.094],[-89.35,48.095],[-89.351,48.097],[-89.357,48.1],[-89.363,48.1],[-89.37,48.095],[-89.375,48.091],[-89.385,48.09],[-89.389,48.088],[-89.395,48.087],[-89.397,48.088],[-89.405,48.088],[-89.407,48.086],[-89.42,48.083],[-89.419,48.087],[-89.422,48.09],[-89.425,48.09],[-89.433,48.089],[-89.442,48.085],[-89.44,48.078],[-89.442,48.076],[-89.449,48.073],[-89.454,48.07],[-89.463,48.068],[-89.469,48.066],[-89.467,48.063],[-89.462,48.063],[-89.45,48.064],[-89.439,48.066],[-89.439,48.069],[-89.432,48.07],[-89.426,48.071],[-89.423,48.073],[-89.416,48.071],[-89.404,48.071],[-89.403,48.07],[-89.407,48.068],[-89.413,48.069],[-89.415,48.067],[-89.414,48.064],[-89.423,48.066],[-89.428,48.065],[-89.438,48.062],[-89.441,48.064],[-89.448,48.061],[-89.454,48.06],[-89.455,48.058],[-89.46,48.056],[-89.465,48.057],[-89.467,48.056],[-89.479,48.055],[-89.481,48.052],[-89.479,48.05],[-89.47,48.048],[-89.465,48.045],[-89.458,48.045],[-89.455,48.046],[-89.454,48.042],[-89.451,48.039],[-89.454,48.038],[-89.458,48.038],[-89.463,48.04],[-89.469,48.036],[-89.471,48.038],[-89.477,48.036],[-89.482,48.035],[-89.488,48.034],[-89.492,48.034],[-89.488,48.038],[-89.491,48.042],[-89.499,48.044],[-89.502,48.044],[-89.509,48.042],[-89.514,48.038],[-89.516,48.032],[-89.514,48.03],[-89.511,48.027],[-89.51,48.025],[-89.532,48.021],[-89.543,48.02],[-89.547,48.021],[-89.548,48.019],[-89.558,48.016],[-89.559,48.013],[-89.545,48.014],[-89.554,48.01],[-89.562,48.009],[-89.566,48.01],[-89.568,48.012],[-89.573,48.011],[-89.579,48.009],[-89.58,48.006],[-89.572,48.004],[-89.57,47.999],[-89.582,47.997],[-89.585,47.999],[-89.585,48.001],[-89.59,48.004],[-89.6,48.005],[-89.603,48.006],[-89.608,48.007],[-89.61,48.009],[-89.608,48.012],[-89.609,48.017],[-89.612,48.018],[-89.619,48.011],[-89.624,48.012],[-89.63,48.01],[-89.637,48.01],[-89.639,48.009],[-89.637,48.005],[-89.639,48.004],[-89.642,48.006],[-89.648,48.006],[-89.649,48.004],[-89.653,48.005],[-89.657,48.01],[-89.663,48.011],[-89.666,48.008],[-89.669,48.008],[-89.674,48.012],[-89.685,48.01],[-89.688,48.011],[-89.702,48.007],[-89.709,48.011],[-89.716,48.01],[-89.716,48.017],[-89.718,48.017],[-89.722,48.014],[-89.724,48.016],[-89.72,48.017],[-89.72,48.02],[-89.732,48.019],[-89.734,48.022],[-89.738,48.021],[-89.743,48.021],[-89.748,48.023],[-89.753,48.022],[-89.756,48.023],[-89.76,48.023],[-89.768,48.023],[-89.772,48.021],[-89.776,48.023],[-89.779,48.019],[-89.782,48.018],[-89.791,48.019],[-89.795,48.018],[-89.797,48.015],[-89.801,48.014],[-89.806,48.014],[-89.807,48.018],[-89.82,48.015],[-89.823,48.01],[-89.829,48.005],[-89.829,48.004],[-89.831,48],[-89.834,47.999],[-89.838,48.002],[-89.843,48.002],[-89.844,47.996],[-89.847,47.993],[-89.86,47.991],[-89.869,47.99],[-89.871,47.986],[-89.878,47.987],[-89.886,47.987],[-89.892,47.988],[-89.895,47.987],[-89.899,47.988],[-89.904,47.992],[-89.914,47.994],[-89.917,47.997],[-89.922,47.997],[-89.922,48],[-89.927,48.002],[-89.926,48.006],[-89.929,48.007],[-89.932,48.01],[-89.935,48.016],[-89.94,48.016],[-89.945,48.015],[-89.95,48.016],[-89.951,48.011],[-89.962,48.014],[-89.967,48.015],[-89.972,48.018],[-89.975,48.023],[-89.981,48.024],[-89.986,48.026],[-89.987,48.025],[-89.994,48.028],[-89.997,48.035],[-89.996,48.04],[-89.991,48.042],[-89.984,48.043],[-89.972,48.048],[-89.963,48.048],[-89.959,48.047],[-89.957,48.049],[-89.96,48.053],[-89.967,48.051],[-89.974,48.053],[-89.98,48.057],[-89.981,48.059],[-89.987,48.063],[-89.991,48.065],[-89.99,48.067],[-89.993,48.068],[-89.999,48.066],[-90,48.069],[-90.007,48.068],[-90.008,48.07],[-90.015,48.071],[-90.017,48.076],[-90.017,48.08],[-90.012,48.08],[-90.003,48.078],[-90,48.083],[-90.002,48.086],[-90.009,48.087],[-90.012,48.089],[-90.026,48.09],[-90.03,48.091],[-90.037,48.091],[-90.04,48.092],[-90.042,48.09],[-90.05,48.092],[-90.05,48.094],[-90.056,48.098],[-90.057,48.101],[-90.061,48.1],[-90.066,48.101],[-90.066,48.104],[-90.068,48.106],[-90.065,48.109],[-90.072,48.109],[-90.074,48.107],[-90.078,48.106],[-90.086,48.107],[-90.09,48.108],[-90.094,48.106],[-90.109,48.108],[-90.112,48.109],[-90.114,48.106],[-90.123,48.107],[-90.143,48.113],[-90.147,48.111],[-90.153,48.113],[-90.16,48.113],[-90.163,48.112],[-90.171,48.114],[-90.183,48.12],[-90.188,48.12],[-90.182,48.116],[-90.183,48.114],[-90.186,48.113],[-90.188,48.109],[-90.19,48.109],[-90.197,48.111],[-90.21,48.108],[-90.218,48.109],[-90.219,48.112],[-90.221,48.114],[-90.224,48.112],[-90.232,48.112],[-90.241,48.115],[-90.247,48.115],[-90.255,48.114],[-90.257,48.111],[-90.251,48.111],[-90.247,48.11],[-90.245,48.107],[-90.259,48.105],[-90.267,48.107],[-90.269,48.106],[-90.274,48.106],[-90.281,48.104],[-90.284,48.102],[-90.289,48.102],[-90.293,48.1],[-90.295,48.103],[-90.298,48.103],[-90.304,48.104],[-90.303,48.107],[-90.317,48.106],[-90.321,48.104],[-90.333,48.103],[-90.337,48.102],[-90.341,48.099],[-90.34,48.097],[-90.346,48.095],[-90.357,48.095],[-90.361,48.096],[-90.374,48.093],[-90.375,48.091],[-90.382,48.093],[-90.385,48.095],[-90.386,48.098],[-90.39,48.1],[-90.396,48.101],[-90.394,48.106],[-90.395,48.109],[-90.397,48.108],[-90.399,48.112],[-90.405,48.109],[-90.411,48.109],[-90.416,48.112],[-90.42,48.113],[-90.426,48.111],[-90.429,48.105],[-90.433,48.106],[-90.439,48.105],[-90.441,48.102],[-90.445,48.103],[-90.45,48.107],[-90.456,48.106],[-90.462,48.107],[-90.466,48.11],[-90.473,48.106],[-90.48,48.106],[-90.482,48.102],[-90.488,48.1],[-90.491,48.101],[-90.492,48.104],[-90.498,48.101],[-90.502,48.099],[-90.508,48.099],[-90.508,48.101],[-90.514,48.103],[-90.518,48.103],[-90.521,48.106],[-90.529,48.102],[-90.533,48.103],[-90.54,48.102],[-90.545,48.1],[-90.555,48.101],[-90.558,48.099],[-90.562,48.098],[-90.567,48.102],[-90.565,48.105],[-90.552,48.112],[-90.543,48.114],[-90.532,48.117],[-90.525,48.117],[-90.52,48.115],[-90.518,48.113],[-90.51,48.11],[-90.51,48.114],[-90.508,48.116],[-90.513,48.119],[-90.508,48.12],[-90.505,48.122],[-90.495,48.124],[-90.487,48.125],[-90.482,48.126],[-90.471,48.13],[-90.471,48.133],[-90.475,48.134],[-90.479,48.132],[-90.482,48.131],[-90.489,48.133],[-90.494,48.13],[-90.493,48.133],[-90.502,48.133],[-90.502,48.131],[-90.51,48.13],[-90.517,48.129],[-90.523,48.128],[-90.529,48.128],[-90.542,48.127],[-90.548,48.132],[-90.55,48.131],[-90.55,48.126],[-90.553,48.123],[-90.559,48.124],[-90.561,48.127],[-90.566,48.125],[-90.57,48.122],[-90.576,48.121],[-90.573,48.125],[-90.574,48.126],[-90.579,48.126],[-90.582,48.124],[-90.587,48.123],[-90.591,48.119],[-90.609,48.116],[-90.613,48.113],[-90.62,48.112],[-90.623,48.114],[-90.635,48.113],[-90.644,48.11],[-90.648,48.109],[-90.657,48.107],[-90.661,48.112],[-90.665,48.112],[-90.679,48.109],[-90.686,48.108],[-90.695,48.107],[-90.699,48.106],[-90.707,48.106],[-90.708,48.103],[-90.705,48.1],[-90.71,48.099],[-90.717,48.099],[-90.721,48.103],[-90.725,48.103],[-90.733,48.1],[-90.735,48.101],[-90.749,48.098],[-90.76,48.098],[-90.758,48.102],[-90.75,48.103],[-90.754,48.105],[-90.749,48.107],[-90.747,48.109],[-90.754,48.109],[-90.756,48.108],[-90.765,48.109],[-90.766,48.116],[-90.768,48.117],[-90.773,48.118],[-90.776,48.122],[-90.776,48.125],[-90.78,48.125],[-90.782,48.128],[-90.787,48.128],[-90.789,48.131],[-90.786,48.133],[-90.781,48.132],[-90.78,48.135],[-90.783,48.137],[-90.795,48.136],[-90.795,48.139],[-90.792,48.141],[-90.789,48.144],[-90.785,48.144],[-90.784,48.146],[-90.779,48.145],[-90.778,48.148],[-90.773,48.146],[-90.769,48.146],[-90.766,48.148],[-90.76,48.147],[-90.751,48.147],[-90.751,48.15],[-90.754,48.153],[-90.757,48.152],[-90.762,48.152],[-90.772,48.151],[-90.774,48.149],[-90.778,48.149],[-90.778,48.151],[-90.776,48.16],[-90.776,48.164],[-90.781,48.165],[-90.79,48.161],[-90.794,48.162],[-90.796,48.159],[-90.8,48.163],[-90.801,48.166],[-90.802,48.174],[-90.8,48.175],[-90.8,48.178],[-90.797,48.179],[-90.8,48.185],[-90.803,48.183],[-90.807,48.184],[-90.811,48.18],[-90.817,48.18],[-90.818,48.183],[-90.82,48.185],[-90.827,48.184],[-90.824,48.179],[-90.83,48.176],[-90.835,48.177],[-90.833,48.18],[-90.834,48.183],[-90.833,48.186],[-90.828,48.186],[-90.828,48.188],[-90.832,48.191],[-90.827,48.193],[-90.833,48.194],[-90.83,48.196],[-90.83,48.199],[-90.824,48.201],[-90.818,48.201],[-90.816,48.204],[-90.829,48.202],[-90.831,48.199],[-90.834,48.202],[-90.832,48.203],[-90.826,48.206],[-90.834,48.212],[-90.834,48.216],[-90.836,48.218],[-90.837,48.226],[-90.839,48.228],[-90.838,48.231],[-90.834,48.23],[-90.832,48.228],[-90.828,48.227],[-90.829,48.225],[-90.825,48.224],[-90.828,48.23],[-90.824,48.235],[-90.82,48.234],[-90.82,48.237],[-90.815,48.239],[-90.81,48.242],[-90.804,48.242],[-90.808,48.245],[-90.806,48.248],[-90.803,48.251],[-90.797,48.247],[-90.795,48.245],[-90.79,48.245],[-90.795,48.25],[-90.798,48.25],[-90.8,48.252],[-90.795,48.255],[-90.794,48.26],[-90.789,48.262],[-90.788,48.267],[-90.79,48.269],[-90.794,48.271],[-90.796,48.269],[-90.793,48.267],[-90.795,48.258],[-90.798,48.255],[-90.809,48.25],[-90.811,48.246],[-90.816,48.245],[-90.82,48.248],[-90.825,48.245],[-90.83,48.247],[-90.836,48.247],[-90.843,48.251],[-90.844,48.249],[-90.842,48.248],[-90.835,48.246],[-90.832,48.241],[-90.833,48.239],[-90.838,48.24],[-90.841,48.244],[-90.847,48.247],[-90.851,48.246],[-90.853,48.25],[-90.855,48.251],[-90.859,48.256],[-90.857,48.257],[-90.852,48.258],[-90.848,48.26],[-90.85,48.267],[-90.853,48.269],[-90.855,48.269],[-90.856,48.272],[-90.853,48.273],[-90.847,48.27],[-90.844,48.273],[-90.851,48.275],[-90.849,48.278],[-90.844,48.279],[-90.838,48.278],[-90.837,48.275],[-90.837,48.273],[-90.836,48.271],[-90.838,48.268],[-90.837,48.265],[-90.833,48.265],[-90.83,48.267],[-90.83,48.27],[-90.826,48.271],[-90.833,48.275],[-90.832,48.277],[-90.836,48.28],[-90.837,48.283],[-90.835,48.283],[-90.83,48.282],[-90.829,48.287],[-90.822,48.289],[-90.815,48.289],[-90.811,48.29],[-90.806,48.291],[-90.804,48.292],[-90.8,48.293],[-90.796,48.292],[-90.795,48.29],[-90.812,48.287],[-90.815,48.284],[-90.81,48.282],[-90.801,48.277],[-90.8,48.282],[-90.796,48.283],[-90.788,48.292],[-90.785,48.294],[-90.794,48.295],[-90.801,48.295],[-90.808,48.297],[-90.811,48.297],[-90.821,48.296],[-90.829,48.292],[-90.83,48.289],[-90.835,48.287],[-90.843,48.286],[-90.845,48.291],[-90.852,48.287],[-90.851,48.284],[-90.859,48.281],[-90.864,48.278],[-90.872,48.276],[-90.876,48.276],[-90.875,48.272],[-90.88,48.271],[-90.886,48.268],[-90.889,48.27],[-90.896,48.269],[-90.903,48.266],[-90.911,48.263],[-90.923,48.261],[-90.933,48.256],[-90.939,48.253],[-90.941,48.252],[-90.948,48.247],[-90.95,48.246],[-90.951,48.244],[-90.959,48.239],[-90.965,48.234],[-90.965,48.293],[-90.965,48.366],[-90.965,48.449],[-90.965,48.5],[-90.965,48.577],[-90.965,48.645],[-90.965,48.678],[-90.965,48.686],[-90.965,48.769],[-90.965,48.844],[-90.965,48.896],[-90.965,48.967],[-90.965,49.02],[-90.965,49.032],[-90.964,49.049],[-90.965,49.079],[-90.965,49.166],[-90.966,49.225],[-90.966,49.231],[-90.964,49.269],[-90.961,49.325],[-90.966,49.342],[-90.964,49.368],[-90.966,49.4],[-90.966,49.475],[-90.966,49.541],[-90.966,49.61],[-90.965,49.632],[-90.966,49.689],[-90.966,49.791],[-90.966,49.859],[-90.966,49.867],[-90.967,49.877],[-90.966,49.889],[-90.966,49.996],[-90.171,49.997],[-90.17,50.063],[-90.17,50.166],[-90.169,50.261],[-90.169,50.374],[-90.169,50.437],[-90.169,50.525],[-90.168,50.55],[-90.169,50.602],[-90.168,50.634],[-90.168,50.683],[-90.168,50.788],[-90.168,50.861],[-90.167,50.952],[-90.167,51.028],[-90.167,51.134],[-90.146,51.141],[-90.118,51.138],[-90.104,51.14],[-90.093,51.146],[-90.092,51.148],[-90.088,51.149],[-90.083,51.152],[-90.076,51.15],[-90.07,51.15],[-90.069,51.146],[-90.067,51.144],[-90.075,51.144],[-90.073,51.142],[-90.068,51.14],[-90.067,51.138],[-90.064,51.138],[-90.064,51.135],[-90.054,51.133],[-90.057,51.13],[-90.051,51.13],[-90.047,51.132],[-90.038,51.133],[-90.033,51.136],[-90.028,51.14],[-90.023,51.144],[-90.016,51.146],[-90.013,51.145],[-90.009,51.147],[-89.998,51.146],[-89.991,51.148],[-89.979,51.151],[-89.974,51.156],[-89.976,51.157],[-89.972,51.16],[-89.969,51.164],[-89.969,51.165],[-89.964,51.168],[-89.967,51.169],[-89.973,51.168],[-89.977,51.169],[-89.969,51.174],[-89.967,51.174],[-89.958,51.175],[-89.947,51.175],[-89.942,51.172],[-89.933,51.172],[-89.928,51.169],[-89.918,51.166],[-89.892,51.176],[-89.888,51.179],[-89.884,51.175],[-89.879,51.174],[-89.876,51.177],[-89.871,51.18],[-89.867,51.181],[-89.86,51.181],[-89.852,51.186],[-89.846,51.19],[-89.843,51.191],[-89.84,51.194],[-89.83,51.199],[-89.825,51.199],[-89.817,51.204],[-89.812,51.203],[-89.805,51.205],[-89.801,51.21],[-89.799,51.21],[-89.793,51.213],[-89.794,51.217],[-89.775,51.218],[-89.765,51.217],[-89.759,51.215],[-89.755,51.215],[-89.747,51.214],[-89.741,51.218],[-89.728,51.221],[-89.725,51.22],[-89.719,51.22],[-89.715,51.221],[-89.709,51.224],[-89.707,51.227],[-89.703,51.23],[-89.698,51.23],[-89.682,51.227],[-89.671,51.234],[-89.663,51.234],[-89.655,51.238],[-89.654,51.24],[-89.641,51.245],[-89.635,51.247],[-89.633,51.247],[-89.626,51.251],[-89.62,51.254],[-89.615,51.257],[-89.61,51.257],[-89.601,51.256],[-89.599,51.254],[-89.598,51.251],[-89.593,51.249],[-89.584,51.25],[-89.579,51.252],[-89.579,51.26],[-89.576,51.265],[-89.58,51.272],[-89.58,51.274],[-89.571,51.28],[-89.564,51.281],[-89.558,51.28],[-89.548,51.286],[-89.538,51.292],[-89.529,51.295],[-89.528,51.298],[-89.524,51.3],[-89.516,51.302],[-89.512,51.304],[-89.509,51.869],[-89.509,51.886],[-89.506,52.478],[-89.506,52.495],[-89.533,52.496],[-89.93,52.498],[-90.427,52.499],[-90.464,52.499],[-91,52.497],[-91,52.6],[-91,52.696],[-91,52.795],[-91,52.884],[-91,52.944],[-91,53.02],[-91,53.089],[-91,53.154],[-91,53.216],[-91,53.29],[-91,53.36],[-91,53.428],[-91,53.5],[-91,53.572],[-91,53.643],[-91,53.75],[-91,53.834],[-90.891,53.832],[-90.875,53.832],[-90.875,53.835],[-90.879,53.835],[-90.883,53.838],[-90.875,53.839],[-90.873,53.842],[-90.868,53.844],[-90.864,53.849],[-90.866,53.853],[-90.862,53.853],[-90.862,53.856],[-90.859,53.858],[-90.856,53.858],[-90.852,53.856],[-90.845,53.86],[-90.837,53.862],[-90.838,53.864],[-90.833,53.866],[-90.836,53.869],[-90.842,53.869],[-90.843,53.871],[-90.841,53.874],[-90.844,53.876],[-90.842,53.88],[-90.837,53.883],[-90.846,53.885],[-90.844,53.891],[-90.85,53.895],[-90.852,53.897],[-90.842,53.905],[-90.834,53.908],[-90.835,53.926],[-90.839,53.93],[-90.837,53.946],[-90.848,53.943],[-91,53.944],[-91,54.028],[-91,54.111],[-91,54.189],[-91,54.268],[-91,54.287],[-91,54.293],[-91,54.404],[-91,54.48],[-91,54.531],[-91,54.631],[-91,54.737],[-91,54.828],[-91,54.906],[-91,55],[-91,55.11],[-91,55.182],[-91,55.25],[-91,55.335],[-91,55.428],[-91,55.495],[-91,55.591],[-90.849,55.69],[-90.802,55.72],[-90.704,55.784],[-90.628,55.832],[-90.553,55.88],[-90.433,55.957],[-90.311,56.034],[-90.232,56.084],[-90.153,56.134],[-90.076,56.182],[-89.967,56.25],[-89.868,56.312],[-89.809,56.348],[-89.644,56.45],[-89.562,56.5],[-89.458,56.564],[-89.306,56.656],[-89.232,56.7],[-89.149,56.75],[-88.98,56.851],[-88.971,56.851],[-88.947,56.848],[-88.93,56.848],[-88.919,56.848],[-88.911,56.85],[-88.909,56.849],[-88.901,56.852],[-88.895,56.854],[-88.894,56.86],[-88.889,56.862],[-88.881,56.861],[-88.878,56.861],[-88.871,56.857],[-88.873,56.856],[-88.864,56.853],[-88.862,56.848],[-88.858,56.848],[-88.854,56.841],[-88.858,56.839],[-88.857,56.835],[-88.859,56.833],[-88.858,56.831],[-88.859,56.828],[-88.854,56.826],[-88.847,56.827],[-88.841,56.828],[-88.842,56.83],[-88.84,56.833],[-88.852,56.836],[-88.85,56.838],[-88.844,56.838],[-88.833,56.839],[-88.832,56.842],[-88.84,56.843],[-88.844,56.843],[-88.847,56.845],[-88.841,56.846],[-88.82,56.84],[-88.813,56.837],[-88.804,56.832],[-88.801,56.827],[-88.801,56.824],[-88.805,56.825],[-88.807,56.83],[-88.81,56.834],[-88.817,56.838],[-88.812,56.828],[-88.808,56.819],[-88.81,56.817],[-88.818,56.816],[-88.82,56.81],[-88.824,56.81],[-88.823,56.807],[-88.818,56.807],[-88.813,56.801],[-88.819,56.802],[-88.817,56.799],[-88.821,56.797],[-88.814,56.794],[-88.803,56.794],[-88.803,56.79],[-88.798,56.789],[-88.794,56.787],[-88.789,56.788],[-88.78,56.782],[-88.78,56.78],[-88.773,56.777],[-88.769,56.778],[-88.766,56.776],[-88.749,56.77],[-88.742,56.769],[-88.737,56.766],[-88.726,56.763],[-88.711,56.757],[-88.704,56.756],[-88.698,56.753],[-88.699,56.752],[-88.69,56.75],[-88.694,56.747],[-88.69,56.745],[-88.688,56.742],[-88.686,56.741],[-88.686,56.738],[-88.683,56.731],[-88.679,56.729],[-88.675,56.722],[-88.677,56.72],[-88.675,56.709],[-88.667,56.705],[-88.669,56.702],[-88.662,56.698],[-88.657,56.695],[-88.643,56.688],[-88.639,56.686],[-88.635,56.686],[-88.629,56.684],[-88.624,56.685],[-88.619,56.683],[-88.619,56.682],[-88.613,56.681],[-88.597,56.674],[-88.585,56.672],[-88.58,56.67],[-88.565,56.665],[-88.559,56.663],[-88.561,56.661],[-88.549,56.66],[-88.547,56.66],[-88.538,56.659],[-88.53,56.654],[-88.525,56.653],[-88.526,56.658],[-88.515,56.658],[-88.508,56.657],[-88.503,56.653],[-88.495,56.65],[-88.485,56.643],[-88.474,56.633],[-88.455,56.62],[-88.443,56.613],[-88.444,56.609],[-88.428,56.601],[-88.425,56.601],[-88.413,56.597],[-88.404,56.595],[-88.396,56.592],[-88.396,56.589],[-88.391,56.587],[-88.389,56.585],[-88.382,56.58],[-88.375,56.579],[-88.372,56.576],[-88.356,56.566],[-88.352,56.567],[-88.344,56.564],[-88.333,56.561],[-88.318,56.555],[-88.29,56.546],[-88.288,56.543],[-88.277,56.538],[-88.262,56.534],[-88.258,56.531],[-88.255,56.532],[-88.244,56.53],[-88.238,56.53],[-88.234,56.528],[-88.227,56.525],[-88.217,56.522],[-88.206,56.518],[-88.192,56.515],[-88.179,56.512],[-88.171,56.508],[-88.161,56.509],[-88.153,56.508],[-88.145,56.505],[-88.145,56.5],[-88.14,56.5],[-88.137,56.502],[-88.139,56.504],[-88.134,56.508],[-88.129,56.51],[-88.127,56.509],[-88.114,56.506],[-88.101,56.502],[-88.096,56.5],[-88.088,56.499],[-88.074,56.496],[-88.042,56.488],[-88.034,56.487],[-88.024,56.482],[-88.013,56.479],[-88.001,56.476],[-87.994,56.475],[-87.984,56.475],[-87.979,56.473],[-87.97,56.467],[-87.967,56.463],[-87.962,56.46],[-87.959,56.455],[-87.952,56.446],[-87.947,56.438],[-87.945,56.433],[-87.94,56.419],[-87.941,56.414],[-87.932,56.405],[-87.932,56.402],[-87.927,56.398],[-87.924,56.392],[-87.919,56.389],[-87.906,56.382],[-87.898,56.379],[-87.888,56.371],[-87.879,56.366],[-87.87,56.361],[-87.863,56.357],[-87.843,56.347],[-87.838,56.344],[-87.832,56.342],[-87.828,56.335],[-87.836,56.335],[-87.834,56.333],[-87.835,56.33],[-87.829,56.323],[-87.823,56.322],[-87.822,56.319],[-87.814,56.317],[-87.804,56.311],[-87.803,56.304],[-87.798,56.301],[-87.796,56.297],[-87.793,56.294],[-87.791,56.291],[-87.795,56.29],[-87.786,56.278],[-87.784,56.282],[-87.781,56.282],[-87.773,56.271],[-87.777,56.27],[-87.777,56.267],[-87.772,56.264],[-87.77,56.262],[-87.753,56.25],[-87.747,56.245],[-87.742,56.243],[-87.735,56.236],[-87.732,56.236],[-87.727,56.232],[-87.723,56.227],[-87.713,56.215],[-87.717,56.213],[-87.716,56.205],[-87.714,56.2],[-87.713,56.193],[-87.709,56.19],[-87.706,56.185],[-87.692,56.169],[-87.689,56.168],[-87.683,56.161],[-87.672,56.15],[-87.672,56.148],[-87.668,56.145],[-87.665,56.141],[-87.666,56.139],[-87.657,56.132],[-87.654,56.128],[-87.643,56.119],[-87.637,56.112],[-87.636,56.107],[-87.637,56.106],[-87.642,56.109],[-87.649,56.109],[-87.657,56.107],[-87.651,56.104],[-87.639,56.103],[-87.634,56.101],[-87.629,56.097],[-87.619,56.095],[-87.615,56.091],[-87.601,56.086],[-87.596,56.083],[-87.593,56.083],[-87.579,56.076],[-87.573,56.073],[-87.568,56.069],[-87.568,56.067],[-87.572,56.065],[-87.585,56.059],[-87.592,56.058],[-87.581,56.052],[-87.576,56.052],[-87.561,56.056],[-87.553,56.058],[-87.547,56.058],[-87.538,56.059],[-87.525,56.06],[-87.516,56.056],[-87.508,56.054],[-87.503,56.052],[-87.499,56.052],[-87.484,56.05],[-87.477,56.05],[-87.472,56.049],[-87.469,56.044],[-87.469,56.041],[-87.463,56.035],[-87.464,56.031],[-87.467,56.027],[-87.475,56.024],[-87.492,56.022],[-87.5,56.021],[-87.5,56.018],[-87.481,56.018],[-87.468,56.015],[-87.452,56.008],[-87.445,56.006],[-87.437,56.003],[-87.428,56.002],[-87.425,56],[-87.413,56],[-87.39,55.995],[-87.387,55.995],[-87.373,55.99],[-87.369,55.984],[-87.364,55.981],[-87.364,55.979],[-87.358,55.976],[-87.358,55.967],[-87.361,55.962],[-87.363,55.959],[-87.361,55.956],[-87.359,55.956],[-87.359,55.959],[-87.355,55.961],[-87.347,55.964],[-87.345,55.967],[-87.337,55.966],[-87.326,55.966],[-87.315,55.963],[-87.312,55.96],[-87.304,55.959],[-87.284,55.953],[-87.273,55.949],[-87.262,55.947],[-87.251,55.942],[-87.239,55.941],[-87.237,55.942],[-87.226,55.94],[-87.221,55.941],[-87.217,55.935],[-87.213,55.933],[-87.193,55.934],[-87.187,55.937],[-87.175,55.937],[-87.167,55.936],[-87.144,55.934],[-87.134,55.932],[-87.133,55.93],[-87.122,55.93],[-87.114,55.929],[-87.113,55.928],[-87.108,55.927],[-87.084,55.925],[-87.081,55.925],[-87.069,55.925],[-87.069,55.922],[-87.062,55.922],[-87.057,55.923],[-87.052,55.921],[-87.044,55.924],[-87.037,55.924],[-87.03,55.922],[-87.033,55.92],[-87.029,55.917],[-87.023,55.916],[-87.015,55.917],[-87.008,55.917],[-87.003,55.919],[-86.998,55.918]]]]}},{"type":"Feature","properties":{"HR_UID":"3563","ENGNAME":"Timiskaming Health Unit"},"geometry":{"type":"Polygon","coordinates":[[[-79.41,47.06],[-79.52,47.06],[-79.537,47.059],[-79.601,47.059],[-79.632,47.058],[-79.631,47.045],[-79.631,47.018],[-79.632,46.972],[-79.63,46.932],[-79.629,46.877],[-79.628,46.859],[-79.628,46.847],[-79.628,46.845],[-79.626,46.799],[-79.697,46.799],[-79.757,46.799],[-79.757,46.776],[-79.758,46.75],[-79.759,46.711],[-79.788,46.711],[-79.877,46.711],[-79.885,46.712],[-79.885,46.731],[-79.884,46.733],[-79.884,46.758],[-79.884,46.782],[-79.884,46.799],[-80.046,46.799],[-80.085,46.8],[-80.094,46.799],[-80.227,46.799],[-80.225,46.901],[-80.224,46.972],[-80.265,46.972],[-80.291,46.972],[-80.291,46.994],[-80.289,47.056],[-80.274,47.056],[-80.272,47.157],[-80.27,47.235],[-80.27,47.256],[-80.272,47.308],[-80.272,47.32],[-80.317,47.32],[-80.398,47.32],[-80.466,47.32],[-80.471,47.321],[-80.533,47.321],[-80.624,47.322],[-80.715,47.322],[-80.761,47.322],[-80.898,47.322],[-80.941,47.322],[-81.03,47.322],[-81.073,47.322],[-81.074,47.396],[-81.074,47.49],[-81.074,47.513],[-81.074,47.535],[-81.074,47.568],[-81.074,47.642],[-81.074,47.659],[-81.073,47.684],[-81.073,47.708],[-81.074,47.766],[-81.074,47.842],[-81.073,47.928],[-81.073,47.989],[-81.073,48.02],[-81.074,48.026],[-81.073,48.028],[-81.074,48.084],[-81.074,48.103],[-81.073,48.104],[-81.075,48.216],[-81.075,48.278],[-80.972,48.278],[-80.913,48.278],[-80.85,48.278],[-80.813,48.277],[-80.802,48.277],[-80.746,48.276],[-80.737,48.277],[-80.573,48.277],[-80.567,48.277],[-80.547,48.277],[-80.543,48.277],[-80.405,48.277],[-80.405,48.276],[-80.331,48.277],[-80.276,48.277],[-80.256,48.277],[-80.234,48.276],[-80.21,48.276],[-80.147,48.276],[-80.042,48.276],[-79.991,48.276],[-79.909,48.275],[-79.871,48.276],[-79.846,48.276],[-79.825,48.276],[-79.758,48.276],[-79.758,48.275],[-79.708,48.276],[-79.7,48.275],[-79.671,48.276],[-79.641,48.276],[-79.574,48.276],[-79.518,48.276],[-79.517,48.222],[-79.518,48.188],[-79.517,48.168],[-79.518,48.147],[-79.517,48.143],[-79.518,48.124],[-79.518,48.058],[-79.517,47.996],[-79.517,47.908],[-79.518,47.892],[-79.518,47.802],[-79.518,47.741],[-79.518,47.738],[-79.518,47.668],[-79.518,47.61],[-79.517,47.596],[-79.518,47.581],[-79.518,47.558],[-79.51,47.544],[-79.512,47.538],[-79.517,47.533],[-79.527,47.528],[-79.547,47.518],[-79.553,47.511],[-79.556,47.504],[-79.556,47.491],[-79.558,47.484],[-79.561,47.478],[-79.569,47.467],[-79.579,47.458],[-79.585,47.451],[-79.586,47.446],[-79.587,47.433],[-79.584,47.423],[-79.581,47.415],[-79.577,47.409],[-79.567,47.399],[-79.548,47.376],[-79.54,47.366],[-79.532,47.359],[-79.524,47.352],[-79.514,47.343],[-79.502,47.328],[-79.493,47.32],[-79.488,47.317],[-79.483,47.311],[-79.478,47.298],[-79.474,47.295],[-79.466,47.289],[-79.453,47.279],[-79.45,47.277],[-79.444,47.271],[-79.439,47.264],[-79.436,47.261],[-79.427,47.25],[-79.426,47.246],[-79.427,47.237],[-79.434,47.227],[-79.437,47.219],[-79.438,47.212],[-79.435,47.204],[-79.432,47.191],[-79.432,47.18],[-79.434,47.174],[-79.437,47.165],[-79.441,47.15],[-79.442,47.139],[-79.443,47.107],[-79.443,47.101],[-79.44,47.094],[-79.435,47.084],[-79.421,47.07],[-79.41,47.06]]]}},{"type":"Feature","properties":{"HR_UID":"3595","ENGNAME":"Toronto Public Health"},"geometry":{"type":"MultiPolygon","coordinates":[[[[-79.352,43.633],[-79.35,43.63],[-79.354,43.63],[-79.358,43.625],[-79.367,43.619],[-79.383,43.612],[-79.389,43.612],[-79.392,43.615],[-79.392,43.617],[-79.395,43.62],[-79.401,43.626],[-79.405,43.628],[-79.395,43.634],[-79.39,43.63],[-79.389,43.624],[-79.39,43.622],[-79.39,43.618],[-79.385,43.614],[-79.385,43.616],[-79.389,43.617],[-79.389,43.621],[-79.384,43.618],[-79.381,43.619],[-79.379,43.617],[-79.371,43.621],[-79.366,43.621],[-79.36,43.625],[-79.356,43.629],[-79.357,43.633],[-79.352,43.633]]],[[[-79.115,43.795],[-79.12,43.791],[-79.128,43.781],[-79.138,43.771],[-79.147,43.765],[-79.153,43.759],[-79.158,43.759],[-79.167,43.757],[-79.179,43.752],[-79.189,43.747],[-79.196,43.741],[-79.197,43.739],[-79.202,43.736],[-79.205,43.735],[-79.212,43.729],[-79.219,43.722],[-79.222,43.72],[-79.227,43.712],[-79.23,43.713],[-79.233,43.709],[-79.232,43.705],[-79.237,43.705],[-79.243,43.702],[-79.244,43.7],[-79.256,43.695],[-79.264,43.687],[-79.268,43.683],[-79.278,43.672],[-79.28,43.671],[-79.294,43.667],[-79.298,43.665],[-79.304,43.664],[-79.307,43.661],[-79.308,43.658],[-79.313,43.658],[-79.318,43.654],[-79.32,43.649],[-79.32,43.646],[-79.321,43.643],[-79.323,43.633],[-79.327,43.63],[-79.333,43.632],[-79.329,43.633],[-79.327,43.632],[-79.323,43.639],[-79.322,43.645],[-79.324,43.645],[-79.328,43.648],[-79.33,43.647],[-79.337,43.641],[-79.341,43.639],[-79.348,43.634],[-79.351,43.635],[-79.353,43.638],[-79.333,43.65],[-79.33,43.652],[-79.331,43.654],[-79.335,43.652],[-79.334,43.651],[-79.354,43.639],[-79.358,43.644],[-79.354,43.646],[-79.355,43.648],[-79.359,43.646],[-79.38,43.638],[-79.397,43.636],[-79.395,43.635],[-79.4,43.633],[-79.402,43.634],[-79.409,43.633],[-79.411,43.627],[-79.415,43.63],[-79.426,43.63],[-79.434,43.631],[-79.448,43.637],[-79.455,43.637],[-79.46,43.637],[-79.468,43.634],[-79.475,43.629],[-79.477,43.625],[-79.474,43.623],[-79.471,43.625],[-79.469,43.623],[-79.473,43.622],[-79.479,43.617],[-79.482,43.619],[-79.484,43.618],[-79.487,43.613],[-79.487,43.608],[-79.492,43.603],[-79.496,43.602],[-79.501,43.595],[-79.511,43.594],[-79.513,43.591],[-79.519,43.591],[-79.528,43.59],[-79.53,43.588],[-79.537,43.588],[-79.542,43.584],[-79.543,43.581],[-79.544,43.585],[-79.548,43.587],[-79.546,43.589],[-79.549,43.591],[-79.549,43.595],[-79.553,43.595],[-79.554,43.598],[-79.556,43.6],[-79.556,43.602],[-79.563,43.607],[-79.565,43.607],[-79.567,43.61],[-79.564,43.612],[-79.568,43.614],[-79.567,43.618],[-79.567,43.621],[-79.564,43.625],[-79.564,43.628],[-79.567,43.628],[-79.575,43.625],[-79.585,43.629],[-79.586,43.636],[-79.585,43.637],[-79.588,43.642],[-79.593,43.645],[-79.596,43.643],[-79.608,43.645],[-79.609,43.646],[-79.589,43.665],[-79.6,43.684],[-79.606,43.696],[-79.614,43.708],[-79.626,43.729],[-79.637,43.746],[-79.639,43.75],[-79.564,43.767],[-79.523,43.775],[-79.47,43.787],[-79.463,43.789],[-79.42,43.798],[-79.372,43.808],[-79.277,43.831],[-79.23,43.842],[-79.204,43.847],[-79.17,43.855],[-79.16,43.834],[-79.152,43.815],[-79.146,43.81],[-79.142,43.809],[-79.138,43.808],[-79.134,43.807],[-79.134,43.801],[-79.131,43.802],[-79.124,43.799],[-79.12,43.796],[-79.115,43.795]]]]}},{"type":"Feature","properties":{"HR_UID":"3566","ENGNAME":"Wellington-Dufferin-Guelph Public Health"},"geometry":{"type":"Polygon","coordinates":[[[-79.951,43.951],[-79.984,43.945],[-79.999,43.941],[-80.032,43.934],[-80.07,43.925],[-80.071,43.924],[-80.066,43.92],[-80.071,43.915],[-80.075,43.918],[-80.083,43.922],[-80.087,43.917],[-80.083,43.915],[-80.093,43.905],[-80.097,43.908],[-80.137,43.872],[-80.144,43.865],[-80.06,43.803],[-79.969,43.734],[-80.019,43.689],[-80.044,43.667],[-80.086,43.629],[-80.096,43.619],[-80.134,43.585],[-80.129,43.582],[-80.145,43.567],[-80.15,43.571],[-80.16,43.561],[-80.148,43.552],[-80.08,43.504],[-80.069,43.495],[-80.034,43.471],[-80.059,43.453],[-80.084,43.435],[-80.079,43.418],[-80.107,43.414],[-80.153,43.406],[-80.205,43.398],[-80.267,43.387],[-80.27,43.387],[-80.292,43.443],[-80.296,43.451],[-80.298,43.454],[-80.304,43.468],[-80.306,43.472],[-80.318,43.483],[-80.326,43.49],[-80.352,43.513],[-80.368,43.527],[-80.374,43.533],[-80.373,43.535],[-80.37,43.551],[-80.368,43.569],[-80.383,43.564],[-80.398,43.574],[-80.41,43.583],[-80.42,43.59],[-80.48,43.634],[-80.489,43.641],[-80.511,43.656],[-80.518,43.661],[-80.522,43.664],[-80.539,43.676],[-80.558,43.69],[-80.595,43.662],[-80.596,43.661],[-80.6,43.636],[-80.604,43.616],[-80.608,43.589],[-80.635,43.6],[-80.695,43.624],[-80.735,43.64],[-80.755,43.648],[-80.815,43.674],[-80.822,43.677],[-80.874,43.699],[-80.865,43.709],[-80.84,43.741],[-80.824,43.762],[-80.815,43.773],[-80.783,43.815],[-80.761,43.844],[-80.763,43.844],[-80.797,43.84],[-80.83,43.836],[-80.839,43.825],[-80.845,43.827],[-80.847,43.823],[-80.849,43.823],[-80.853,43.824],[-80.855,43.827],[-80.852,43.83],[-80.859,43.833],[-80.903,43.828],[-80.954,43.822],[-80.958,43.84],[-80.966,43.877],[-80.971,43.895],[-80.974,43.909],[-80.981,43.942],[-80.991,43.983],[-80.992,43.986],[-80.873,44],[-80.836,44.005],[-80.827,43.968],[-80.809,43.97],[-80.782,43.973],[-80.754,43.977],[-80.751,43.979],[-80.755,43.982],[-80.746,43.989],[-80.75,43.991],[-80.756,43.995],[-80.748,44.001],[-80.747,44.002],[-80.74,43.997],[-80.733,43.993],[-80.726,43.999],[-80.722,43.986],[-80.716,43.981],[-80.678,43.986],[-80.626,43.992],[-80.574,43.998],[-80.569,43.998],[-80.513,44.01],[-80.495,44.014],[-80.438,44.026],[-80.395,44.035],[-80.375,44.039],[-80.388,44.093],[-80.392,44.111],[-80.395,44.122],[-80.398,44.135],[-80.38,44.15],[-80.361,44.167],[-80.405,44.193],[-80.41,44.195],[-80.418,44.198],[-80.423,44.2],[-80.408,44.213],[-80.411,44.215],[-80.377,44.222],[-80.329,44.232],[-80.281,44.242],[-80.254,44.248],[-80.229,44.253],[-80.163,44.267],[-80.145,44.271],[-80.116,44.277],[-80.099,44.281],[-80.05,44.291],[-80.034,44.295],[-80.028,44.271],[-80.023,44.25],[-80.01,44.197],[-80.001,44.16],[-79.993,44.124],[-79.994,44.123],[-79.985,44.086],[-79.978,44.059],[-79.971,44.031],[-79.965,44.005],[-79.951,43.951]]]}},{"type":"Feature","properties":{"HR_UID":"3568","ENGNAME":"Windsor-Essex County Health Unit"},"geometry":{"type":"MultiPolygon","coordinates":[[[[-82.639,41.832],[-82.634,41.824],[-82.633,41.816],[-82.631,41.806],[-82.626,41.798],[-82.629,41.795],[-82.631,41.792],[-82.631,41.78],[-82.628,41.768],[-82.625,41.763],[-82.623,41.757],[-82.621,41.754],[-82.621,41.751],[-82.623,41.749],[-82.631,41.746],[-82.638,41.743],[-82.646,41.743],[-82.65,41.746],[-82.659,41.743],[-82.664,41.739],[-82.664,41.737],[-82.669,41.733],[-82.671,41.728],[-82.674,41.729],[-82.675,41.733],[-82.679,41.737],[-82.681,41.737],[-82.686,41.745],[-82.689,41.756],[-82.689,41.77],[-82.688,41.782],[-82.687,41.786],[-82.685,41.804],[-82.685,41.811],[-82.688,41.813],[-82.686,41.816],[-82.682,41.816],[-82.678,41.812],[-82.673,41.809],[-82.666,41.809],[-82.662,41.811],[-82.654,41.814],[-82.647,41.821],[-82.634,41.822],[-82.639,41.831],[-82.639,41.832]]],[[[-83.116,42.244],[-83.114,42.243],[-83.111,42.238],[-83.113,42.231],[-83.115,42.227],[-83.115,42.218],[-83.114,42.213],[-83.114,42.204],[-83.112,42.198],[-83.113,42.193],[-83.114,42.191],[-83.119,42.193],[-83.122,42.193],[-83.122,42.212],[-83.125,42.217],[-83.124,42.218],[-83.126,42.236],[-83.125,42.239],[-83.123,42.241],[-83.122,42.243],[-83.116,42.244]]],[[[-82.465,42.065],[-82.465,42.064],[-82.465,42.062],[-82.474,42.049],[-82.483,42.039],[-82.486,42.03],[-82.491,42.015],[-82.494,42.007],[-82.495,42.005],[-82.497,41.996],[-82.499,41.987],[-82.501,41.986],[-82.504,41.964],[-82.505,41.942],[-82.505,41.938],[-82.508,41.911],[-82.51,41.912],[-82.511,41.918],[-82.517,41.933],[-82.522,41.945],[-82.527,41.955],[-82.533,41.966],[-82.541,41.977],[-82.552,41.989],[-82.564,42.001],[-82.573,42.009],[-82.586,42.02],[-82.594,42.026],[-82.605,42.03],[-82.614,42.032],[-82.62,42.032],[-82.623,42.03],[-82.632,42.034],[-82.642,42.036],[-82.649,42.036],[-82.652,42.034],[-82.66,42.036],[-82.67,42.037],[-82.679,42.036],[-82.691,42.033],[-82.705,42.032],[-82.718,42.032],[-82.73,42.029],[-82.736,42.025],[-82.742,42.026],[-82.766,42.017],[-82.772,42.014],[-82.779,42.012],[-82.794,42.006],[-82.807,42.001],[-82.816,41.998],[-82.829,41.997],[-82.834,41.996],[-82.847,41.995],[-82.866,41.992],[-82.874,41.992],[-82.881,41.991],[-82.892,41.988],[-82.905,41.984],[-82.918,41.981],[-82.925,41.981],[-82.931,41.984],[-82.937,41.984],[-82.944,41.988],[-82.951,41.99],[-82.969,42.002],[-82.98,42.008],[-83.004,42.02],[-83.012,42.022],[-83.013,42.023],[-83.021,42.025],[-83.036,42.029],[-83.046,42.031],[-83.046,42.033],[-83.041,42.037],[-83.039,42.041],[-83.044,42.043],[-83.045,42.047],[-83.05,42.046],[-83.05,42.051],[-83.055,42.049],[-83.057,42.052],[-83.06,42.053],[-83.061,42.055],[-83.069,42.062],[-83.075,42.064],[-83.081,42.071],[-83.083,42.077],[-83.085,42.076],[-83.083,42.071],[-83.079,42.066],[-83.087,42.067],[-83.093,42.07],[-83.098,42.073],[-83.101,42.075],[-83.103,42.074],[-83.101,42.07],[-83.098,42.071],[-83.092,42.069],[-83.088,42.065],[-83.082,42.066],[-83.079,42.065],[-83.076,42.062],[-83.069,42.059],[-83.068,42.057],[-83.064,42.054],[-83.062,42.051],[-83.061,42.045],[-83.057,42.042],[-83.057,42.04],[-83.062,42.041],[-83.069,42.045],[-83.07,42.047],[-83.079,42.053],[-83.079,42.048],[-83.074,42.046],[-83.072,42.043],[-83.065,42.04],[-83.063,42.037],[-83.067,42.036],[-83.078,42.038],[-83.085,42.041],[-83.096,42.043],[-83.109,42.048],[-83.114,42.052],[-83.116,42.057],[-83.115,42.06],[-83.116,42.066],[-83.117,42.072],[-83.116,42.08],[-83.114,42.084],[-83.111,42.087],[-83.113,42.093],[-83.113,42.1],[-83.115,42.105],[-83.113,42.112],[-83.112,42.115],[-83.112,42.118],[-83.116,42.128],[-83.116,42.138],[-83.113,42.149],[-83.109,42.155],[-83.106,42.158],[-83.106,42.162],[-83.101,42.162],[-83.098,42.165],[-83.096,42.169],[-83.096,42.173],[-83.095,42.174],[-83.087,42.175],[-83.086,42.179],[-83.082,42.18],[-83.078,42.183],[-83.076,42.183],[-83.061,42.191],[-83.057,42.189],[-83.054,42.192],[-83.05,42.188],[-83.051,42.186],[-83.045,42.186],[-83.049,42.19],[-83.053,42.193],[-83.059,42.194],[-83.063,42.191],[-83.075,42.185],[-83.08,42.184],[-83.082,42.182],[-83.098,42.176],[-83.1,42.172],[-83.098,42.169],[-83.102,42.166],[-83.111,42.164],[-83.116,42.165],[-83.112,42.171],[-83.111,42.177],[-83.106,42.182],[-83.102,42.183],[-83.103,42.19],[-83.102,42.193],[-83.101,42.197],[-83.104,42.201],[-83.103,42.203],[-83.105,42.206],[-83.103,42.212],[-83.105,42.214],[-83.104,42.217],[-83.105,42.223],[-83.105,42.233],[-83.107,42.238],[-83.104,42.246],[-83.105,42.247],[-83.106,42.255],[-83.107,42.257],[-83.103,42.266],[-83.101,42.271],[-83.1,42.273],[-83.095,42.284],[-83.09,42.293],[-83.086,42.296],[-83.079,42.305],[-83.075,42.308],[-83.063,42.314],[-83.058,42.316],[-83.041,42.32],[-83.038,42.321],[-83.017,42.326],[-83.008,42.327],[-82.996,42.327],[-82.984,42.328],[-82.982,42.329],[-82.973,42.332],[-82.957,42.333],[-82.954,42.334],[-82.949,42.341],[-82.943,42.342],[-82.94,42.343],[-82.936,42.342],[-82.93,42.339],[-82.921,42.34],[-82.919,42.338],[-82.913,42.337],[-82.902,42.335],[-82.897,42.335],[-82.895,42.333],[-82.89,42.333],[-82.879,42.331],[-82.858,42.324],[-82.849,42.322],[-82.835,42.318],[-82.832,42.317],[-82.81,42.312],[-82.802,42.309],[-82.791,42.306],[-82.777,42.303],[-82.765,42.301],[-82.754,42.299],[-82.725,42.297],[-82.715,42.297],[-82.682,42.298],[-82.665,42.299],[-82.64,42.3],[-82.622,42.302],[-82.62,42.301],[-82.615,42.302],[-82.602,42.306],[-82.581,42.312],[-82.567,42.315],[-82.555,42.315],[-82.548,42.315],[-82.54,42.313],[-82.533,42.311],[-82.515,42.308],[-82.511,42.308],[-82.508,42.307],[-82.5,42.306],[-82.488,42.307],[-82.474,42.308],[-82.463,42.315],[-82.46,42.319],[-82.454,42.319],[-82.449,42.317],[-82.444,42.317],[-82.439,42.318],[-82.437,42.315],[-82.441,42.31],[-82.443,42.307],[-82.443,42.306],[-82.438,42.305],[-82.43,42.299],[-82.43,42.297],[-82.431,42.28],[-82.434,42.279],[-82.434,42.273],[-82.44,42.273],[-82.44,42.269],[-82.448,42.268],[-82.45,42.263],[-82.449,42.261],[-82.45,42.259],[-82.439,42.261],[-82.44,42.25],[-82.437,42.251],[-82.437,42.246],[-82.433,42.247],[-82.435,42.222],[-82.437,42.194],[-82.456,42.194],[-82.457,42.176],[-82.462,42.11],[-82.468,42.106],[-82.469,42.089],[-82.463,42.088],[-82.465,42.065]]]]}},{"type":"Feature","properties":{"HR_UID":"3570","ENGNAME":"York Region Public Health"},"geometry":{"type":"Polygon","coordinates":[[[-79.17,43.855],[-79.204,43.847],[-79.23,43.842],[-79.277,43.831],[-79.372,43.808],[-79.42,43.798],[-79.463,43.789],[-79.47,43.787],[-79.523,43.775],[-79.564,43.767],[-79.639,43.75],[-79.641,43.752],[-79.643,43.758],[-79.672,43.808],[-79.679,43.819],[-79.705,43.864],[-79.713,43.879],[-79.742,43.931],[-79.746,43.938],[-79.756,43.956],[-79.763,43.967],[-79.776,43.99],[-79.753,43.995],[-79.702,44.006],[-79.657,44.016],[-79.655,44.019],[-79.652,44.019],[-79.649,44.018],[-79.646,44.019],[-79.648,44.021],[-79.644,44.023],[-79.641,44.021],[-79.637,44.021],[-79.632,44.025],[-79.629,44.026],[-79.626,44.026],[-79.621,44.028],[-79.618,44.033],[-79.616,44.032],[-79.613,44.033],[-79.612,44.035],[-79.614,44.037],[-79.615,44.041],[-79.614,44.044],[-79.616,44.047],[-79.608,44.048],[-79.606,44.049],[-79.599,44.048],[-79.598,44.05],[-79.593,44.052],[-79.592,44.054],[-79.586,44.056],[-79.585,44.058],[-79.582,44.06],[-79.578,44.061],[-79.572,44.065],[-79.572,44.067],[-79.569,44.068],[-79.568,44.072],[-79.562,44.073],[-79.557,44.076],[-79.557,44.082],[-79.553,44.087],[-79.557,44.087],[-79.556,44.094],[-79.55,44.095],[-79.551,44.098],[-79.548,44.1],[-79.547,44.105],[-79.546,44.117],[-79.544,44.119],[-79.543,44.124],[-79.546,44.126],[-79.544,44.128],[-79.546,44.133],[-79.545,44.137],[-79.543,44.141],[-79.541,44.146],[-79.526,44.154],[-79.526,44.156],[-79.523,44.161],[-79.516,44.166],[-79.516,44.171],[-79.518,44.173],[-79.514,44.176],[-79.517,44.178],[-79.518,44.184],[-79.518,44.186],[-79.515,44.191],[-79.518,44.194],[-79.52,44.196],[-79.519,44.2],[-79.516,44.203],[-79.511,44.213],[-79.512,44.244],[-79.513,44.25],[-79.511,44.27],[-79.512,44.289],[-79.512,44.294],[-79.51,44.307],[-79.51,44.387],[-79.505,44.397],[-79.506,44.41],[-79.509,44.422],[-79.5,44.424],[-79.462,44.429],[-79.409,44.437],[-79.297,44.452],[-79.242,44.46],[-79.243,44.458],[-79.249,44.455],[-79.252,44.452],[-79.25,44.45],[-79.244,44.448],[-79.241,44.45],[-79.238,44.448],[-79.233,44.439],[-79.231,44.432],[-79.203,44.368],[-79.182,44.321],[-79.172,44.299],[-79.164,44.282],[-79.156,44.263],[-79.196,44.254],[-79.228,44.247],[-79.273,44.236],[-79.328,44.223],[-79.307,44.173],[-79.292,44.138],[-79.278,44.107],[-79.262,44.07],[-79.248,44.037],[-79.222,43.978],[-79.214,43.953],[-79.207,43.938],[-79.199,43.92],[-79.183,43.884],[-79.17,43.855]]]}}]}