{
    "bc_percent_fentanyl": {
        "x": [
            "2018",
            "2019",
            "2020",
            "2021",
            "2022",
            "2023",
            "2024"
        ],
        "y": [
            54.31813406177769,
            54.05076142131979,
            33.25471698113208,
            33.40961098398169,
            32.285873192436036,
            34.25032909760095,
            44.082761080888254
        ]
    },
    "bc_percent_benzo": {
        "x": [
            "2018",
            "2019",
            "2020",
            "2021",
            "2022",
            "2023",
            "2024"
        ],
        "y": [
            0.16810254255095608,
            2.964467005076142,
            7.680475799835931,
            12.879187936396175,
            16.907675194660733,
            21.658651908766085,
            26.968697048069206
        ]
    },
    "bc_drugs_by_category": {
        "Unknown": {
            "x": [
                "2018",
                "2019",
                "2020",
                "2021",
                "2022",
                "2023",
                "2024"
            ],
            "y": [
                8.300063038453457,
                6.8629441624365475,
                6.6447908121411,
                9.053570380801503,
                12.979699666295886,
                14.020901055798834,
                12.485507892624632
            ]
        },
        "Stimulant": {
            "x": [
                "2018",
                "2019",
                "2020",
                "2021",
                "2022",
                "2023",
                "2024"
            ],
            "y": [
                17.797856692582474,
                16.6497461928934,
                19.77030352748154,
                19.908466819221967,
                19.066323692992214,
                20.492706122558634,
                20.306786765361633
            ]
        },
        "Opioid": {
            "x": [
                "2018",
                "2019",
                "2020",
                "2021",
                "2022",
                "2023",
                "2024"
            ],
            "y": [
                58.184492540449675,
                59.370558375634516,
                41.88884331419196,
                37.00052807604295,
                31.84788654060067,
                32.356338822770866,
                42.66476411308303
            ]
        },
        "Polysubstance": {
            "x": [
                "2018",
                "2019",
                "2020",
                "2021",
                "2022",
                "2023",
                "2024"
            ],
            "y": [
                0.31519226728304267,
                0.2233502538071066,
                0.17432321575061527,
                0.2170979287684093,
                0.16337597330367076,
                0.15313112860328293,
                0.15160973869615624
            ]
        },
        "Psychedelic": {
            "x": [
                "2018",
                "2019",
                "2020",
                "2021",
                "2022",
                "2023",
                "2024"
            ],
            "y": [
                14.393780205925616,
                13.98984771573604,
                22.621000820344545,
                23.45244381857654,
                29.087875417130142,
                26.51855035864922,
                16.409524658878087
            ]
        },
        "Depressant": {
            "x": [
                "2018",
                "2019",
                "2020",
                "2021",
                "2022",
                "2023",
                "2024"
            ],
            "y": [
                0.7774742592981718,
                2.558375634517766,
                6.490976210008204,
                7.739247785014375,
                5.040322580645161,
                4.919001692501947,
                5.770088290377241
            ]
        },
        "Other": {
            "x": [
                "2018",
                "2019",
                "2020",
                "2021",
                "2022",
                "2023",
                "2024"
            ],
            "y": [
                0.2311409960075646,
                0.34517766497461927,
                2.4097621000820344,
                2.6286451915742535,
                1.8145161290322582,
                1.5393708191172124,
                2.2117185409792204
            ]
        }
    },
    "bc_opioids_by_type": {
        "codeine": {
            "x": [
                "2018",
                "2019",
                "2020",
                "2021",
                "2022",
                "2023",
                "2024"
            ],
            "y": [
                0.2527988443481401,
                0.0,
                0.07343941248470012,
                0.04757373929590866,
                0.07640253219821,
                0.06642311524410495,
                0.1463210702341137
            ]
        },
        "fentanyl": {
            "x": [
                "2018",
                "2019",
                "2020",
                "2021",
                "2022",
                "2023",
                "2024"
            ],
            "y": [
                54.96569158540989,
                56.42954856361149,
                61.32190942472461,
                64.06596891849033,
                72.76795459506657,
                80.39687811358353,
                81.98160535117057
            ]
        },
        "heroin": {
            "x": [
                "2018",
                "2019",
                "2020",
                "2021",
                "2022",
                "2023",
                "2024"
            ],
            "y": [
                17.515348501263993,
                18.638850889192888,
                6.38922888616891,
                5.344116714240406,
                4.234883213272211,
                2.6320159415476585,
                1.9648829431438128
            ]
        },
        "hydrocodone": {
            "x": [
                "2018",
                "2019",
                "2020",
                "2021",
                "2022",
                "2023",
                "2024"
            ],
            "y": [
                0.03611412062116288,
                0.0,
                0.0,
                0.01585791309863622,
                0.0,
                0.0,
                0.0
            ]
        },
        "hydromorphone": {
            "x": [
                "2018",
                "2019",
                "2020",
                "2021",
                "2022",
                "2023",
                "2024"
            ],
            "y": [
                0.0,
                0.06839945280437756,
                0.416156670746634,
                1.9188074849349825,
                1.8336607727570402,
                1.8432414480239123,
                1.4423076923076923
            ]
        },
        "methadone": {
            "x": [
                "2018",
                "2019",
                "2020",
                "2021",
                "2022",
                "2023",
                "2024"
            ],
            "y": [
                0.21668472372697722,
                0.03419972640218878,
                0.09791921664626684,
                0.12686330478908975,
                0.0,
                0.0,
                0.020903010033444816
            ]
        },
        "morphine": {
            "x": [
                "2018",
                "2019",
                "2020",
                "2021",
                "2022",
                "2023",
                "2024"
            ],